"path","categories","direct_inherits","local_functions","review_flags"
"adm/daemons/task/npc/task_carrier.c","quest_review","CLASS_D ( ""generate"" ) + ""/chinese""","create|set_from_me|kill_ob|accept_fight|accept_hit|accept_kill|do_leave|accept_ask|die|unconcious","local_behavior|random|closure|lifecycle_or_spawn"
"adm/daemons/task/npc/zixu.c","npc|quest_review","NPC|F_UNIQUE","create|ask_maze|ask_mirror|unconcious","local_behavior|identity_or_persistence|closure|lifecycle_or_spawn"
"adm/daemons/task/obj/ahjing.c","item|quest_review","ITEM","create|init|do_give|long","local_behavior"
"adm/daemons/task/obj/baobei.c","item|quest_review","ITEM","create|init|do_give|long","local_behavior"
"adm/daemons/task/obj/bianfa.c","item|quest_review","ITEM","create|init|do_give|long","local_behavior"
"adm/daemons/task/obj/btjian.c","item|quest_review","ITEM","create|init|do_give|long","local_behavior"
"adm/daemons/task/obj/buyi.c","item|quest_review","ITEM","create|init|do_give|long","local_behavior"
"adm/daemons/task/obj/canpian.c","item|quest_review","ITEM","create|init|do_give|long","local_behavior"
"adm/daemons/task/obj/cgtu.c","item|quest_review","ITEM","create|init|do_give|long","local_behavior"
"adm/daemons/task/obj/chenfu.c","item|quest_review","ITEM","create|init|do_give|long","local_behavior"
"adm/daemons/task/obj/danyumo.c","item|quest_review","ITEM","create|init|do_give|long","local_behavior"
"adm/daemons/task/obj/daofa.c","item|quest_review","ITEM","create|init|do_give|long","local_behavior"
"adm/daemons/task/obj/ddjing.c","item|quest_review","ITEM","create|init|do_give|long","local_behavior"
"adm/daemons/task/obj/diqi.c","item|quest_review","ITEM","create|init|do_give|long","local_behavior"
"adm/daemons/task/obj/frjz.c","item|quest_review","ITEM","create|init|do_give|long","local_behavior"
"adm/daemons/task/obj/gflp.c","item|quest_review","ITEM","create|init|do_give|long","local_behavior"
"adm/daemons/task/obj/guanyin.c","item|quest_review","ITEM","create|init|do_give|long","local_behavior"
"adm/daemons/task/obj/jgjing.c","item|quest_review","ITEM","create|init|do_give|long","local_behavior"
"adm/daemons/task/obj/jiapu.c","item|quest_review","ITEM","create|init|do_give|long","local_behavior"
"adm/daemons/task/obj/jiaxin.c","item|quest_review","ITEM","create|init|do_give|long","local_behavior"
"adm/daemons/task/obj/jlyy.c","item|quest_review","ITEM","create|init|do_give|long","local_behavior"
"adm/daemons/task/obj/lingpai.c","item|quest_review","ITEM","create|init|do_give|long","local_behavior"
"adm/daemons/task/obj/mujian.c","item|quest_review","ITEM","create|init|do_give|long","local_behavior"
"adm/daemons/task/obj/slling.c","item|quest_review","ITEM","create|init|do_give|long","local_behavior"
"adm/daemons/task/obj/szdao.c","item|quest_review","ITEM","create|init|do_give|long","local_behavior"
"adm/daemons/task/obj/szjing.c","item|quest_review","ITEM","create|init|do_give|long","local_behavior"
"adm/daemons/task/obj/txshan.c","item|quest_review","ITEM","create|init|do_give|long","local_behavior"
"adm/daemons/task/obj/xiaopu.c","item|quest_review","ITEM","create|init|do_give|long","local_behavior"
"adm/daemons/task/obj/xuegui.c","item|quest_review","ITEM","create|init|do_give|long","local_behavior"
"adm/daemons/task/obj/yandai.c","item|quest_review","ITEM","create|init|do_give|long","local_behavior"
"adm/daemons/task/obj/yanzhi.c","item|quest_review","ITEM","create|init|do_give|long","local_behavior"
"adm/daemons/task/obj/zhangben.c","item|quest_review","ITEM","create|init|do_give|long","local_behavior"
"b/tulong/npc/bai.c","npc","NPC","create","closure|lifecycle_or_spawn|source_relative"
"b/tulong/npc/chang.c","npc","NPC","create|accept_ansuan|init|do_get|do_compare|accept_fight|accept_hit|accept_kill","local_behavior|closure|lifecycle_or_spawn|source_relative"
"b/tulong/npc/guo.c","npc","NPC","create|init|accept_fight|accept_hit|accept_kill|accept_ansuan|begin|die|do_get|do_compare","local_behavior|lifecycle_or_spawn"
"b/tulong/npc/huiyue.c","npc","NPC|F_MASTER|F_COAGENT","create","identity_or_persistence|closure|lifecycle_or_spawn|local_include|source_relative"
"b/tulong/npc/jiaozhong1.c","npc","NPC","create","lifecycle_or_spawn|source_relative"
"b/tulong/npc/jiaozhong2.c","npc","NPC","create","lifecycle_or_spawn|source_relative"
"b/tulong/npc/liuyun.c","npc","NPC|F_MASTER|F_GUARDER","create","identity_or_persistence|closure|lifecycle_or_spawn|local_include|source_relative"
"b/tulong/npc/mai.c","npc","NPC","create|accept_fight|accept_hit|accept_kill|accept_ansuan|init|begin|die|unconcious|guo|do_get","local_behavior|random|lifecycle_or_spawn"
"b/tulong/npc/miaofeng.c","npc","NPC|F_MASTER|F_COAGENT","create","identity_or_persistence|closure|lifecycle_or_spawn|local_include|source_relative"
"b/tulong/npc/obj/bosi.c","armor","CLOTH","create","source_relative"
"b/tulong/npc/obj/flag.c","weapon","CLUB","create","source_relative"
"b/tulong/npc/obj/hammer.c","weapon","HAMMER","create","source_relative"
"b/tulong/npc/obj/jiaofu.c","armor","CLOTH","create","source_relative"
"b/tulong/npc/obj/ling.c","weapon","SWORD","create","source_relative"
"b/tulong/npc/yin.c","npc","NPC","create|init|do_touxi|accept_fight|accept_hit|accept_kill|accept_ansuan|receive_damage|receive_wound","local_behavior|random|lifecycle_or_spawn"
"b/tulong/npc/yuan.c","npc","NPC","create|accept_fight|accept_hit|accept_kill|accept_ansuan|init|begin|die|unconcious|do_get","local_behavior|random|lifecycle_or_spawn"
"b/tulong/npc/zhang.c","npc","NPC|F_MASTER","create|accept_fight|accept_hit|accept_kill|accept_ansuan|receive_damage|receive_wound|begin|compare1|compare2|compare3|compare4|compare5|compare6|compare7|shu|end|storm|storm2|storm3|storm4|storm5|storm6|arrive|init|do_get|attempt_apprentice","local_behavior|identity_or_persistence|random|closure|lifecycle_or_spawn"
"b/tulong/obj/ding.c","item","ITEM","create","source_relative"
"b/tulong/obj/stone.c","weapon","HAMMER","create","source_relative"
"b/yitian/npc/18jingang-4bo.c","npc","NPC","create|init","local_behavior|random|closure|lifecycle_or_spawn"
"b/yitian/npc/18jingang-4zhang.c","npc","NPC","create|init","local_behavior|random|closure|lifecycle_or_spawn"
"b/yitian/npc/18jingang-5dao.c","npc","NPC","create|init","local_behavior|random|closure|lifecycle_or_spawn"
"b/yitian/npc/18jingang-5jian.c","npc","NPC","create|init","local_behavior|random|closure|lifecycle_or_spawn"
"b/yitian/npc/ada.c","npc","NPC","create|init|accept_fight|accept_hit|accept_kill|accept_ansuan|begin|unconcious","local_behavior|closure|lifecycle_or_spawn"
"b/yitian/npc/ada2.c","npc","NPC","create","closure|lifecycle_or_spawn|source_relative"
"b/yitian/npc/aer.c","npc","NPC|F_MASTER","create|init|accept_fight|accept_hit|accept_kill|accept_ansuan|begin|die","local_behavior|identity_or_persistence|closure|lifecycle_or_spawn"
"b/yitian/npc/asan.c","npc","NPC|F_MASTER","create|init|accept_fight|accept_hit|accept_kill|accept_ansuan|begin|die","local_behavior|identity_or_persistence|closure|lifecycle_or_spawn"
"b/yitian/npc/bing1.c","npc","NPC","create|init|accept_fight","local_behavior|lifecycle_or_spawn|source_relative"
"b/yitian/npc/bing2.c","npc","NPC","create|init|accept_fight","local_behavior|lifecycle_or_spawn|source_relative"
"b/yitian/npc/he.c","npc","NPC|F_MASTER","create|init|accept_fight|accept_hit|accept_kill|accept_ansuan|begin|die","local_behavior|identity_or_persistence|closure|lifecycle_or_spawn"
"b/yitian/npc/hebiweng.c","npc","NPC","create","closure|lifecycle_or_spawn"
"b/yitian/npc/li4.c","npc","NPC|F_UNIQUE","create","identity_or_persistence|random|closure|lifecycle_or_spawn"
"b/yitian/npc/luzhangke.c","npc","NPC","create","closure|lifecycle_or_spawn"
"b/yitian/npc/obj/jian.c","weapon","SWORD","create","source_relative"
"b/yitian/npc/obj/spear.c","weapon","CLUB","create","source_relative"
"b/yitian/npc/obj/tiezhang.c","weapon","STAFF","create","source_relative"
"b/yitian/npc/obj/tongbo.c","weapon","HAMMER","create","source_relative"
"b/yitian/npc/qian2.c","npc","NPC|F_UNIQUE","create","identity_or_persistence|closure|lifecycle_or_spawn"
"b/yitian/npc/sun3.c","npc","NPC|F_UNIQUE","create","identity_or_persistence|random|closure|lifecycle_or_spawn"
"b/yitian/npc/wang8.c","npc","NPC|F_UNIQUE","create","identity_or_persistence|random|closure|lifecycle_or_spawn"
"b/yitian/npc/wu6.c","npc","NPC|F_UNIQUE","create","identity_or_persistence|random|closure|lifecycle_or_spawn"
"b/yitian/npc/zhao.c","npc","NPC|F_UNIQUE","create|init|do_yun|do_get|accept_fight|accept_hit|accept_kill|accept_ansuan|receive_damage|receive_wound|greeting","local_behavior|identity_or_persistence|random|closure|lifecycle_or_spawn"
"b/yitian/npc/zhao1.c","npc","NPC|F_UNIQUE","create","identity_or_persistence|closure|lifecycle_or_spawn"
"b/yitian/npc/zhaomin2.c","npc","NPC","create|fight_ob|accept_fight|accept_kill|accept_hit|accept_touxi|unconcious|die","local_behavior|lifecycle_or_spawn"
"b/yitian/npc/zheng7.c","npc","NPC|F_UNIQUE","create","identity_or_persistence|random|closure|lifecycle_or_spawn"
"b/yitian/npc/zhou5.c","npc","NPC|F_UNIQUE","create","identity_or_persistence|random|closure|lifecycle_or_spawn"
"b/yitian/obj/shelf.c","item","ITEM","create","source_relative"
"clone/beast/caihuashe.c","animal","SNAKE","create","create_only_review"
"clone/beast/dushe.c","animal","SNAKE","create","create_only_review"
"clone/beast/fushe.c","animal","SNAKE","create","create_only_review"
"clone/beast/jinshe.c","animal","SNAKE","create","create_only_review"
"clone/beast/jinshewang.c","animal","SNAKE","create|unconcious","local_behavior"
"clone/beast/mangshe.c","animal","SNAKE","create","create_only_review"
"clone/beast/qingshe.c","animal","SNAKE","create","create_only_review"
"clone/beast/wangshe.c","animal","SNAKE","create","create_only_review"
"clone/beast/wubushe.c","animal","SNAKE","create","create_only_review"
"clone/beast/xuanmang.c","animal","SNAKE","create|unconcious","local_behavior"
"clone/beast/yanjingshe.c","animal","SNAKE","create","create_only_review"
"clone/board/baituo_b.c","board","BULLETIN_BOARD","create","create_only_review"
"clone/board/bonze_b.c","board","BULLETIN_BOARD","create","create_only_review"
"clone/board/bug_b.c","board","BULLETIN_BOARD","create","create_only_review"
"clone/board/chatroom_b.c","board","BULLETIN_BOARD","create|set_from_me|do_discard","local_behavior"
"clone/board/dali_b.c","board","BULLETIN_BOARD","create","create_only_review"
"clone/board/develop_b.c","board","BULLETIN_BOARD","create","create_only_review"
"clone/board/emei_b.c","board","BULLETIN_BOARD","create","create_only_review"
"clone/board/gaibang_b.c","board","BULLETIN_BOARD","create","create_only_review"
"clone/board/gaibang_r.c","board","BULLETIN_BOARD","create","create_only_review"
"clone/board/guiyun_b.c","board","BULLETIN_BOARD","create","create_only_review"
"clone/board/gumu_b.c","board","BULLETIN_BOARD","create","create_only_review"
"clone/board/hengshan_b.c","board","BULLETIN_BOARD","create","create_only_review"
"clone/board/henshan_b.c","board","BULLETIN_BOARD","create","create_only_review"
"clone/board/heroplayer_b.c","board","BULLETIN_BOARD","create","create_only_review"
"clone/board/honghua_b.c","board","BULLETIN_BOARD","create","create_only_review"
"clone/board/hu_b.c","board","BULLETIN_BOARD","create","create_only_review"
"clone/board/huashan_b.c","board","BULLETIN_BOARD","create","create_only_review"
"clone/board/jianzong_b.c","board","BULLETIN_BOARD","create","create_only_review"
"clone/board/kedian2_b.c","board","BULLETIN_BOARD","create","create_only_review"
"clone/board/kedian3_b.c","board","BULLETIN_BOARD","create","create_only_review"
"clone/board/kedian4_b.c","board","BULLETIN_BOARD","create","create_only_review"
"clone/board/kedian5_b.c","board","BULLETIN_BOARD","create","create_only_review"
"clone/board/kedian6_b.c","board","BULLETIN_BOARD","create","create_only_review"
"clone/board/kedian7_b.c","board","BULLETIN_BOARD","create","create_only_review"
"clone/board/kedian_b.c","board","BULLETIN_BOARD","create","create_only_review"
"clone/board/kunlun_b.c","board","BULLETIN_BOARD","create","create_only_review"
"clone/board/lingjiu_b.c","board","BULLETIN_BOARD","create","create_only_review"
"clone/board/lingxiao_b.c","board","BULLETIN_BOARD","create","create_only_review"
"clone/board/meizhuang_b.c","board","BULLETIN_BOARD","create","create_only_review"
"clone/board/miao_b.c","board","BULLETIN_BOARD","create","create_only_review"
"clone/board/mingjiao_b.c","board","BULLETIN_BOARD","create","create_only_review"
"clone/board/mudren_b.c","board","BULLETIN_BOARD","create","create_only_review"
"clone/board/murong_b.c","board","BULLETIN_BOARD","create","create_only_review"
"clone/board/noname_b.c","board","BULLETIN_BOARD","create","create_only_review"
"clone/board/player_b.c","board","BULLETIN_BOARD","create","create_only_review"
"clone/board/qingcheng_b.c","board","BULLETIN_BOARD","create","create_only_review"
"clone/board/quanzhen_b.c","board","BULLETIN_BOARD","create","create_only_review"
"clone/board/riyue_b.c","board","BULLETIN_BOARD","create","create_only_review"
"clone/board/shang_b.c","board","BULLETIN_BOARD","create","create_only_review"
"clone/board/shaolin_b.c","board","BULLETIN_BOARD","create","create_only_review"
"clone/board/shenlong_b.c","board","BULLETIN_BOARD","create","create_only_review"
"clone/board/shuyuan_b.c","board","BULLETIN_BOARD","create","create_only_review"
"clone/board/songshan_b.c","board","BULLETIN_BOARD","create","create_only_review"
"clone/board/taishan_b.c","board","BULLETIN_BOARD","create","create_only_review"
"clone/board/taohua_b.c","board","BULLETIN_BOARD","create","create_only_review"
"clone/board/tiandihui_b.c","board","BULLETIN_BOARD","create","create_only_review"
"clone/board/tiezhang_b.c","board","BULLETIN_BOARD","create","create_only_review"
"clone/board/towiz_b.c","board","BULLETIN_BOARD","create","create_only_review"
"clone/board/wenxuan_b.c","board","BULLETIN_BOARD","create","create_only_review"
"clone/board/wiz_b.c","board","BULLETIN_BOARD","create","create_only_review"
"clone/board/wudang_b.c","board","BULLETIN_BOARD","create","create_only_review"
"clone/board/wudao_b.c","board","BULLETIN_BOARD","create","create_only_review"
"clone/board/wudu_b.c","board","BULLETIN_BOARD","create","create_only_review"
"clone/board/wuguan_b.c","board","BULLETIN_BOARD","create","create_only_review"
"clone/board/xiake_b.c","board","BULLETIN_BOARD","create","create_only_review"
"clone/board/xiaoyao_b.c","board","BULLETIN_BOARD","create","create_only_review"
"clone/board/xingxiu_b.c","board","BULLETIN_BOARD","create","create_only_review"
"clone/board/xuedao_b.c","board","BULLETIN_BOARD","create","create_only_review"
"clone/board/xueshan_b.c","board","BULLETIN_BOARD","create","create_only_review"
"clone/board/yipin_b.c","board","BULLETIN_BOARD","create","create_only_review"
"clone/board/zhenyuan_b.c","board","BULLETIN_BOARD","create","create_only_review"
"clone/book/18niou.c","book","BOOK","create|init|do_nie","local_behavior|source_relative"
"clone/book/advance-blade.c","book","BOOK","create","source_relative"
"clone/book/advance-dagger.c","book","BOOK","create","source_relative"
"clone/book/advance-dodge.c","book","BOOK","create","source_relative"
"clone/book/advance-force.c","book","BOOK","create","source_relative"
"clone/book/advance-parry.c","book","BOOK","create","source_relative"
"clone/book/advance-staff.c","book","BOOK","create","source_relative"
"clone/book/advance-sword.c","book","BOOK","create","source_relative"
"clone/book/advance-throwing.c","book","BOOK","create","source_relative"
"clone/book/advance-unarmed.c","book","BOOK","create","source_relative"
"clone/book/advance-whip.c","book","BOOK","create","source_relative"
"clone/book/bagua0.c","book","BOOK","create","source_relative"
"clone/book/bagua1.c","book","BOOK","create","source_relative"
"clone/book/basic-blade.c","book","BOOK","create","source_relative"
"clone/book/basic-dagger.c","book","BOOK","create","source_relative"
"clone/book/basic-dodge.c","book","BOOK","create","source_relative"
"clone/book/basic-force.c","book","BOOK","create","source_relative"
"clone/book/basic-parry.c","book","BOOK","create","source_relative"
"clone/book/basic-staff.c","book","BOOK","create","source_relative"
"clone/book/basic-sword.c","book","BOOK","create","source_relative"
"clone/book/basic-throwing.c","book","BOOK","create","source_relative"
"clone/book/basic-unarmed.c","book","BOOK","create","source_relative"
"clone/book/basic-whip.c","book","BOOK","create","source_relative"
"clone/book/blade-book.c","book","BOOK","create","source_relative"
"clone/book/bojuan.c","book","BOOK","create|init|do_study","local_behavior|random|source_relative"
"clone/book/book-bamboo.c","book","BOOK","create","source_relative"
"clone/book/book-iron.c","armor","HANDS","create|init|do_study","local_behavior|random|source_relative"
"clone/book/book-paper.c","book","BOOK","create","source_relative"
"clone/book/book-silk.c","book","BOOK","create","source_relative"
"clone/book/book-stone.c","book","BOOK","create","random|source_relative"
"clone/book/bufa.c","book","BOOK","create","random|source_relative"
"clone/book/daodejing-i.c","book","BOOK","create","random|source_relative"
"clone/book/daodejing-ii.c","book","BOOK","create","random|source_relative"
"clone/book/daodejing.c","book","BOOK","create","random|source_relative"
"clone/book/douzhuan-book.c","book","BOOK","create","source_relative"
"clone/book/dujing_1.c","book","BOOK","create","source_relative"
"clone/book/dujing_2.c","book","BOOK","create","source_relative"
"clone/book/expert-blade.c","book","BOOK","create","source_relative"
"clone/book/expert-dagger.c","book","BOOK","create","source_relative"
"clone/book/expert-dodge.c","book","BOOK","create","source_relative"
"clone/book/expert-force.c","book","BOOK","create","source_relative"
"clone/book/expert-parry.c","book","BOOK","create","source_relative"
"clone/book/expert-staff.c","book","BOOK","create","source_relative"
"clone/book/expert-sword.c","book","BOOK","create","source_relative"
"clone/book/expert-throwing.c","book","BOOK","create","source_relative"
"clone/book/expert-unarmed.c","book","BOOK","create","source_relative"
"clone/book/expert-whip.c","book","BOOK","create","source_relative"
"clone/book/force_book.c","book","BOOK","create","source_relative"
"clone/book/guigu.c","book","BOOK","create","source_relative"
"clone/book/hand_book.c","book","BOOK","create","source_relative"
"clone/book/hujia-book.c","book","BOOK","create","source_relative"
"clone/book/jinshe1.c","book","BOOK|F_UNIQUE","create","identity_or_persistence|source_relative"
"clone/book/jinshe2.c","book","BOOK|F_UNIQUE","setup|create","local_behavior|identity_or_persistence|source_relative"
"clone/book/jinshe3.c","book","BOOK|F_UNIQUE","setup|create","local_behavior|identity_or_persistence|source_relative"
"clone/book/jinyantu.c","book","BOOK|F_UNIQUE","create","identity_or_persistence|source_relative"
"clone/book/jiuyang-book.c","book","BOOK|F_UNIQUE","create|query_autoload","local_behavior|identity_or_persistence|source_relative"
"clone/book/jiuyin1.c","book","BOOK|F_UNIQUE","create","identity_or_persistence|source_relative"
"clone/book/jiuyin2.c","book","BOOK|F_UNIQUE","create","identity_or_persistence|source_relative"
"clone/book/jiuyin3.c","book","BOOK|F_UNIQUE","create","identity_or_persistence|source_relative"
"clone/book/jiuzhang.c","book","BOOK","create","source_relative"
"clone/book/kuihua.c","armor","CLOTH","create|init|do_du","local_behavior|random"
"clone/book/laozi1.c","book","BOOK","create","source_relative"
"clone/book/laozi13.c","book","BOOK","create","source_relative"
"clone/book/laozi16.c","book","BOOK","create","source_relative"
"clone/book/laozi18.c","book","BOOK","create","source_relative"
"clone/book/laozi2.c","book","BOOK","create","source_relative"
"clone/book/laozi8.c","book","BOOK","create","source_relative"
"clone/book/lbook0.c","book","BOOK","create","source_relative"
"clone/book/lbook1.c","book","BOOK","create","source_relative"
"clone/book/lbook2.c","book","BOOK","create","source_relative"
"clone/book/lbook3.c","book","BOOK","create","source_relative"
"clone/book/lbook4.c","book","BOOK","create","source_relative"
"clone/book/lbook5.c","book","BOOK","create","random|source_relative"
"clone/book/ling1.c","weapon","SWORD","create","create_only_review"
"clone/book/ling2.c","weapon","F_UNIQUE|SWORD","create","identity_or_persistence"
"clone/book/ling3.c","weapon","F_UNIQUE|SWORD","create","identity_or_persistence"
"clone/book/liuyang_book1.c","book","BOOK","create","source_relative"
"clone/book/liuyang_book2.c","book","BOOK","create","source_relative"
"clone/book/mbook1.c","book","BOOK","create","source_relative"
"clone/book/mbook2.c","book","BOOK","create","source_relative"
"clone/book/mbook3.c","book","BOOK","create","source_relative"
"clone/book/mbook4.c","book","BOOK","create","source_relative"
"clone/book/mbook5.c","book","BOOK","create","source_relative"
"clone/book/mbook6.c","book","BOOK","create","source_relative"
"clone/book/mengzi.c","book","BOOK","create","source_relative"
"clone/book/mizong_book.c","book","BOOK","create","random|source_relative"
"clone/book/parry_book.c","book","BOOK","create","random|source_relative"
"clone/book/pixie_book.c","book","BOOK","create|query_autoload","local_behavior|source_relative"
"clone/book/qiankun_book.c","book","BOOK","setup|create","local_behavior|source_relative"
"clone/book/qijianpu.c","book","BOOK","create","source_relative"
"clone/book/qin.c","book","BOOK","create","source_relative"
"clone/book/quanpu.c","book","BOOK","create","random|source_relative"
"clone/book/qunxing-tu.c","book","BOOK","create","source_relative"
"clone/book/shenzhaojing.c","book","BOOK","create","source_relative"
"clone/book/shoufa.c","book","BOOK","create","random|source_relative"
"clone/book/shunv_book.c","book","BOOK","create","source_relative"
"clone/book/six_book.c","book","BOOK","create|skl_name","local_behavior|random|closure|source_relative"
"clone/book/skin-hammer.c","book","BOOK","create","source_relative"
"clone/book/skin.c","book","BOOK","create","source_relative"
"clone/book/staff_book.c","book","BOOK","create","source_relative"
"clone/book/strike_book.c","book","BOOK","create","source_relative"
"clone/book/sun_book.c","book","BOOK","create","random|source_relative"
"clone/book/sword_book.c","book","BOOK","create","source_relative"
"clone/book/sword_book2.c","book","BOOK","create","source_relative"
"clone/book/taohua.c","unclassified_review","MEDICAL_BOOK","create","source_relative"
"clone/book/throw_book.c","book","BOOK","create","random|source_relative"
"clone/book/tianmo_book.c","book","BOOK","create","source_relative"
"clone/book/wuji1.c","book","BOOK","create","random"
"clone/book/wuji2.c","book","BOOK","create","random"
"clone/book/wuji3.c","book","BOOK","create","random"
"clone/book/wuji4.c","book","BOOK","create","random"
"clone/book/xiaopu.c","book","BOOK","create","source_relative"
"clone/book/xisuijing.c","book","BOOK","create|init|do_study","local_behavior|random|source_relative"
"clone/book/xuanfeng_book.c","book","BOOK","create","source_relative"
"clone/book/xuedao-book.c","book","BOOK","create","source_relative"
"clone/book/xuedao-jing.c","book","BOOK","create","source_relative"
"clone/book/xx-book.c","book","BOOK","create","source_relative"
"clone/book/yaowang.c","unclassified_review","MEDICAL_BOOK","create","source_relative"
"clone/book/yijing0.c","book","BOOK|F_UNIQUE","create","identity_or_persistence|source_relative"
"clone/book/yijing1.c","book","BOOK|F_UNIQUE","create","identity_or_persistence|source_relative"
"clone/book/yijing2.c","book","BOOK|F_UNIQUE","create","identity_or_persistence|source_relative"
"clone/book/yijing3.c","book","BOOK|F_UNIQUE","create","identity_or_persistence|source_relative"
"clone/book/yijinjing.c","book","BOOK","create|book_name|need_level|need_exp","local_behavior|closure|source_relative"
"clone/book/ylbian.c","book","BOOK","create","random|source_relative"
"clone/book/yljian.c","book","BOOK","create","random|source_relative"
"clone/book/yljianpu.c","book","BOOK","create","random|source_relative"
"clone/book/yljing.c","book","BOOK","create","random|source_relative"
"clone/book/yljing1.c","book","BOOK","create","source_relative"
"clone/book/yljing2.c","book","BOOK","create","random|source_relative"
"clone/book/yunu_book.c","book","BOOK","create","source_relative"
"clone/book/yunvjing1.c","book","BOOK|F_UNIQUE","create","identity_or_persistence|source_relative"
"clone/book/yunvjing2.c","book","BOOK|F_UNIQUE","create","identity_or_persistence|source_relative"
"clone/book/zhangfapu.c","book","BOOK|F_UNIQUE","create","identity_or_persistence|source_relative"
"clone/book/zhanyi.c","armor","CLOTH","create","source_relative"
"clone/book/zhemei_book1.c","book","BOOK","create","source_relative"
"clone/book/zhemei_book2.c","book","BOOK","create","source_relative"
"clone/book/zhengpu.c","book","BOOK","create","source_relative"
"clone/book/zhengqi_book.c","book","BOOK","create","source_relative"
"clone/book/zihui-book.c","book","BOOK","create","source_relative"
"clone/book/zixia_book.c","book","BOOK","create","source_relative"
"clone/cloth/baipao.c","armor","CLOTH","create","source_relative"
"clone/cloth/bupao.c","armor","CLOTH","create","source_relative"
"clone/cloth/c-jiasha.c","armor","CLOTH","create","source_relative"
"clone/cloth/changpao.c","armor","CLOTH","create","source_relative"
"clone/cloth/cloth.c","armor","CLOTH","create","source_relative"
"clone/cloth/cuttonp.c","armor","CLOTH","create|do_wear|query_autoload","local_behavior|closure|source_relative"
"clone/cloth/dao-cloth.c","armor","CLOTH","create","source_relative"
"clone/cloth/dao-xie.c","armor","BOOTS","create","source_relative"
"clone/cloth/daogu-cloth.c","armor","CLOTH","create","source_relative"
"clone/cloth/female-shoe.c","armor","BOOTS","create","source_relative"
"clone/cloth/female1-cloth.c","armor","CLOTH","create","source_relative"
"clone/cloth/female2-cloth.c","armor","CLOTH","create","source_relative"
"clone/cloth/female3-cloth.c","armor","CLOTH","create","source_relative"
"clone/cloth/female4-cloth.c","armor","CLOTH","create","source_relative"
"clone/cloth/female5-cloth.c","armor","CLOTH","create","source_relative"
"clone/cloth/female6-cloth.c","armor","CLOTH","create","source_relative"
"clone/cloth/female7-cloth.c","armor","CLOTH","create","source_relative"
"clone/cloth/female8-cloth.c","armor","CLOTH","create","source_relative"
"clone/cloth/jinduan.c","armor","CLOTH","create","source_relative"
"clone/cloth/junfu.c","armor","CLOTH","create","source_relative"
"clone/cloth/liang-xie.c","armor","BOOTS","create|query_autoload","local_behavior|source_relative"
"clone/cloth/male-shoe.c","armor","BOOTS","create","source_relative"
"clone/cloth/male1-cloth.c","armor","CLOTH","create","source_relative"
"clone/cloth/male2-cloth.c","armor","CLOTH","create","source_relative"
"clone/cloth/male3-cloth.c","armor","CLOTH","create","source_relative"
"clone/cloth/male4-cloth.c","armor","CLOTH","create","source_relative"
"clone/cloth/male5-cloth.c","armor","CLOTH","create","source_relative"
"clone/cloth/male6-cloth.c","armor","CLOTH","create","source_relative"
"clone/cloth/male7-cloth.c","armor","CLOTH","create","source_relative"
"clone/cloth/male8-cloth.c","armor","CLOTH","create","source_relative"
"clone/cloth/ni-cloth.c","armor","CLOTH","create","source_relative"
"clone/cloth/ni-xie.c","armor","BOOTS","create","source_relative"
"clone/cloth/qingyi.c","unclassified_review","EQUIP","create","source_relative"
"clone/cloth/seng-cloth.c","armor","CLOTH","create","source_relative"
"clone/cloth/seng-xie.c","armor","BOOTS","create","source_relative"
"clone/cloth/tiejia.c","armor","CLOTH","create","source_relative"
"clone/cloth/wcloth.c","armor","CLOTH","create","source_relative"
"clone/cloth/xianlv.c","armor","BOOTS","create","source_relative"
"clone/cloth/y-jiasha.c","armor","CLOTH","create","source_relative"
"clone/cloth/yaodai.c","armor","WAIST","create","source_relative"
"clone/cloth/yinjia.c","armor","CLOTH","create","source_relative"
"clone/cloth/yunshang.c","armor","CLOTH","create","source_relative"
"clone/fam/bag.c","item","ITEM","create|init|do_open","local_behavior|random|lifecycle_or_spawn|source_relative"
"clone/fam/etc/binghuozhu.c","item","ITEM","create|query_autoload","local_behavior|random|source_relative"
"clone/fam/etc/bipo.c","item","ITEM","create|query_autoload","local_behavior|random|source_relative"
"clone/fam/etc/hanjing.c","item","ITEM","create|query_autoload","local_behavior|random|source_relative"
"clone/fam/etc/huanshi.c","item","ITEM","create|query_autoload","local_behavior|random|source_relative"
"clone/fam/etc/huojingling.c","item","ITEM","create|query_autoload","local_behavior|random|source_relative"
"clone/fam/etc/leishentong.c","item","ITEM","create|query_autoload","local_behavior|random|source_relative"
"clone/fam/etc/leishenzhu.c","item","ITEM","create|query_autoload","local_behavior|random|source_relative"
"clone/fam/etc/lv5a.c","item","ITEM","create|query_autoload","local_behavior|source_relative"
"clone/fam/etc/lv5b.c","item","ITEM","create|query_autoload","local_behavior|source_relative"
"clone/fam/etc/lv5c.c","item","ITEM","create|query_autoload","local_behavior|source_relative"
"clone/fam/etc/lv5d.c","item","ITEM","create|query_autoload","local_behavior|random|source_relative"
"clone/fam/etc/lv5e.c","item","ITEM","create|query_autoload","local_behavior|source_relative"
"clone/fam/etc/lv5f.c","item","ITEM","create|query_autoload","local_behavior|source_relative"
"clone/fam/etc/lv7a.c","item","ITEM","create|query_autoload","local_behavior|random|source_relative"
"clone/fam/etc/lv7b.c","item","ITEM","create|query_autoload","local_behavior|source_relative"
"clone/fam/etc/lv7c.c","item","ITEM","create|query_autoload","local_behavior|random|source_relative"
"clone/fam/etc/lv7d.c","item","ITEM","create|query_autoload","local_behavior|random|source_relative"
"clone/fam/etc/mozhixin.c","item","ITEM","create|query_autoload","local_behavior|random|source_relative"
"clone/fam/etc/prize1.c","item","ITEM","create","source_relative"
"clone/fam/etc/prize2.c","item","ITEM","create","source_relative"
"clone/fam/etc/prize3.c","item","ITEM","create|do_effect","local_behavior|random|source_relative"
"clone/fam/etc/prize4.c","drink|item","ITEM|F_LIQUID","create|query_autoload","local_behavior|source_relative"
"clone/fam/etc/prize5.c","item","ITEM","create|init|do_drink|query_autoload","local_behavior|source_relative"
"clone/fam/etc/va1.c","item","ITEM","create","source_relative"
"clone/fam/etc/va2.c","item","ITEM","create","source_relative"
"clone/fam/etc/va3.c","item","ITEM","create","source_relative"
"clone/fam/etc/va4.c","item","ITEM","create","source_relative"
"clone/fam/etc/va5.c","item","ITEM","create","source_relative"
"clone/fam/etc/va6.c","item","ITEM","create","source_relative"
"clone/fam/gift/con1.c","unclassified_review","__DIR__ ""gift""","create","source_relative"
"clone/fam/gift/con2.c","unclassified_review","__DIR__ ""gift""","create","source_relative"
"clone/fam/gift/con3.c","unclassified_review","__DIR__ ""gift""","create","source_relative"
"clone/fam/gift/dex1.c","unclassified_review","__DIR__ ""gift""","create","source_relative"
"clone/fam/gift/dex2.c","unclassified_review","__DIR__ ""gift""","create","source_relative"
"clone/fam/gift/dex3.c","unclassified_review","__DIR__ ""gift""","create","source_relative"
"clone/fam/gift/gift.c","stack","COMBINED_ITEM","query_autoload|create|do_effect|autoload|setup","local_behavior|random|source_relative"
"clone/fam/gift/int1.c","unclassified_review","__DIR__ ""gift""","create","source_relative"
"clone/fam/gift/int2.c","unclassified_review","__DIR__ ""gift""","create","source_relative"
"clone/fam/gift/int3.c","unclassified_review","__DIR__ ""gift""","create","source_relative"
"clone/fam/gift/kardan.c","item","ITEM","create|do_effect","local_behavior|source_relative"
"clone/fam/gift/perwan.c","item","ITEM","create|do_effect","local_behavior|source_relative"
"clone/fam/gift/str1.c","unclassified_review","__DIR__ ""gift""","create","source_relative"
"clone/fam/gift/str2.c","unclassified_review","__DIR__ ""gift""","create","source_relative"
"clone/fam/gift/str3.c","unclassified_review","__DIR__ ""gift""","create","source_relative"
"clone/fam/gift/youthdan.c","item","ITEM","create|do_effect","local_behavior|source_relative"
"clone/fam/item/baxian.c","item|gem_or_gift_review","ITEM","create|query_autoload","local_behavior|source_relative"
"clone/fam/item/bixue.c","item|gem_or_gift_review","ITEM","create|query_autoload","local_behavior|source_relative"
"clone/fam/item/bless_water.c","item|gem_or_gift_review","ITEM","create|init|do_bless|query_autoload","local_behavior|source_relative"
"clone/fam/item/handan.c","item|gem_or_gift_review","ITEM","create|query_autoload","local_behavior|source_relative"
"clone/fam/item/haoyue.c","item|gem_or_gift_review","ITEM","create|query_autoload","local_behavior|source_relative"
"clone/fam/item/jiulei.c","item|gem_or_gift_review","ITEM","create|query_autoload","local_behavior|source_relative"
"clone/fam/item/kunlun.c","item|gem_or_gift_review","ITEM","create|query_autoload","local_behavior|source_relative"
"clone/fam/item/leihuo.c","item|gem_or_gift_review","ITEM","create|query_autoload","local_behavior|source_relative"
"clone/fam/item/lihuo.c","item|gem_or_gift_review","ITEM","create|query_autoload","local_behavior|source_relative"
"clone/fam/item/panlong.c","item|gem_or_gift_review","ITEM","create|query_autoload","local_behavior|source_relative"
"clone/fam/item/qiankun.c","item|gem_or_gift_review","ITEM","create|query_autoload","local_behavior|source_relative"
"clone/fam/item/qiankun_stone.c","item|gem_or_gift_review","ITEM","create|query_autoload","local_behavior|source_relative"
"clone/fam/item/stone1.c","gem_or_gift_review","","create","local_include|source_relative"
"clone/fam/item/stone2.c","gem_or_gift_review","","create","local_include|source_relative"
"clone/fam/item/stone3.c","gem_or_gift_review","","create","local_include|source_relative"
"clone/fam/item/stone4.c","gem_or_gift_review","","create","local_include|source_relative"
"clone/fam/item/stone5.c","gem_or_gift_review","","create","local_include|source_relative"
"clone/fam/item/taijin.c","item|gem_or_gift_review","ITEM","create|query_autoload","local_behavior|source_relative"
"clone/fam/item/wujin.c","item|gem_or_gift_review","ITEM","create|query_autoload","local_behavior|source_relative"
"clone/fam/item/xuantie.c","item|gem_or_gift_review","ITEM","create|query_autoload","local_behavior|source_relative"
"clone/fam/item/yanluo.c","item|gem_or_gift_review","ITEM","create|query_autoload","local_behavior|source_relative"
"clone/fam/item/yinzhu.c","item|gem_or_gift_review","ITEM","create|query_autoload","local_behavior|source_relative"
"clone/fam/item/zhenlong.c","item|gem_or_gift_review","ITEM","create|query_autoload","local_behavior|source_relative"
"clone/fam/item/zijin.c","item|gem_or_gift_review","ITEM","create|query_autoload","local_behavior|source_relative"
"clone/fam/item/zixiao.c","item|gem_or_gift_review","ITEM","create|query_autoload","local_behavior|source_relative"
"clone/fam/max/longjia.c","item","ITEM","create|do_effect|query_autoload","local_behavior|random|source_relative"
"clone/fam/max/naobaijin.c","item","ITEM","create|do_effect","local_behavior|source_relative"
"clone/fam/max/tianshu1.c","item","ITEM","create|init|do_read|query_autoload","local_behavior|source_relative"
"clone/fam/max/tianshu2.c","item","ITEM","create|init|do_read|query_autoload","local_behavior|source_relative"
"clone/fam/max/xuanhuang.c","item","ITEM","create|do_effect|query_autoload","local_behavior|random|source_relative"
"clone/fam/max/zhenyu.c","item","ITEM","create|do_effect|query_autoload","local_behavior|random|source_relative"
"clone/fam/notice.c","item","ITEM","create|init|do_view|top_list|get_score","local_behavior|closure|source_relative"
"clone/fam/obj/guo.c","item","ITEM","create|init|do_wish|do_eat|query_autoload","local_behavior|source_relative"
"clone/fam/pill/blood.c","medicine_family","__DIR__ ""pill""","create","source_relative"
"clone/fam/pill/dimai.c","item|medicine_family","ITEM","create|do_effect|query_autoload","local_behavior|random|source_relative"
"clone/fam/pill/food.c","stack|medicine_family","COMBINED_ITEM","create|do_effect","local_behavior|source_relative"
"clone/fam/pill/food1.c","medicine_family","","create|do_effect","local_behavior|random|local_include|source_relative"
"clone/fam/pill/full1.c","medicine_family","","create|do_effect","local_behavior|local_include|source_relative"
"clone/fam/pill/linghui1.c","medicine_family","","create|do_effect","local_behavior|random|local_include|source_relative"
"clone/fam/pill/linghui2.c","medicine_family","","create|do_effect","local_behavior|random|local_include|source_relative"
"clone/fam/pill/lingzhi1.c","medicine_family","__DIR__ ""pill""","create","source_relative"
"clone/fam/pill/lingzhi2.c","medicine_family","__DIR__ ""pill""","create","source_relative"
"clone/fam/pill/lingzhi3.c","medicine_family","__DIR__ ""pill""","create","source_relative"
"clone/fam/pill/lingzhi4.c","medicine_family","__DIR__ ""pill""","create","source_relative"
"clone/fam/pill/neili1.c","medicine_family","","create|do_effect","local_behavior|local_include|source_relative"
"clone/fam/pill/neili2.c","medicine_family","","create|do_effect","local_behavior|local_include|source_relative"
"clone/fam/pill/pill.c","stack|medicine_family","COMBINED_ITEM","query_autoload|create|do_effect|autoload|setup","local_behavior|random|source_relative"
"clone/fam/pill/puti1.c","medicine_family","__DIR__ ""pill""","create","source_relative"
"clone/fam/pill/puti2.c","medicine_family","__DIR__ ""pill""","create","source_relative"
"clone/fam/pill/puti3.c","medicine_family","__DIR__ ""pill""","create","source_relative"
"clone/fam/pill/puti4.c","medicine_family","__DIR__ ""pill""","create","source_relative"
"clone/fam/pill/renshen1.c","medicine_family","__DIR__ ""pill""","create","source_relative"
"clone/fam/pill/renshen2.c","medicine_family","__DIR__ ""pill""","create","source_relative"
"clone/fam/pill/renshen3.c","medicine_family","__DIR__ ""pill""","create","source_relative"
"clone/fam/pill/renshen4.c","medicine_family","__DIR__ ""pill""","create","source_relative"
"clone/fam/pill/sheli1.c","medicine_family","__DIR__ ""pill""","create","source_relative"
"clone/fam/pill/sheli2.c","medicine_family","__DIR__ ""pill""","create","source_relative"
"clone/fam/pill/sheli3.c","medicine_family","__DIR__ ""pill""","create","source_relative"
"clone/fam/pill/sheli4.c","medicine_family","__DIR__ ""pill""","create","source_relative"
"clone/fam/pill/water.c","drink|item|medicine_family","ITEM|F_LIQUID","create","source_relative"
"clone/fam/pill/xuelian1.c","medicine_family","__DIR__ ""pill""","create","source_relative"
"clone/fam/pill/xuelian2.c","medicine_family","__DIR__ ""pill""","create","source_relative"
"clone/fam/pill/xuelian3.c","medicine_family","__DIR__ ""pill""","create","source_relative"
"clone/fam/pill/xuelian4.c","medicine_family","__DIR__ ""pill""","create","source_relative"
"clone/fam/pill/yulu.c","item|medicine_family","ITEM","create|init|do_drink|query_autoload","local_behavior|random|source_relative"
"clone/fam/skpaper/blade1.c","unclassified_review","__DIR__ ""skpaper""","create","source_relative"
"clone/fam/skpaper/claw1.c","unclassified_review","__DIR__ ""skpaper""","create","source_relative"
"clone/fam/skpaper/club1.c","unclassified_review","__DIR__ ""skpaper""","create","source_relative"
"clone/fam/skpaper/cuff1.c","unclassified_review","__DIR__ ""skpaper""","create","source_relative"
"clone/fam/skpaper/dagger1.c","unclassified_review","__DIR__ ""skpaper""","create","source_relative"
"clone/fam/skpaper/finger1.c","unclassified_review","__DIR__ ""skpaper""","create","source_relative"
"clone/fam/skpaper/hammer1.c","unclassified_review","__DIR__ ""skpaper""","create","source_relative"
"clone/fam/skpaper/hand1.c","unclassified_review","__DIR__ ""skpaper""","create","source_relative"
"clone/fam/skpaper/parry1.c","unclassified_review","__DIR__ ""skpaper""","create","source_relative"
"clone/fam/skpaper/skpaper.c","item","ITEM","create|init|long|do_read|query_autoload","local_behavior|random|source_relative"
"clone/fam/skpaper/staff1.c","unclassified_review","__DIR__ ""skpaper""","create","source_relative"
"clone/fam/skpaper/strike1.c","unclassified_review","__DIR__ ""skpaper""","create","source_relative"
"clone/fam/skpaper/sword1.c","unclassified_review","__DIR__ ""skpaper""","create","source_relative"
"clone/fam/skpaper/throwing1.c","unclassified_review","__DIR__ ""skpaper""","create","source_relative"
"clone/fam/skpaper/unarmed1.c","unclassified_review","__DIR__ ""skpaper""","create","source_relative"
"clone/fam/skpaper/whip1.c","unclassified_review","__DIR__ ""skpaper""","create","source_relative"
"clone/fish/caoyu.c","item","ITEM","create","local_include|source_relative"
"clone/fish/jiyu.c","item","ITEM","create","local_include|source_relative"
"clone/fish/liyu.c","item","ITEM","create","local_include|source_relative"
"clone/fish/longxia.c","item","ITEM","create","local_include|source_relative"
"clone/fish/qingyu.c","item","ITEM","create","local_include|source_relative"
"clone/food/baozi.c","food|item","ITEM|F_FOOD","create","source_relative"
"clone/food/dish.c","food|item","ITEM|F_FOOD","create","source_relative"
"clone/food/fish.c","food|item","ITEM|F_FOOD","create","source_relative"
"clone/food/jitui.c","food|weapon","HAMMER|F_FOOD","create|finish_eat","local_behavior|source_relative|mixed_roles"
"clone/food/jiudai.c","drink|item","ITEM|F_LIQUID","create","source_relative"
"clone/food/meat.c","food|item","ITEM|F_FOOD","create","source_relative"
"clone/food/peanut.c","food|item","ITEM|F_FOOD","create","source_relative"
"clone/food/tofu.c","food|item","ITEM|F_FOOD","create","source_relative"
"clone/food/xia.c","food|item","ITEM|F_FOOD","create","source_relative"
"clone/game/dhs.c","item","ITEM","msg|get_player|get_cur_player|is_playing|get_se|create|for_other_msg|for_guess_msg|is_visitor|build_se|toss|auto_order|reset_game|extra_long|view_se|start_game|init|do_toss|do_reset|do_start|do_view|do_join|do_next|do_guess|add_counter|show_all_se|do_dahua|do_finish|do_history|do_showc|do_visitor|do_help","local_behavior|random|source_relative"
"clone/game/fruit.c","drink|item","ITEM|F_LIQUID","create","source_relative"
"clone/game/fxq.c","item","ITEM","return_base|reset_game|msg|get_player|player_id|player_number|get_cur_player|player_info|is_playing|qi2ge|ge2qi|qi2player|shadow_it|create|build_qi|init|show_se|do_next|next_one|toss|do_toss|extra_long|do_reset|do_start|do_view|do_join|show_qi|put_down|pick_out|check_finish|reach|jump_to|move_qi|do_move|t|do_help","local_behavior|random|lifecycle_or_spawn|source_relative"
"clone/game/mint.c","drink|item","ITEM|F_LIQUID","create","source_relative"
"clone/game/pai.c","item","ITEM","c21|mode_name|reset_pai|reset_all|create|init|do_help|do_help2|do_reset|do_restart|do_join|do_start|do_xipai|do_sortpai|do_movepai|do_paipai|do_mopai|do_chupai|do_showpai|do_hidepai|do_takebackpai|do_view|extra_long|pick_out|pick_out2|pick_in|get_pais|get_player|is_playing|id_to_name|sizeof_pai|valid_show|view_pai|do_nextone|do_shunxu|do_removej|do_pass|do_now|do_end|id_to_pai|pai_to_id|msg|auto_order|do_setmode|do_showc|press_counter|do_press|do_removec|do_paipai2|do_daopai|t|t2|pai_number|pai_color|save_player_data|restore_player_data|sort_21|finish_21","local_behavior|random|source_relative"
"clone/game/pai21.c","item","ITEM","msg|c21|reset_pai|reset_all|create|init|do_reset|do_restart|do_join|do_start|do_xipai|do_chupai|do_view|extra_long|pick_out|pick_in|get_player|is_playing|sizeof_pai|view_pai|do_nextone|do_pass|id_to_pai|pai_to_id|auto_order|do_showc|press_counter|do_daopai|pai_number|pai_color|save_player_data|restore_player_data|sort_21|finish_21|do_help|t","local_behavior|random|source_relative"
"clone/game/seaf.c","item","ITEM","msg|player_id|get_player|enemy_id|get_player2|is_visitor|is_playing|get_table|get_ship|remain_ship|remain_place|remain_fire|create|player_status|build_board|reset_game|display|extra_long|view_board|start_game|before_fire|start_fire|init|do_reset|do_start|do_view|do_join|do_place|do_unplace|do_finish|do_fire|do_unfire|which_ship|fire_it|do_visitor|do_rplace|do_help","local_behavior|random|lifecycle_or_spawn|source_relative"
"clone/gift/agate.c","armor|gem_or_gift_review","HEAD","create|query_autoload","local_behavior|source_relative"
"clone/gift/cagate.c","armor|gem_or_gift_review","HEAD","create|query_autoload","local_behavior|source_relative"
"clone/gift/ccrystal.c","armor|gem_or_gift_review","HEAD","create|query_autoload","local_behavior|source_relative"
"clone/gift/cdiamond.c","armor|gem_or_gift_review","HEAD","create|query_autoload","local_behavior|source_relative"
"clone/gift/cjade.c","armor|gem_or_gift_review","HEAD","create|query_autoload","local_behavior|source_relative"
"clone/gift/crystal.c","armor|gem_or_gift_review","HEAD","create|query_autoload","local_behavior|source_relative"
"clone/gift/diamond.c","armor|gem_or_gift_review","HEAD","create|query_autoload","local_behavior|source_relative"
"clone/gift/fagate.c","armor|gem_or_gift_review","HEAD","create|query_autoload","local_behavior|source_relative"
"clone/gift/fcrystal.c","armor|gem_or_gift_review","HEAD","create|query_autoload","local_behavior|source_relative"
"clone/gift/fdiamond.c","armor|gem_or_gift_review","HEAD","create|query_autoload","local_behavior|source_relative"
"clone/gift/feidan.c","item|gem_or_gift_review","ITEM","create|init|do_launch|do_aim|long","local_behavior|source_relative"
"clone/gift/feimao.c","item|gem_or_gift_review","ITEM","create|init|do_launch|do_aim|long","local_behavior|source_relative"
"clone/gift/fjade.c","armor|gem_or_gift_review","HEAD","create|query_autoload","local_behavior|source_relative"
"clone/gift/giftbox.c","item|gem_or_gift_review","ITEM","create|init|do_open","local_behavior|random|lifecycle_or_spawn|source_relative"
"clone/gift/jade.c","armor|gem_or_gift_review","HEAD","create|query_autoload","local_behavior|source_relative"
"clone/gift/jiejue.c","item|gem_or_gift_review","ITEM","create","source_relative"
"clone/gift/jinkuai.c","item|gem_or_gift_review","ITEM","create","source_relative"
"clone/gift/jiuzhuan.c","item|gem_or_gift_review","ITEM","create|do_effect","local_behavior|random|source_relative"
"clone/gift/kuangquan.c","item|gem_or_gift_review","ITEM","create|init|do_drink","local_behavior|source_relative"
"clone/gift/magate.c","armor|gem_or_gift_review","HEAD","create|query_autoload","local_behavior|random|source_relative"
"clone/gift/mcrystal.c","armor|gem_or_gift_review","HEAD","create|query_autoload","local_behavior|random|source_relative"
"clone/gift/mdiamond.c","armor|gem_or_gift_review","HEAD","create|query_autoload","local_behavior|random|source_relative"
"clone/gift/menshen.c","item|gem_or_gift_review","ITEM","setup|create|init","local_behavior|source_relative"
"clone/gift/mjade.c","armor|gem_or_gift_review","HEAD","create|query_autoload","local_behavior|random|source_relative"
"clone/gift/puti-zi.c","item|gem_or_gift_review","ITEM","setup|create|do_effect","local_behavior|random|source_relative"
"clone/gift/shenliwan.c","item|gem_or_gift_review","ITEM","create|do_effect","local_behavior|random|source_relative"
"clone/gift/tianxiang.c","item|gem_or_gift_review","ITEM","setup|create|do_effect","local_behavior|random|source_relative"
"clone/gift/unknowdan.c","item|gem_or_gift_review","ITEM","create|do_effect","local_behavior|random|source_relative"
"clone/gift/vipcard.c","gem_or_gift_review","""/clone/fam/gift/gift""","create","source_relative"
"clone/gift/wangqing.c","item|gem_or_gift_review","ITEM","create|do_effect","local_behavior|source_relative"
"clone/gift/xiandan.c","item|gem_or_gift_review","ITEM","create|do_effect","local_behavior|random|source_relative"
"clone/gift/xianhai.c","item|gem_or_gift_review","ITEM","create","source_relative"
"clone/gift/xianxing.c","item|gem_or_gift_review","ITEM","create|init|do_bomb|filter_user","local_behavior|closure|source_relative"
"clone/gift/xisuidan.c","item|gem_or_gift_review","ITEM","create|do_effect","local_behavior|random|source_relative"
"clone/herb/chaihu.c","unclassified_review","","create","local_include|source_relative"
"clone/herb/chenpi.c","unclassified_review","","create","local_include|source_relative"
"clone/herb/chongcao.c","unclassified_review","","create","local_include|source_relative"
"clone/herb/chuanwu.c","unclassified_review","","create","local_include|source_relative"
"clone/herb/dahuang.c","unclassified_review","","create","local_include|source_relative"
"clone/herb/dangui.c","unclassified_review","","create","local_include|source_relative"
"clone/herb/duhuo.c","unclassified_review","","create","local_include|source_relative"
"clone/herb/fangfeng.c","unclassified_review","","create","local_include|source_relative"
"clone/herb/fuzi.c","unclassified_review","","create","local_include|source_relative"
"clone/herb/gsliu.c","unclassified_review","","create","local_include|source_relative"
"clone/herb/guijia.c","unclassified_review","","create","local_include|source_relative"
"clone/herb/guiwei.c","unclassified_review","","create","local_include|source_relative"
"clone/herb/hafen.c","unclassified_review","","create","local_include|source_relative"
"clone/herb/heshouwu.c","unclassified_review","","create","local_include|source_relative"
"clone/herb/honghua.c","unclassified_review","","create","local_include|source_relative"
"clone/herb/huangqi.c","unclassified_review","","create","local_include|source_relative"
"clone/herb/hugu.c","unclassified_review","","create","local_include|source_relative"
"clone/herb/juhua.c","unclassified_review","","create","local_include|source_relative"
"clone/herb/lanhua.c","unclassified_review","","create","local_include|source_relative"
"clone/herb/lingxian.c","unclassified_review","","create","local_include|source_relative"
"clone/herb/lingzhi.c","unclassified_review","","create","local_include|source_relative"
"clone/herb/lurong.c","unclassified_review","","create","local_include|source_relative"
"clone/herb/mahuang.c","unclassified_review","","create","local_include|source_relative"
"clone/herb/moyao.c","unclassified_review","","create","local_include|source_relative"
"clone/herb/niuhuang.c","unclassified_review","","create","local_include|source_relative"
"clone/herb/niuxi.c","unclassified_review","","create","local_include|source_relative"
"clone/herb/qianjinzi.c","unclassified_review","","create","local_include|source_relative"
"clone/herb/renshen.c","unclassified_review","","create","local_include|source_relative"
"clone/herb/ruxiang.c","unclassified_review","","create","local_include|source_relative"
"clone/herb/shadan.c","unclassified_review","","create","local_include|source_relative"
"clone/herb/shancha.c","unclassified_review","","create","local_include|source_relative"
"clone/herb/shanjia.c","unclassified_review","","create","local_include|source_relative"
"clone/herb/shedan.c","unclassified_review","","create|do_effect","local_behavior|local_include|source_relative"
"clone/herb/shengdi.c","unclassified_review","","create","local_include|source_relative"
"clone/herb/shenglg.c","unclassified_review","","create","local_include|source_relative"
"clone/herb/shexiang.c","unclassified_review","","create","local_include|source_relative"
"clone/herb/sumu.c","unclassified_review","","create","local_include|source_relative"
"clone/herb/taoxian.c","unclassified_review","","create","local_include|source_relative"
"clone/herb/tenghuang.c","unclassified_review","","create","local_include|source_relative"
"clone/herb/tianqi.c","unclassified_review","","create","local_include|source_relative"
"clone/herb/tugou.c","unclassified_review","","create","local_include|source_relative"
"clone/herb/wulingzhi.c","unclassified_review","","create","local_include|source_relative"
"clone/herb/xiefen.c","unclassified_review","","create","local_include|source_relative"
"clone/herb/xijiao.c","unclassified_review","","create","local_include|source_relative"
"clone/herb/xiongdan.c","unclassified_review","","create|do_effect","local_behavior|local_include|source_relative"
"clone/herb/xionghuang.c","unclassified_review","","create","local_include|source_relative"
"clone/herb/xuejie.c","unclassified_review","","create","local_include|source_relative"
"clone/herb/xuelian.c","unclassified_review","","create","local_include|source_relative"
"clone/herb/yanwo.c","unclassified_review","","create","local_include|source_relative"
"clone/herb/yjhua.c","unclassified_review","","create","local_include|source_relative"
"clone/herb/yuanzhi.c","unclassified_review","","create","local_include|source_relative"
"clone/herb/zihua.c","unclassified_review","","create","local_include|source_relative"
"clone/herb/zzfen.c","unclassified_review","","create","local_include|source_relative"
"clone/horse/huangbiaoma.c","npc","NPC","create","random"
"clone/horse/zaohongma.c","npc","NPC","create","create_only_review"
"clone/horse/ziliuma.c","npc","NPC","create","random"
"clone/insect/bihuochan.c","animal","POISON_INSECT","create","create_only_review"
"clone/insect/bingcan.c","animal","POISON_INSECT","create|absorbed","local_behavior|random"
"clone/insect/chanchu.c","animal","POISON_INSECT","create","create_only_review"
"clone/insect/ciwugong.c","animal","POISON_INSECT","create","create_only_review"
"clone/insect/duzhu.c","animal","POISON_INSECT","create","create_only_review"
"clone/insect/heiguafu.c","animal","POISON_INSECT","create","create_only_review"
"clone/insect/huoxie.c","animal","POISON_INSECT","create","create_only_review"
"clone/insect/jinwugong.c","animal","POISON_INSECT","create","create_only_review"
"clone/insect/wucaizhu.c","animal","POISON_INSECT","create","create_only_review"
"clone/insect/wugong.c","animal","POISON_INSECT","create","create_only_review"
"clone/insect/xiezi.c","animal","POISON_INSECT","create","create_only_review"
"clone/insect/xuexie.c","animal","POISON_INSECT","create","create_only_review"
"clone/insect/zhizhu.c","animal","POISON_INSECT","create","create_only_review"
"clone/item/xiaoao/guanglingsan.c","item","ITEM","create","create_only_review"
"clone/item/xiaoao/ouxuepu.c","item","ITEM","create","create_only_review"
"clone/item/xiaoao/shuaiyitie.c","item","ITEM","create","create_only_review"
"clone/item/xiaoao/xinglvtu.c","item","ITEM","create","create_only_review"
"clone/lonely/baguadao.c","weapon","BLADE","create|hit_ob","local_behavior|random"
"clone/lonely/bailongjian.c","weapon","SWORD","create|hit_ob","local_behavior|random"
"clone/lonely/baojia.c","armor","ARMOR","create","create_only_review"
"clone/lonely/bishou.c","weapon","DAGGER","create","create_only_review"
"clone/lonely/book/18muou.c","book","BOOK","create","create_only_review"
"clone/lonely/book/dugubook.c","item","ITEM","create","create_only_review"
"clone/lonely/book/dujing2.c","book","BOOK","create","create_only_review"
"clone/lonely/book/dujing3.c","book","BOOK","create","create_only_review"
"clone/lonely/book/duoluoyezhi.c","book","BOOK","create","create_only_review"
"clone/lonely/book/emeijy-book.c","book","BOOK","create","create_only_review"
"clone/lonely/book/hetu.c","book","BOOK","create","create_only_review"
"clone/lonely/book/hujia1.c","book","BOOK","create","create_only_review"
"clone/lonely/book/hujia2.c","book","BOOK","create","create_only_review"
"clone/lonely/book/jingluoxue1.c","book","BOOK","create","create_only_review"
"clone/lonely/book/jingluoxue2.c","book","BOOK","create","create_only_review"
"clone/lonely/book/jinshe.c","book","BOOK|F_UNIQUE","setup|create|init|do_du","local_behavior|identity_or_persistence|random|source_relative"
"clone/lonely/book/kuihua1.c","armor","CLOTH","create|init|do_du|do_yanjiu","local_behavior|random"
"clone/lonely/book/kuihua2.c","armor","CLOTH","create|init|do_du|do_yanjiu","local_behavior|random"
"clone/lonely/book/kuihua3.c","armor","CLOTH","create|init|do_du|do_yanjiu","local_behavior|random"
"clone/lonely/book/lianhuazhi.c","book","BOOK","create","create_only_review"
"clone/lonely/book/liumai-shenjian.c","item","ITEM","create|init|do_du","local_behavior|random"
"clone/lonely/book/luoshu.c","book","BOOK","create","create_only_review"
"clone/lonely/book/miaojia1.c","book","BOOK","create","create_only_review"
"clone/lonely/book/miaojia2.c","book","BOOK","create","create_only_review"
"clone/lonely/book/qilian.c","book","BOOK","create","create_only_review"
"clone/lonely/book/qixingzhi.c","book","BOOK","create","create_only_review"
"clone/lonely/book/taohua.c","unclassified_review","MEDICAL_BOOK","create","create_only_review"
"clone/lonely/book/tianlongzhi.c","book","BOOK","create","create_only_review"
"clone/lonely/book/tianzhuzhi.c","book","BOOK","create","create_only_review"
"clone/lonely/book/wudang.c","unclassified_review","MEDICAL_BOOK","create","create_only_review"
"clone/lonely/book/xiaopu.c","book","BOOK","create","create_only_review"
"clone/lonely/book/xiuluozhi.c","book","BOOK","create","create_only_review"
"clone/lonely/book/xuanfengtui.c","book","BOOK","create","create_only_review"
"clone/lonely/book/xuedao.c","book","BOOK","create","create_only_review"
"clone/lonely/book/xunleijian.c","book","BOOK","create","create_only_review"
"clone/lonely/book/yaowang_book.c","unclassified_review","MEDICAL_BOOK","create","create_only_review"
"clone/lonely/book/youmingzhi.c","book","BOOK","create","create_only_review"
"clone/lonely/book/zhaobook.c","book","BOOK|F_UNIQUE","setup|create|init|do_du|do_yanjiu","local_behavior|identity_or_persistence|random|source_relative"
"clone/lonely/book/zhenjing.c","item","ITEM","create|init|do_du","local_behavior|random"
"clone/lonely/book/zhenjing1.c","item","ITEM","create|init|do_du","local_behavior|random"
"clone/lonely/book/zhenjing2.c","item","ITEM","create|init|do_du","local_behavior|random"
"clone/lonely/book/zhenjing3.c","book","BOOK","create","source_relative"
"clone/lonely/book/zhongping.c","book","BOOK","create|init|do_yanjiu","local_behavior|random"
"clone/lonely/book/zhujian1.c","book","BOOK","create","create_only_review"
"clone/lonely/book/zhujian2.c","book","BOOK","create","create_only_review"
"clone/lonely/book/zhujian3.c","book","BOOK","create","create_only_review"
"clone/lonely/canyang.c","weapon","SWORD","create|hit_ob","local_behavior|random"
"clone/lonely/caojie.c","armor","BOOTS","create","create_only_review"
"clone/lonely/chilongsuo.c","weapon","WHIP","create|hit_ob","local_behavior|random"
"clone/lonely/dongxiao.c","weapon","XSWORD","create","create_only_review"
"clone/lonely/feituo.c","armor","CLOTH|F_NOCLONE","create","identity_or_persistence"
"clone/lonely/godsword.c","weapon","SWORD","create|init|look_sword|hit_ob|do_cast|remove_effect","local_behavior|random|closure|source_relative"
"clone/lonely/heijian.c","weapon","SWORD","create|hit_ob","local_behavior|random"
"clone/lonely/heilongbian.c","weapon","WHIP","create","create_only_review"
"clone/lonely/heisuo1.c","weapon","WHIP","create","create_only_review"
"clone/lonely/heisuo2.c","weapon","WHIP","create","create_only_review"
"clone/lonely/heisuo3.c","weapon","WHIP","create","create_only_review"
"clone/lonely/hexingbi.c","weapon","DAGGER","create|hit_ob","local_behavior|random"
"clone/lonely/houbeidao.c","weapon","BLADE","create|hit_ob","local_behavior|random"
"clone/lonely/huangjinfu.c","weapon","HAMMER","create|hit_ob|init|do_pick","local_behavior|random"
"clone/lonely/huanlingjian.c","weapon","SWORD","create|hit_ob","local_behavior|random"
"clone/lonely/huilongbi.c","weapon","THROWING","create","source_relative"
"clone/lonely/hupohuan.c","armor","HANDS","create","create_only_review"
"clone/lonely/item/tongjiling.c","item","ITEM","create","source_relative"
"clone/lonely/jiansuo.c","weapon","WHIP","create|hit_ob","local_behavior|random"
"clone/lonely/jiasha.c","armor","F_DBSAVE|ARMOR","create|init|do_force|valid_damage|save_dbase_data|receive_dbase_data","local_behavior|identity_or_persistence"
"clone/lonely/jinlan.c","armor","CLOTH","create","create_only_review"
"clone/lonely/jinlun.c","weapon","HAMMER","create|hit_ob","local_behavior|random"
"clone/lonely/jinshejian.c","weapon","SWORD","create|hit_ob","local_behavior|random"
"clone/lonely/jinwugou.c","weapon","SWORD","create|hit_ob","local_behavior|random"
"clone/lonely/jiuhuan.c","weapon","STAFF","create","create_only_review"
"clone/lonely/juchidao.c","weapon","BLADE","create|hit_ob","local_behavior|random"
"clone/lonely/jundao.c","weapon","BLADE","create|hit_ob","local_behavior|random"
"clone/lonely/junzijian.c","weapon","SWORD","create","create_only_review"
"clone/lonely/kuihuazhen.c","weapon","PIN","create|do_wield|do_unwield|hit_ob","local_behavior|random|closure"
"clone/lonely/lengyuedao.c","weapon","BLADE","create|hit_ob","local_behavior|random"
"clone/lonely/liangjijian.c","weapon","SWORD","create|hit_ob","local_behavior|random"
"clone/lonely/ling1.c","weapon","SWORD","create|hit_ob","local_behavior|random"
"clone/lonely/ling2.c","weapon","SWORD","create|hit_ob","local_behavior|random"
"clone/lonely/ling3.c","weapon","SWORD","create|hit_ob","local_behavior|random"
"clone/lonely/lutouzhang.c","weapon","STAFF","create|hit_ob","local_behavior|random"
"clone/lonely/mojian.c","weapon","SWORD","create|hit_ob","local_behavior|random"
"clone/lonely/noname.c","weapon","SWORD","create","create_only_review"
"clone/lonely/poyangfu.c","weapon","HAMMER","create|hit_ob","local_behavior|random"
"clone/lonely/qipan.c","weapon","HAMMER","create|hit_ob","local_behavior|random"
"clone/lonely/rousisuo.c","weapon","WHIP","create|hit_ob","local_behavior|random"
"clone/lonely/ruanwei.c","armor","CLOTH","create|valid_damage","local_behavior|random"
"clone/lonely/shangfaling.c","item","ITEM","create","create_only_review"
"clone/lonely/shenmu.c","weapon","CLUB","create|hit_ob","local_behavior|random"
"clone/lonely/shennongjian.c","weapon","STAFF","create|hit_ob","local_behavior|random"
"clone/lonely/sheying.c","armor","WAIST","create|init|do_shot","local_behavior|random"
"clone/lonely/shunvjian.c","weapon","SWORD","create","create_only_review"
"clone/lonely/tenglongjian.c","weapon","SWORD","create|hit_ob","local_behavior|random"
"clone/lonely/tieqin.c","weapon","SWORD|MI_QIN","create|init|hit_ob","local_behavior|random"
"clone/lonely/tulongdao.c","weapon","BLADE","create|hit_ob","local_behavior"
"clone/lonely/xiangludao.c","weapon","BLADE","create|do_wield|poison|hit_ob","local_behavior|random|closure|lifecycle_or_spawn"
"clone/lonely/xuantiejian.c","weapon","SWORD","create|hit_ob","local_behavior|random"
"clone/lonely/xuedao.c","weapon","BLADE","create|hit_ob","local_behavior|random"
"clone/lonely/yaoqin.c","weapon","SWORD|MI_QIN","create|init|hit_ob","local_behavior|random"
"clone/lonely/yaowang_book.c","unclassified_review","MEDICAL_BOOK","create","create_only_review"
"clone/lonely/yinjiaobian.c","weapon","WHIP","create","create_only_review"
"clone/lonely/yinsuo.c","weapon","WHIP","create|hit_ob","local_behavior|random"
"clone/lonely/yitianjian.c","weapon","SWORD","create|hit_ob","local_behavior"
"clone/lonely/yuchang.c","weapon","DAGGER","create","create_only_review"
"clone/lonely/yuxiao.c","weapon","XSWORD","create|hit_ob","local_behavior|random"
"clone/lonely/yuzhu.c","weapon","STAFF","create|hit_ob","local_behavior|random"
"clone/lonely/zhenwu.c","weapon","SWORD","create|do_wield|do_unwield|hit_ob","local_behavior|random|closure"
"clone/lonely/zhenyue.c","weapon","SWORD","create|hit_ob","local_behavior|random"
"clone/lonely/zhihuan.c","armor","HANDS","create","create_only_review"
"clone/lonely/zhusuo.c","weapon","WHIP","create|hit_ob","local_behavior|random"
"clone/medicine/baihu.c","medicine_family","","create|do_effect","local_behavior|local_include|source_relative"
"clone/medicine/baola.c","medicine_family","","create|do_effect","local_behavior|local_include|source_relative"
"clone/medicine/baoming.c","medicine_family","","create|do_effect","local_behavior|local_include|source_relative"
"clone/medicine/baona.c","medicine_family","","create|do_effect","local_behavior|local_include|source_relative"
"clone/medicine/dieda.c","medicine_family","","create|do_effect","local_behavior|local_include|source_relative"
"clone/medicine/huojin.c","medicine_family","","create|do_effect","local_behavior|local_include|source_relative"
"clone/medicine/jiedu.c","medicine_family","","create|do_effect","local_behavior|local_include|source_relative"
"clone/medicine/jiuhua.c","medicine_family","","create|do_effect","local_behavior|local_include|source_relative"
"clone/medicine/liuhe.c","medicine_family","","create|do_effect","local_behavior|local_include|source_relative"
"clone/medicine/qingxin.c","medicine_family","","create|do_effect","local_behavior|local_include|source_relative"
"clone/medicine/shadan.c","medicine_family","","create|do_effect","local_behavior|local_include|source_relative"
"clone/medicine/shengsheng.c","medicine_family","","create|do_effect","local_behavior|local_include|source_relative"
"clone/medicine/tianxin.c","medicine_family","","create|do_effect","local_behavior|local_include|source_relative"
"clone/medicine/tongmai.c","medicine_family","","create|do_effect","local_behavior|local_include|source_relative"
"clone/medicine/wuchang.c","medicine_family","","create|do_effect","local_behavior|local_include|source_relative"
"clone/medicine/zhending.c","medicine_family","","create|do_effect","local_behavior|local_include|source_relative"
"clone/misc/bag.c","item","ITEM","is_bag|create","local_behavior|source_relative"
"clone/misc/bandage.c","item","ITEM|F_EQUIP","create|init|wear|do_bandage|remove|query_autoload|autoload","local_behavior|source_relative"
"clone/misc/bicanfeng.c","item","ITEM","create|do_effect","local_behavior|source_relative"
"clone/misc/bone.c","weapon","STAFF","create","source_relative"
"clone/misc/brush.c","item","ITEM","create|init|do_swab","local_behavior|random|lifecycle_or_spawn|source_relative"
"clone/misc/bushoujia.c","item","ITEM","create|init|do_snare|back_owner|catch_quarry","local_behavior|random|lifecycle_or_spawn"
"clone/misc/cailiao.c","stack","COMBINED_ITEM","create","source_relative"
"clone/misc/cart.c","item","ITEM|F_TRANSPORT","create|long","local_behavior|source_relative"
"clone/misc/chongdu.c","stack","COMBINED_ITEM","create|do_effect","local_behavior|source_relative"
"clone/misc/cloth.c","armor","CLOTH","create","source_relative"
"clone/misc/corpse.c","item","ITEM|F_CUTABLE","create|is_corpse|is_character|is_container|short|long|decay|do_cut|make_corpse","local_behavior|lifecycle_or_spawn|source_relative"
"clone/misc/dahuan-dan.c","item","ITEM","create|do_effect","local_behavior|source_relative"
"clone/misc/depot_ob.c","unclassified_review","","long|owner_is_killed","local_behavior|local_include"
"clone/misc/diaogan.c","item","ITEM","init|create|do_fish|finishing|halt_finishing|do_draw|move","local_behavior|random|closure|lifecycle_or_spawn|source_relative"
"clone/misc/dongshang.c","item","ITEM","setup|init|create|do_mo","local_behavior|source_relative"
"clone/misc/dust.c","item","ITEM","create|init|do_dissolve","local_behavior|source_relative"
"clone/misc/duwan.c","item","ITEM","create|do_effect|query_autoload","local_behavior|source_relative"
"clone/misc/dymo.c","item","ITEM","create|is_container|can_make_medicine","local_behavior|source_relative"
"clone/misc/edemote.c","item","ITEM|F_AUTOLOAD","create|query_autoload|do_help","local_behavior|source_relative"
"clone/misc/energy.c","item","ITEM","create|do_effect","local_behavior|source_relative"
"clone/misc/fashao.c","item","ITEM","create|do_effect","local_behavior|source_relative"
"clone/misc/gaoyao.c","item","ITEM","setup|init|create|do_tie","local_behavior|source_relative"
"clone/misc/giftbox.c","item","ITEM","create|is_container","local_behavior|source_relative"
"clone/misc/gudu.c","stack","COMBINED_ITEM","create|do_effect","local_behavior|source_relative"
"clone/misc/hair.c","item","ITEM|F_SILENTDEST","is_hair|create|set_from|do_effect","local_behavior|source_relative"
"clone/misc/head.c","food|item","ITEM|F_FOOD|F_CUTABLE|F_SILENTDEST","is_head|create|set_from|do_cut|finish_eat|eat_effect","local_behavior|closure|source_relative"
"clone/misc/hedinghong.c","item","ITEM","create|do_effect","local_behavior|source_relative"
"clone/misc/jinchuang.c","item","ITEM","create|do_effect","local_behavior|source_relative"
"clone/misc/kongquedan.c","item","ITEM","create|do_effect","local_behavior|source_relative"
"clone/misc/letter.c","item","ITEM","is_letter|create","local_behavior|source_relative"
"clone/misc/mashao.c","unclassified_review","__DIR__ ""whistle""","create","source_relative"
"clone/misc/mask.c","item","ITEM","create|init|do_pretend|move","local_behavior|source_relative"
"clone/misc/muding.c","item","ITEM","create|is_container|init|do_clear|do_light|back_owner|catch_insect|do_liandu|do_make|setInsects","local_behavior|random|lifecycle_or_spawn"
"clone/misc/needfire.c","item","ITEM","create|init|set_light_time|light|destroy|do_kao|move|remove","local_behavior|random|lifecycle_or_spawn|source_relative"
"clone/misc/newbie.c","item","ITEM","create|do_effect","local_behavior|source_relative"
"clone/misc/newbie_book.c","item","ITEM","create|init|do_du","local_behavior|source_relative"
"clone/misc/part.c","food|item","ITEM|F_FOOD|F_CUTABLE|F_SILENTDEST","is_body_part|create|long|set_from|finish_eat|eat_effect","local_behavior|closure|lifecycle_or_spawn|source_relative"
"clone/misc/pin.c","weapon","PIN","create","source_relative"
"clone/misc/receipt.c","item","ITEM","is_receipt|create","local_behavior|source_relative"
"clone/misc/river_boat.c","item","ITEM","create|destruct_me","local_behavior|lifecycle_or_spawn|source_relative"
"clone/misc/roommaker.c","item","ITEM|F_AUTOLOAD","create|query_autoload|init|do_mkroom|do_rset|do_connect|do_saveroom|save_room_file|owner_is_killed","local_behavior"
"clone/misc/rumor.c","item","ITEM|F_AUTOLOAD","setup|create|query_autoload","local_behavior|source_relative"
"clone/misc/shang-ling.c","item","ITEM","create|init|do_stock|do_unstock|query_autoload","local_behavior"
"clone/misc/shanghan.c","item","ITEM","create|do_effect","local_behavior|source_relative"
"clone/misc/shedan.c","item","ITEM","create|do_effect","local_behavior|source_relative"
"clone/misc/shedu.c","stack","COMBINED_ITEM","create|do_effect","local_behavior|source_relative"
"clone/misc/shexiang.c","item","ITEM","create|init|apply_for_wimpy|do_apply","local_behavior|random|source_relative"
"clone/misc/shier.c","stack","COMBINED_ITEM","create","source_relative"
"clone/misc/shoeshine.c","item","ITEM","create|long|cost","local_behavior|source_relative"
"clone/misc/sleepbag.c","item","ITEM","create","source_relative"
"clone/misc/spin.c","weapon","PIN","create","source_relative"
"clone/misc/swmuding.c","unclassified_review","""/clone/misc/muding""","create","create_only_review"
"clone/misc/trans_cart.c","item","ITEM","create","lifecycle_or_spawn|source_relative"
"clone/misc/wedding-ring.c","unclassified_review","","setup","local_behavior|local_include"
"clone/misc/whistle.c","item","ITEM","init|create|do_whistle","local_behavior|random|closure|lifecycle_or_spawn|source_relative"
"clone/misc/wood.c","item","ITEM","create|fire","local_behavior|lifecycle_or_spawn|source_relative"
"clone/misc/xiangliao.c","stack","COMBINED_ITEM","create","source_relative"
"clone/misc/xiaohuan-dan.c","item","ITEM","create|do_effect","local_behavior|source_relative"
"clone/misc/xiaoshu.c","item","ITEM","create|do_effect","local_behavior|source_relative"
"clone/misc/yanbo.c","item","ITEM","create|is_container|can_make_medicine","local_behavior|source_relative"
"clone/misc/yangjing.c","item","ITEM","create|do_effect","local_behavior|source_relative"
"clone/misc/yanwu.c","item","ITEM","create|init|apply_for_wimpy|do_apply","local_behavior|random|source_relative"
"clone/misc/yinzongxiang.c","item","ITEM","create|find_room|remove","local_behavior|source_relative"
"clone/misc/yuer.c","stack","COMBINED_ITEM","create","source_relative"
"clone/misc/zhike.c","item","ITEM","create|do_effect","local_behavior|source_relative"
"clone/misc/zhujingchan.c","item","ITEM","create|do_effect","local_behavior|source_relative"
"clone/money/cash.c","unclassified_review","MONEY","create","source_relative"
"clone/money/coin.c","unclassified_review","MONEY","create","source_relative"
"clone/money/gold.c","unclassified_review","MONEY","create","source_relative"
"clone/money/silver.c","unclassified_review","MONEY","create","source_relative"
"clone/npc/killer.c","npc","NPC","create|do_flee|unconcious","local_behavior|random|lifecycle_or_spawn"
"clone/npc/mafu.c","npc","NPC","create|init|greeting|accept_object","local_behavior|lifecycle_or_spawn"
"clone/npc/meng-zhu.c","npc","NPC|F_MASTER|F_UNIQUE|F_SAVE","query_save_file|create|init|do_kill|accept_fight|checking|do_copy|do_recopy|do_clone|do_recover","local_behavior|identity_or_persistence|lifecycle_or_spawn"
"clone/npc/mu-ren.c","unclassified_review","FIGHTER","create","create_only_review"
"clone/npc/pet.c","unclassified_review","","setup","local_behavior|local_include"
"clone/npc/tie-ren.c","unclassified_review","FIGHTER","create","create_only_review"
"clone/npc/tong-ren.c","unclassified_review","FIGHTER","create","create_only_review"
"clone/npc/walker.c","npc","NPC","create|do_walk|unconcious","local_behavior|random|closure|lifecycle_or_spawn"
"clone/npc/xunbu.c","npc","NPC","create|do_halt|do_chat|fight_ob|accept_fight|accept_kill|accept_hit|init|catch_ob|catch_killer|return_back|attack|scan","local_behavior|random|closure|lifecycle_or_spawn"
"clone/poison/chixiefen.c","item","ITEM","create|do_effect","local_behavior|source_relative"
"clone/poison/duanchangsan.c","item","ITEM","create|do_effect","local_behavior|source_relative"
"clone/poison/furougao.c","item","ITEM","create|do_effect","local_behavior|source_relative"
"clone/poison/hedinghong.c","item","ITEM","create|do_effect","local_behavior|source_relative"
"clone/poison/kongquedan.c","item","ITEM","create|do_effect","local_behavior|source_relative"
"clone/poison/wushengsan.c","item","ITEM","create|do_effect","local_behavior|source_relative"
"clone/quarry/bao.c","animal|quarry_family","QUARRY","create","source_relative"
"clone/quarry/diao.c","animal|quarry_family","QUARRY","create","source_relative"
"clone/quarry/eyu.c","animal|quarry_family","QUARRY","create","source_relative"
"clone/quarry/fu.c","animal|quarry_family","QUARRY","create","create_only_review"
"clone/quarry/gou.c","animal|quarry_family","QUARRY","create","source_relative"
"clone/quarry/gou2.c","animal|quarry_family","QUARRY","create","source_relative"
"clone/quarry/gou3.c","animal|quarry_family","QUARRY","create","source_relative"
"clone/quarry/gui.c","animal|quarry_family","QUARRY","create","create_only_review"
"clone/quarry/he.c","animal|quarry_family","QUARRY","create","create_only_review"
"clone/quarry/he2.c","animal|quarry_family","QUARRY","create","create_only_review"
"clone/quarry/hou.c","animal|quarry_family","QUARRY","create","create_only_review"
"clone/quarry/hu.c","animal|quarry_family","QUARRY","create","source_relative"
"clone/quarry/hu2.c","animal|quarry_family","QUARRY","create","source_relative"
"clone/quarry/item/baopi.c","stack|quarry_family","COMBINED_ITEM","create","source_relative"
"clone/quarry/item/baorou.c","stack|quarry_family","COMBINED_ITEM","create","local_include|source_relative"
"clone/quarry/item/diaopi.c","stack|quarry_family","COMBINED_ITEM","create","source_relative"
"clone/quarry/item/diaorou.c","stack|quarry_family","COMBINED_ITEM","create","local_include|source_relative"
"clone/quarry/item/eyupi.c","stack|quarry_family","COMBINED_ITEM","create","source_relative"
"clone/quarry/item/eyurou.c","stack|quarry_family","COMBINED_ITEM","create","local_include|source_relative"
"clone/quarry/item/goupi.c","stack|quarry_family","COMBINED_ITEM","create","source_relative"
"clone/quarry/item/gourou.c","stack|quarry_family","COMBINED_ITEM","create","local_include|source_relative"
"clone/quarry/item/hupi.c","stack|quarry_family","COMBINED_ITEM","create","source_relative"
"clone/quarry/item/hurou.c","stack|quarry_family","COMBINED_ITEM","create","local_include|source_relative"
"clone/quarry/item/jirou.c","stack|quarry_family","COMBINED_ITEM","create","local_include|source_relative"
"clone/quarry/item/jizirou.c","stack|quarry_family","COMBINED_ITEM","create","local_include|source_relative"
"clone/quarry/item/langpi.c","stack|quarry_family","COMBINED_ITEM","create","source_relative"
"clone/quarry/item/langpi2.c","stack|quarry_family","COMBINED_ITEM","create","source_relative"
"clone/quarry/item/langrou.c","stack|quarry_family","COMBINED_ITEM","create","local_include|source_relative"
"clone/quarry/item/lipi.c","stack|quarry_family","COMBINED_ITEM","create","source_relative"
"clone/quarry/item/lipi2.c","stack|quarry_family","COMBINED_ITEM","create","source_relative"
"clone/quarry/item/lirou.c","stack|quarry_family","COMBINED_ITEM","create","local_include|source_relative"
"clone/quarry/item/lurou.c","stack|quarry_family","COMBINED_ITEM","create","local_include|source_relative"
"clone/quarry/item/niupi.c","stack|quarry_family","COMBINED_ITEM","create","source_relative"
"clone/quarry/item/niurou.c","stack|quarry_family","COMBINED_ITEM","create","local_include|source_relative"
"clone/quarry/item/paorou.c","stack|quarry_family","COMBINED_ITEM","create","local_include|source_relative"
"clone/quarry/item/shepi.c","stack|quarry_family","COMBINED_ITEM","create","source_relative"
"clone/quarry/item/sherou.c","stack|quarry_family","COMBINED_ITEM","create","local_include|source_relative"
"clone/quarry/item/turou.c","stack|quarry_family","COMBINED_ITEM","create","local_include|source_relative"
"clone/quarry/item/xiangrou.c","stack|quarry_family","COMBINED_ITEM","create","local_include|source_relative"
"clone/quarry/item/xiangya.c","stack|quarry_family","COMBINED_ITEM","create","source_relative"
"clone/quarry/item/xiongpi.c","stack|quarry_family","COMBINED_ITEM","create","source_relative"
"clone/quarry/item/xiongrou.c","stack|quarry_family","COMBINED_ITEM","create","local_include|source_relative"
"clone/quarry/item/yangpi.c","stack|quarry_family","COMBINED_ITEM","create","source_relative"
"clone/quarry/item/yangrou.c","stack|quarry_family","COMBINED_ITEM","create","local_include|source_relative"
"clone/quarry/item/yingrou.c","stack|quarry_family","COMBINED_ITEM","create","local_include|source_relative"
"clone/quarry/item/zhangrou.c","stack|quarry_family","COMBINED_ITEM","create","local_include|source_relative"
"clone/quarry/item/zhurou.c","stack|quarry_family","COMBINED_ITEM","create","local_include|source_relative"
"clone/quarry/ji.c","animal|quarry_family","QUARRY","create","source_relative"
"clone/quarry/jizi.c","animal|quarry_family","QUARRY","create","source_relative"
"clone/quarry/lang.c","animal|quarry_family","QUARRY","create","source_relative"
"clone/quarry/lang2.c","animal|quarry_family","QUARRY","create","source_relative"
"clone/quarry/lang3.c","animal|quarry_family","QUARRY","create","source_relative"
"clone/quarry/laohu.c","animal|quarry_family","QUARRY","create","source_relative"
"clone/quarry/laohu2.c","animal|quarry_family","QUARRY","create","source_relative"
"clone/quarry/lu.c","animal|quarry_family","QUARRY","create","source_relative"
"clone/quarry/lu2.c","animal|quarry_family","QUARRY","create","source_relative"
"clone/quarry/niao.c","animal|quarry_family","QUARRY","create","create_only_review"
"clone/quarry/niao2.c","animal|quarry_family","QUARRY","create","create_only_review"
"clone/quarry/niao3.c","animal|quarry_family","QUARRY","create","create_only_review"
"clone/quarry/pao.c","animal|quarry_family","QUARRY","create","source_relative"
"clone/quarry/song.c","animal|quarry_family","QUARRY","create","create_only_review"
"clone/quarry/tu.c","animal|quarry_family","QUARRY","create","source_relative"
"clone/quarry/xiang.c","animal|quarry_family","QUARRY","create","source_relative"
"clone/quarry/xiong.c","animal|quarry_family","QUARRY","create","source_relative"
"clone/quarry/xiong2.c","animal|quarry_family","QUARRY","create","source_relative"
"clone/quarry/yang.c","animal|quarry_family","QUARRY","create","source_relative"
"clone/quarry/yang2.c","animal|quarry_family","QUARRY","create","source_relative"
"clone/quarry/yang3.c","animal|quarry_family","QUARRY","create","source_relative"
"clone/quarry/ying.c","animal|quarry_family","QUARRY","create","source_relative"
"clone/quarry/zhang.c","animal|quarry_family","QUARRY","create","source_relative"
"clone/quarry/zhu.c","animal|quarry_family","QUARRY","create","source_relative"
"clone/quarry/zhu2.c","animal|quarry_family","QUARRY","create","source_relative"
"clone/quest/avoid.c","quest_review","QUEST_OB","create|init_quest|query_introduce|register_information|can_know_by|can_rumor_by","local_behavior"
"clone/quest/capture.c","quest_review","QUEST_OB","create|init_quest|cancel_quest|ask_2_for_1|ask_3_for_1|ask_npc1|ask_npc2|ask_npc3|whisper_to1|whisper_to2|whisper_to3|query_introduce|can_rumor_by|register_information","local_behavior|random|closure|lifecycle_or_spawn"
"clone/quest/deliver.c","quest_review","QUEST_OB","create|init_quest|cancel_quest|ask_for_qob|ask_npc1|ask_npc2|do_whisper|ask_qob|query_introduce|query_prompt|npc_accept_object|do_notice|do_finish|do_bonus|can_rumor_by|register_information","local_behavior|random|closure|lifecycle_or_spawn"
"clone/quest/explore.c","quest_review","QUEST_OB","create|init_quest|restore_npc|restore_env|cancel_quest|npc_destructed|search_qob|ask_npc|ask_qob|query_introduce|query_prompt|do_say|npc_accept_object|register_information|can_know_by","local_behavior|random|closure|lifecycle_or_spawn"
"clone/quest/judge.c","quest_review","QUEST_OB","create|init_quest|cancel_quest|ask_1_for_2|ask_2_for_1|ask_npc1|ask_npc2|ask_shan|do_whisper|query_introduce|can_rumor_by|register_information","local_behavior|random|closure|lifecycle_or_spawn"
"clone/quest/search.c","quest_review","QUEST_OB","create|init_quest|cancel_quest|ask_for_qob|ask_npc1|ask_npc2|ask_qob|whisper_to|query_introduce|do_say|npc_accept_object|can_rumor_by|register_information","local_behavior|random|closure|lifecycle_or_spawn"
"clone/quest/shen.c","quest_review","QUEST_OB","create|init_quest|cancel_quest|npc_destructed|ask_npc|query_introduce|do_say|can_know_by|register_information","local_behavior|random|closure|lifecycle_or_spawn"
"clone/quest/supply.c","quest_review","QUEST_OB","create|init_quest|restore_npc|cancel_quest|npc_destructed|ask_npc|ask_sob|query_introduce|query_prompt|do_say|npc_accept_object|do_notice|do_finish|do_bonus|register_information|can_know_by","local_behavior|random|closure|lifecycle_or_spawn"
"clone/quest/trace.c","quest_review","QUEST_OB","create|init_quest|cancel_quest|ask_1_for_2|ask_2_for_1|cancel_follow|ask_npc1|ask_npc2|do_whisper|query_introduce|can_rumor_by|register_information","local_behavior|random|closure|lifecycle_or_spawn"
"clone/questob/baijinhe.c","item|quest_review","ITEM","create","source_relative"
"clone/questob/bait.c","stack|quest_review","COMBINED_ITEM","create","source_relative"
"clone/questob/baiyubi.c","item|quest_review","ITEM","create","source_relative"
"clone/questob/bsdao.c","item|quest_review","ITEM","create","source_relative"
"clone/questob/chouyin.c","item|quest_review","ITEM","create","source_relative"
"clone/questob/cloth.c","stack|quest_review","COMBINED_ITEM","create","source_relative"
"clone/questob/farm.c","stack|quest_review","COMBINED_ITEM","create","source_relative"
"clone/questob/gold.c","stack|quest_review","COMBINED_ITEM","create","source_relative"
"clone/questob/guanyin.c","item|quest_review","ITEM","create","source_relative"
"clone/questob/gumu.c","item|quest_review","ITEM","create","source_relative"
"clone/questob/jinbagua.c","item|quest_review","ITEM","create","source_relative"
"clone/questob/jinfw.c","item|quest_review","ITEM","create","source_relative"
"clone/questob/jingua.c","item|quest_review","ITEM","create","source_relative"
"clone/questob/jingui.c","item|quest_review","ITEM","create","source_relative"
"clone/questob/jinhulu.c","item|quest_review","ITEM","create","source_relative"
"clone/questob/jinyd.c","item|quest_review","ITEM","create","source_relative"
"clone/questob/jinyt.c","item|quest_review","ITEM","create","source_relative"
"clone/questob/jlhua.c","item|quest_review","ITEM","create","source_relative"
"clone/questob/jxshi.c","item|quest_review","ITEM","create","source_relative"
"clone/questob/longxu.c","item|quest_review","ITEM","create","source_relative"
"clone/questob/maozy.c","item|quest_review","ITEM","create","source_relative"
"clone/questob/metal.c","stack|quest_review","COMBINED_ITEM","create","source_relative"
"clone/questob/plbi.c","item|quest_review","ITEM","create","source_relative"
"clone/questob/qkmao.c","item|quest_review","ITEM","create","source_relative"
"clone/questob/qtding.c","item|quest_review","ITEM","create","source_relative"
"clone/questob/rice.c","stack|quest_review","COMBINED_ITEM","create","source_relative"
"clone/questob/ruyiqiu.c","item|quest_review","ITEM","create","source_relative"
"clone/questob/silver.c","stack|quest_review","COMBINED_ITEM","create","source_relative"
"clone/questob/sjping.c","item|quest_review","ITEM","create","source_relative"
"clone/questob/spice.c","stack|quest_review","COMBINED_ITEM","create","source_relative"
"clone/questob/tiegy.c","item|quest_review","ITEM","create","source_relative"
"clone/questob/tieruyi.c","item|quest_review","ITEM","create","source_relative"
"clone/questob/tongxq.c","item|quest_review","ITEM","create","source_relative"
"clone/questob/wood.c","stack|quest_review","COMBINED_ITEM","create","source_relative"
"clone/questob/xrzhi.c","item|quest_review","ITEM","create","source_relative"
"clone/questob/xyta.c","item|quest_review","ITEM","create","source_relative"
"clone/questob/ygbei.c","item|quest_review","ITEM","create","source_relative"
"clone/questob/ylhua.c","item|quest_review","ITEM","create","source_relative"
"clone/questob/yudai.c","item|quest_review","ITEM","create","source_relative"
"clone/questob/yufo.c","item|quest_review","ITEM","create","source_relative"
"clone/questob/yugy.c","item|quest_review","ITEM","create","source_relative"
"clone/questob/yuhulu.c","item|quest_review","ITEM","create","source_relative"
"clone/questob/yulong.c","item|quest_review","ITEM","create","source_relative"
"clone/questob/yuping.c","item|quest_review","ITEM","create","source_relative"
"clone/questob/zijinchui.c","item|quest_review","ITEM","create","source_relative"
"clone/questob/zisj.c","item|quest_review","ITEM","create","source_relative"
"clone/questob/zizhubi.c","item|quest_review","ITEM","create","source_relative"
"clone/questob/zysha.c","item|quest_review","ITEM","create","source_relative"
"clone/shop/waiter.c","unclassified_review","WAITER","create","random|lifecycle_or_spawn"
"clone/special/mace-jq.c","weapon","STAFF","create|init|do_owner|do_author|do_expell|do_right|do_refuse|query_autoload|autoload","local_behavior|closure|source_relative"
"clone/special/mace-lt.c","weapon","STAFF","create|init|do_owner|do_author|do_expell|do_right|do_refuse|query_autoload|autoload","local_behavior|closure|source_relative"
"clone/special/mace-ql.c","weapon","STAFF","create|init|do_owner|do_author|do_expell|do_right|do_refuse|query_autoload|autoload","local_behavior|closure|source_relative"
"clone/special/mace.c","weapon","STAFF","create|init|do_owner|do_author|do_expell|do_right|do_refuse|query_autoload|autoload","local_behavior|closure|source_relative"
"clone/special/sjmletter.c","item","ITEM","create","source_relative"
"clone/tattoo/body1.c","tattoo_family","__DIR__ ""tattoo""","create","source_relative"
"clone/tattoo/body10.c","tattoo_family","__DIR__ ""tattoo""","create","source_relative"
"clone/tattoo/body2.c","tattoo_family","__DIR__ ""tattoo""","create","source_relative"
"clone/tattoo/body3.c","tattoo_family","__DIR__ ""tattoo""","create","source_relative"
"clone/tattoo/body4.c","tattoo_family","__DIR__ ""tattoo""","create","source_relative"
"clone/tattoo/body5.c","tattoo_family","__DIR__ ""tattoo""","create","source_relative"
"clone/tattoo/body6.c","tattoo_family","__DIR__ ""tattoo""","create","source_relative"
"clone/tattoo/body7.c","tattoo_family","__DIR__ ""tattoo""","create","source_relative"
"clone/tattoo/body8.c","tattoo_family","__DIR__ ""tattoo""","create","source_relative"
"clone/tattoo/body9.c","tattoo_family","__DIR__ ""tattoo""","create","source_relative"
"clone/tattoo/buttock1.c","tattoo_family","__DIR__ ""tattoo""","create","source_relative"
"clone/tattoo/buttock2.c","tattoo_family","__DIR__ ""tattoo""","create","source_relative"
"clone/tattoo/buttock3.c","tattoo_family","__DIR__ ""tattoo""","create","source_relative"
"clone/tattoo/buttock4.c","tattoo_family","__DIR__ ""tattoo""","create","source_relative"
"clone/tattoo/buttock5.c","tattoo_family","__DIR__ ""tattoo""","create","source_relative"
"clone/tattoo/buttock6.c","tattoo_family","__DIR__ ""tattoo""","create","source_relative"
"clone/tattoo/buttock7.c","tattoo_family","__DIR__ ""tattoo""","create","source_relative"
"clone/tattoo/buttock8.c","tattoo_family","__DIR__ ""tattoo""","create","source_relative"
"clone/tattoo/face1.c","tattoo_family","__DIR__ ""tattoo""","create","source_relative"
"clone/tattoo/face10.c","tattoo_family","__DIR__ ""tattoo""","create","source_relative"
"clone/tattoo/face11.c","tattoo_family","__DIR__ ""tattoo""","create","source_relative"
"clone/tattoo/face12.c","tattoo_family","__DIR__ ""tattoo""","create","source_relative"
"clone/tattoo/face13.c","tattoo_family","__DIR__ ""tattoo""","create","source_relative"
"clone/tattoo/face14.c","tattoo_family","__DIR__ ""tattoo""","create","source_relative"
"clone/tattoo/face15.c","tattoo_family","__DIR__ ""tattoo""","create","source_relative"
"clone/tattoo/face16.c","tattoo_family","__DIR__ ""tattoo""","create","source_relative"
"clone/tattoo/face17.c","tattoo_family","__DIR__ ""tattoo""","create","source_relative"
"clone/tattoo/face18.c","tattoo_family","__DIR__ ""tattoo""","create","source_relative"
"clone/tattoo/face19.c","tattoo_family","__DIR__ ""tattoo""","create","source_relative"
"clone/tattoo/face2.c","tattoo_family","__DIR__ ""tattoo""","create","source_relative"
"clone/tattoo/face20.c","tattoo_family","__DIR__ ""tattoo""","create","source_relative"
"clone/tattoo/face3.c","tattoo_family","__DIR__ ""tattoo""","create","source_relative"
"clone/tattoo/face4.c","tattoo_family","__DIR__ ""tattoo""","create","source_relative"
"clone/tattoo/face5.c","tattoo_family","__DIR__ ""tattoo""","create","source_relative"
"clone/tattoo/face6.c","tattoo_family","__DIR__ ""tattoo""","create","source_relative"
"clone/tattoo/face7.c","tattoo_family","__DIR__ ""tattoo""","create","source_relative"
"clone/tattoo/face8.c","tattoo_family","__DIR__ ""tattoo""","create","source_relative"
"clone/tattoo/face9.c","tattoo_family","__DIR__ ""tattoo""","create","source_relative"
"clone/tattoo/npc_item1.c","item|tattoo_family","ITEM","create","source_relative"
"clone/tattoo/npc_item2.c","weapon|tattoo_family","PIN","create","source_relative"
"clone/tattoo/per1.c","tattoo_family","__DIR__ ""tattoo""","create","source_relative"
"clone/tattoo/spc1.c","tattoo_family","__DIR__ ""tattoo""","create","source_relative"
"clone/tattoo/spc10.c","tattoo_family","__DIR__ ""tattoo""","create","source_relative"
"clone/tattoo/spc11.c","tattoo_family","__DIR__ ""tattoo""","create","source_relative"
"clone/tattoo/spc12.c","tattoo_family","__DIR__ ""tattoo""","create","source_relative"
"clone/tattoo/spc13.c","tattoo_family","__DIR__ ""tattoo""","create","source_relative"
"clone/tattoo/spc2.c","tattoo_family","__DIR__ ""tattoo""","create","source_relative"
"clone/tattoo/spc3.c","tattoo_family","__DIR__ ""tattoo""","create","source_relative"
"clone/tattoo/spc4.c","tattoo_family","__DIR__ ""tattoo""","create","source_relative"
"clone/tattoo/spc5.c","tattoo_family","__DIR__ ""tattoo""","create","source_relative"
"clone/tattoo/spc6.c","tattoo_family","__DIR__ ""tattoo""","create","source_relative"
"clone/tattoo/spc7.c","tattoo_family","__DIR__ ""tattoo""","create","source_relative"
"clone/tattoo/spc8.c","tattoo_family","__DIR__ ""tattoo""","create","source_relative"
"clone/tattoo/spc9.c","tattoo_family","__DIR__ ""tattoo""","create","source_relative"
"clone/tattoo/spcs1.c","item|tattoo_family","ITEM","create|query_autoload","local_behavior|source_relative"
"clone/tattoo/spcs10.c","item|tattoo_family","ITEM","create|query_autoload","local_behavior|source_relative"
"clone/tattoo/spcs2.c","item|tattoo_family","ITEM","create|query_autoload","local_behavior|source_relative"
"clone/tattoo/spcs3.c","item|tattoo_family","ITEM","create|query_autoload","local_behavior|source_relative"
"clone/tattoo/spcs4.c","item|tattoo_family","ITEM","create|query_autoload","local_behavior|source_relative"
"clone/tattoo/spcs5.c","item|tattoo_family","ITEM","create|query_autoload","local_behavior|source_relative"
"clone/tattoo/spcs6.c","item|tattoo_family","ITEM","create|query_autoload","local_behavior|source_relative"
"clone/tattoo/spcs7.c","item|tattoo_family","ITEM","create|query_autoload","local_behavior|source_relative"
"clone/tattoo/spcs8.c","item|tattoo_family","ITEM","create|query_autoload","local_behavior|source_relative"
"clone/tattoo/spcs9.c","item|tattoo_family","ITEM","create|query_autoload","local_behavior|source_relative"
"clone/tattoo/tattoo.c","item|tattoo_family","ITEM","create|long|query_autoload","local_behavior|source_relative"
"clone/ultra/xuanhuang.c","item","ITEM","create|do_effect","local_behavior|random|source_relative"
"clone/weapon/arrow.c","weapon","THROWING","is_arrow|create","local_behavior|source_relative"
"clone/weapon/bian.c","weapon","WHIP","create","source_relative"
"clone/weapon/blade.c","weapon","BLADE","create","source_relative"
"clone/weapon/bow.c","item","ITEM","create|init|do_shot","local_behavior|random|source_relative"
"clone/weapon/chaidao.c","weapon","BLADE","create","source_relative"
"clone/weapon/changbian.c","weapon","WHIP","create","source_relative"
"clone/weapon/changjian.c","weapon","SWORD","create","source_relative"
"clone/weapon/changqiang.c","weapon","CLUB","create","source_relative"
"clone/weapon/ciguarrow.c","weapon","THROWING","is_arrow|create","local_behavior|source_relative"
"clone/weapon/crossbow.c","unclassified_review","__DIR__ ""bow""","create","source_relative"
"clone/weapon/dadao.c","weapon","BLADE","create","source_relative"
"clone/weapon/dagger.c","weapon","DAGGER","create","source_relative"
"clone/weapon/duanjian.c","weapon","SWORD","create","source_relative"
"clone/weapon/feihuangshi.c","weapon","THROWING","create","source_relative"
"clone/weapon/fengweiarrow.c","weapon","THROWING","is_arrow|create","local_behavior|source_relative"
"clone/weapon/flower_leaf.c","weapon","THROWING","create","source_relative"
"clone/weapon/gangdao.c","weapon","BLADE","create","source_relative"
"clone/weapon/gangjian.c","weapon","SWORD","create","source_relative"
"clone/weapon/gangzhang.c","weapon","STAFF","create","source_relative"
"clone/weapon/goldbow.c","unclassified_review","__DIR__ ""bow""","create","source_relative"
"clone/weapon/goldbow2.c","unclassified_review","__DIR__ ""bow""","create","source_relative"
"clone/weapon/goldbow3.c","unclassified_review","__DIR__ ""bow""","create","source_relative"
"clone/weapon/green_sword.c","weapon","SWORD","create","source_relative"
"clone/weapon/hammer.c","weapon","HAMMER","create","source_relative"
"clone/weapon/jianqi.c","weapon","SWORD","create","source_relative"
"clone/weapon/jiedao.c","weapon","BLADE","create","source_relative"
"clone/weapon/jili.c","weapon","THROWING","create","source_relative"
"clone/weapon/jpn-dao.c","weapon","BLADE","create","source_relative"
"clone/weapon/jsbaojia.c","armor","ARMOR","create","source_relative"
"clone/weapon/lianzi.c","weapon","THROWING","create","source_relative"
"clone/weapon/longbow.c","unclassified_review","__DIR__ ""bow""","create","source_relative"
"clone/weapon/mudao.c","weapon","BLADE","create","source_relative"
"clone/weapon/qimeigun.c","weapon","CLUB","create","source_relative"
"clone/weapon/qishiji.c","weapon","CLUB","create","source_relative"
"clone/weapon/rousisuo.c","weapon","WHIP","create","source_relative"
"clone/weapon/tea-leaf.c","weapon","THROWING","create","source_relative"
"clone/weapon/tiegun.c","weapon","CLUB","create","source_relative"
"clone/weapon/tiejia.c","armor","CLOTH","create","source_relative"
"clone/weapon/tielianzi.c","weapon","THROWING","create","source_relative"
"clone/weapon/tudao.c","weapon","BLADE","create","source_relative"
"clone/weapon/wandao.c","weapon","BLADE","create","source_relative"
"clone/weapon/wolfarrow.c","weapon","THROWING","is_arrow|create","local_behavior|source_relative"
"clone/weapon/xiyang-sword.c","weapon","SWORD","create","source_relative"
"clone/weapon/zhubang.c","weapon","STAFF","create","source_relative"
"clone/weapon/zhujian.c","weapon","SWORD","create","source_relative"
"clone/worm/baizuwugong.c","animal","WORM","create|die","local_behavior|random"
"clone/worm/changaoxie.c","animal","WORM","create|die","local_behavior|random"
"clone/worm/changtuizhu.c","animal","WORM","create|die","local_behavior|random"
"clone/worm/datouwugong.c","animal","WORM","create|die","local_behavior|random"
"clone/worm/heiguafu.c","animal","WORM","create|die","local_behavior|random"
"clone/worm/huabanzhu.c","animal","WORM","create|die","local_behavior|random"
"clone/worm/huibeixie.c","animal","WORM","create|die","local_behavior|random"
"clone/worm/jinxianwugong.c","animal","WORM","create|die","local_behavior|random"
"clone/worm/jiuweixie.c","animal","WORM","create|die","local_behavior|random|lifecycle_or_spawn|source_relative"
"clone/worm/obj/dunang.c","item","ITEM","create|do_effect","local_behavior"
"clone/worm/qianjiewugong.c","animal","WORM","create|die","local_behavior|random"
"clone/worm/renmianzhu.c","animal","WORM","create|die","local_behavior|random|lifecycle_or_spawn|source_relative"
"clone/worm/shishixie.c","animal","WORM","create|die","local_behavior|random"
"clone/worm/tianwu.c","animal","WORM","create|die","local_behavior|random|lifecycle_or_spawn|source_relative"
"clone/worm/tieguxie.c","animal","WORM","create|die","local_behavior|random"
"clone/worm/xixuezhu.c","animal","WORM","create|die","local_behavior|random|lifecycle_or_spawn|source_relative"
"d/baituo/npc/cungu.c","npc","NPC","create","lifecycle_or_spawn"
"d/baituo/npc/feifei.c","npc","NPC","create","lifecycle_or_spawn"
"d/baituo/npc/guafu.c","npc","NPC","create","lifecycle_or_spawn"
"d/baituo/npc/guanjia.c","npc","NPC","create","lifecycle_or_spawn"
"d/baituo/npc/jinhua.c","npc","NPC","create|init|greeting|accept_object|unconcious","local_behavior|lifecycle_or_spawn"
"d/baituo/npc/kid.c","npc","NPC","create","lifecycle_or_spawn"
"d/baituo/npc/li.c","npc","NPC|F_GUARDER","create|attempt_apprentice","local_behavior|lifecycle_or_spawn"
"d/baituo/npc/lingshe.c","animal","SNAKE","create|init|unconcious|die|convert","local_behavior|random|lifecycle_or_spawn"
"d/baituo/npc/man.c","npc","NPC","create","lifecycle_or_spawn"
"d/baituo/npc/menwei.c","npc","NPC|F_GUARDER","create|init|greeting","local_behavior|random|lifecycle_or_spawn"
"d/baituo/npc/playboy.c","npc","NPC","create","lifecycle_or_spawn"
"d/baituo/npc/qiaofu.c","npc","NPC","create","lifecycle_or_spawn"
"d/baituo/npc/shanzei1.c","npc","NPC","create","random|lifecycle_or_spawn"
"d/baituo/npc/shanzei2.c","npc","NPC","create|init","local_behavior|lifecycle_or_spawn"
"d/baituo/npc/shanzei3.c","npc","NPC","create","lifecycle_or_spawn"
"d/baituo/npc/shiwei.c","npc","NPC","create","lifecycle_or_spawn"
"d/baituo/npc/smith.c","unclassified_review","""/inherit/char/smith.c""","create","closure|lifecycle_or_spawn"
"d/baituo/npc/snake.c","animal","SNAKE","create|init|die|convert","local_behavior|random|lifecycle_or_spawn|source_relative"
"d/baituo/npc/snaker.c","npc|merchant","NPC|F_DEALER","create|init|greeting|accept_fight","local_behavior|lifecycle_or_spawn"
"d/baituo/npc/trainer.c","npc","NPC","create|attempt_apprentice|accept_fight","local_behavior|lifecycle_or_spawn"
"d/baituo/npc/whitelady.c","npc","NPC","create","lifecycle_or_spawn"
"d/baituo/npc/woman.c","npc","NPC","create","lifecycle_or_spawn"
"d/baituo/npc/xiaoqing.c","npc","NPC","create","lifecycle_or_spawn"
"d/baituo/npc/yahuan.c","npc","NPC","create","lifecycle_or_spawn"
"d/baituo/npc/zhangma.c","npc","NPC","create|inquiry_hua","local_behavior|closure|lifecycle_or_spawn"
"d/baituo/obj/baipao.c","armor","CLOTH","create","source_relative"
"d/baituo/obj/bowl.c","drink|item","ITEM|F_LIQUID","create","source_relative"
"d/baituo/obj/cake.c","food|item","F_FOOD|ITEM","create","source_relative"
"d/baituo/obj/caomei.c","food|item","F_FOOD|ITEM","create","source_relative"
"d/baituo/obj/chai.c","item","ITEM","create","source_relative"
"d/baituo/obj/chaidao.c","weapon","BLADE","create","source_relative"
"d/baituo/obj/dadao.c","weapon","BLADE","create","source_relative"
"d/baituo/obj/doujiang.c","drink|item","ITEM|F_LIQUID","create","source_relative"
"d/baituo/obj/fen.c","item","ITEM","create|do_effect","local_behavior|random|source_relative"
"d/baituo/obj/jindan.c","item","ITEM","init|create|do_eat","local_behavior"
"d/baituo/obj/key.c","item","ITEM","create","source_relative"
"d/baituo/obj/lingshezhang.c","weapon","STAFF","create|init|convert","local_behavior|random|lifecycle_or_spawn|source_relative"
"d/baituo/obj/mangshe-dan.c","item","ITEM","init|create|cure_ob|decay","local_behavior|lifecycle_or_spawn"
"d/baituo/obj/qingdan.c","item","ITEM","init|create|do_eat","local_behavior"
"d/baituo/obj/qingpao.c","armor","CLOTH","create","source_relative"
"d/baituo/obj/shebian.c","weapon","WHIP","create","source_relative"
"d/baituo/obj/shedan.c","unclassified_review","POWDER","create|cure_ob|effect_in_liquid","local_behavior"
"d/baituo/obj/shedangao.c","item","ITEM","init|create|do_eat","local_behavior|source_relative"
"d/baituo/obj/shenshe.c","item","ITEM","create|init|do_home","local_behavior|source_relative"
"d/baituo/obj/shepi.c","armor","CLOTH","create","source_relative"
"d/baituo/obj/sherou.c","food|item","F_FOOD|ITEM","create","source_relative"
"d/baituo/obj/shezhang.c","weapon","STAFF","create|init|convert","local_behavior|random|lifecycle_or_spawn|source_relative"
"d/baituo/obj/shoe.c","item","ITEM","create","source_relative"
"d/baituo/obj/tiezheng.c","item","ITEM|MI_ZHENG","create|init","local_behavior|source_relative"
"d/baituo/obj/turou.c","food|item","F_FOOD|ITEM","create","source_relative"
"d/baituo/obj/zheng.c","item","ITEM|MI_ZHENG","create|init","local_behavior|source_relative"
"d/baituo/obj/zhulou.c","item","ITEM","no_limit_amount|create|init|is_container|do_catch|do_free|reject","local_behavior|source_relative"
"d/beijing/liandan_lin1.c","unclassified_review","LIANDAN_LIN","create","source_relative"
"d/beijing/liandan_lin2.c","unclassified_review","LIANDAN_LIN","create","source_relative"
"d/beijing/liandan_lin3.c","unclassified_review","LIANDAN_LIN","create","source_relative"
"d/beijing/liandan_lin4.c","unclassified_review","LIANDAN_LIN","create","source_relative"
"d/beijing/liandan_lin5.c","unclassified_review","LIANDAN_LIN","create","source_relative"
"d/beijing/liandan_lin6.c","unclassified_review","LIANDAN_LIN","create","source_relative"
"d/beijing/liandan_lin7.c","unclassified_review","LIANDAN_LIN","create","source_relative"
"d/beijing/liandan_lin8.c","unclassified_review","LIANDAN_LIN","create","source_relative"
"d/beijing/npc/aobai.c","npc","NPC","create|accept_fight","local_behavior|lifecycle_or_spawn|source_relative"
"d/beijing/npc/bing1.c","npc","NPC","create|init|accept_fight","local_behavior|lifecycle_or_spawn|source_relative"
"d/beijing/npc/bing2.c","npc","NPC","create|init|accept_fight","local_behavior|lifecycle_or_spawn|source_relative"
"d/beijing/npc/bing3.c","npc","NPC","create|init|accept_fight","local_behavior|lifecycle_or_spawn|source_relative"
"d/beijing/npc/boy1.c","npc","NPC","create","lifecycle_or_spawn|source_relative"
"d/beijing/npc/boy2.c","npc","NPC","create","lifecycle_or_spawn|source_relative"
"d/beijing/npc/boy3.c","npc","NPC","create","lifecycle_or_spawn|source_relative"
"d/beijing/npc/caifan.c","npc|merchant","NPC|F_VENDOR","create|init","local_behavior|lifecycle_or_spawn|source_relative"
"d/beijing/npc/chaboshi.c","npc","NPC","create","lifecycle_or_spawn"
"d/beijing/npc/chake.c","npc","NPC","create","lifecycle_or_spawn"
"d/beijing/npc/chenglaoban.c","npc|merchant","NPC|F_DEALER","create|init","local_behavior|lifecycle_or_spawn"
"d/beijing/npc/chenlaotou.c","merchant","KNOWER|F_DEALER","create|init|greeting","local_behavior|random|lifecycle_or_spawn"
"d/beijing/npc/dan/caoyao.c","item|medicine_family","ITEM","create","source_relative"
"d/beijing/npc/dan/danA_1.c","stack|medicine_family","COMBINED_ITEM","create|do_effect","local_behavior|source_relative"
"d/beijing/npc/dan/danA_2.c","stack|medicine_family","COMBINED_ITEM","create|do_effect","local_behavior|source_relative"
"d/beijing/npc/dan/danA_3.c","stack|medicine_family","COMBINED_ITEM","create|do_effect","local_behavior|source_relative"
"d/beijing/npc/dan/danA_4.c","stack|medicine_family","COMBINED_ITEM","create|do_effect","local_behavior|source_relative"
"d/beijing/npc/dan/danA_5.c","medicine_family","","create|do_effect|owner_is_killed","local_behavior|local_include|source_relative"
"d/beijing/npc/dan/danB_1.c","stack|medicine_family","COMBINED_ITEM","create|do_effect","local_behavior|source_relative"
"d/beijing/npc/dan/danB_2.c","stack|medicine_family","COMBINED_ITEM","create|do_effect","local_behavior|source_relative"
"d/beijing/npc/dan/danB_3.c","stack|medicine_family","COMBINED_ITEM","create|do_effect","local_behavior|source_relative"
"d/beijing/npc/dan/danB_4.c","stack|medicine_family","COMBINED_ITEM","create|do_effect","local_behavior|source_relative"
"d/beijing/npc/dan/danB_5.c","stack|medicine_family","COMBINED_ITEM","create|do_effect","local_behavior|source_relative"
"d/beijing/npc/dan/danB_6.c","medicine_family","","create|do_effect|owner_is_killed","local_behavior|local_include|source_relative"
"d/beijing/npc/dan/danC_1.c","stack|medicine_family","COMBINED_ITEM","create|do_effect","local_behavior|source_relative"
"d/beijing/npc/dan/danC_2.c","stack|medicine_family","COMBINED_ITEM","create|do_effect","local_behavior|source_relative"
"d/beijing/npc/dan/danC_3.c","stack|medicine_family","COMBINED_ITEM","create|do_effect","local_behavior|source_relative"
"d/beijing/npc/dan/danC_4.c","stack|medicine_family","COMBINED_ITEM","create|do_effect","local_behavior|source_relative"
"d/beijing/npc/dan/danC_5.c","medicine_family","","create|do_effect|owner_is_killed","local_behavior|local_include|source_relative"
"d/beijing/npc/dan/danD_1.c","stack|medicine_family","COMBINED_ITEM","create|do_effect","local_behavior|source_relative"
"d/beijing/npc/dan/danD_2.c","stack|medicine_family","COMBINED_ITEM","create|do_effect","local_behavior|source_relative"
"d/beijing/npc/dan/danD_3.c","stack|medicine_family","COMBINED_ITEM","create|do_effect","local_behavior|source_relative"
"d/beijing/npc/dan/danD_4.c","stack|medicine_family","COMBINED_ITEM","create|do_effect","local_behavior|source_relative"
"d/beijing/npc/dan/danD_5.c","stack|medicine_family","COMBINED_ITEM","create|do_effect","local_behavior|source_relative"
"d/beijing/npc/dan/danD_6.c","medicine_family","","create|do_effect|owner_is_killed","local_behavior|local_include|source_relative"
"d/beijing/npc/dan/danM_1.c","stack|medicine_family","COMBINED_ITEM","create|do_effect","local_behavior|source_relative"
"d/beijing/npc/dan/danM_2.c","stack|medicine_family","COMBINED_ITEM","create|do_effect","local_behavior|source_relative"
"d/beijing/npc/dan/danM_3.c","stack|medicine_family","COMBINED_ITEM","create|do_effect","local_behavior|source_relative"
"d/beijing/npc/dan/danM_4.c","stack|medicine_family","COMBINED_ITEM","create|do_effect","local_behavior|source_relative"
"d/beijing/npc/dan/danM_5.c","medicine_family","","create|do_effect|owner_is_killed","local_behavior|local_include|source_relative"
"d/beijing/npc/dan/danM_6.c","stack|medicine_family","COMBINED_ITEM","create|do_effect","local_behavior|source_relative"
"d/beijing/npc/dan/danM_7.c","stack|medicine_family","COMBINED_ITEM","create|do_effect","local_behavior|source_relative"
"d/beijing/npc/dan/danM_8.c","stack|medicine_family","COMBINED_ITEM","create|do_effect","local_behavior|source_relative"
"d/beijing/npc/dan/danM_9.c","medicine_family","","create|do_effect|owner_is_killed","local_behavior|local_include|source_relative"
"d/beijing/npc/dan/danS_1.c","medicine_family","","create|do_effect|owner_is_killed","local_behavior|local_include|source_relative"
"d/beijing/npc/dan/danS_2.c","medicine_family","","create|do_effect|owner_is_killed","local_behavior|local_include|source_relative"
"d/beijing/npc/dan/danS_3.c","medicine_family","","create|do_effect|owner_is_killed","local_behavior|local_include|source_relative"
"d/beijing/npc/dan/danS_4.c","medicine_family","","create|do_effect|owner_is_killed","local_behavior|local_include|source_relative"
"d/beijing/npc/dan/danS_5.c","medicine_family","","create|do_effect|owner_is_killed","local_behavior|local_include|source_relative"
"d/beijing/npc/dangpuzhang.c","npc|merchant","NPC|F_DEALER","create|init","local_behavior|lifecycle_or_spawn"
"d/beijing/npc/dipi.c","npc","NPC","create","lifecycle_or_spawn"
"d/beijing/npc/dubi.c","npc","NPC|F_UNIQUE|F_MASTER","create|init|recognize_apprentice|greeting","local_behavior|identity_or_persistence|lifecycle_or_spawn"
"d/beijing/npc/ducha.c","npc","NPC","create","lifecycle_or_spawn"
"d/beijing/npc/duke.c","npc","NPC","create","lifecycle_or_spawn"
"d/beijing/npc/duolong.c","npc","NPC","create|init|accept_fight","local_behavior|lifecycle_or_spawn"
"d/beijing/npc/fangang.c","npc","NPC|F_UNIQUE|F_MASTER","create|init|die|ask_weiwang","local_behavior|identity_or_persistence|closure|lifecycle_or_spawn|local_include"
"d/beijing/npc/feng.c","npc","NPC","create","lifecycle_or_spawn"
"d/beijing/npc/fengjizhong.c","npc","NPC|F_UNIQUE|F_MASTER","create|init|die|ask_weiwang","local_behavior|identity_or_persistence|closure|lifecycle_or_spawn|local_include"
"d/beijing/npc/flowerg.c","npc","NPC","create|init|greeting","local_behavior|lifecycle_or_spawn"
"d/beijing/npc/furen.c","npc","NPC","create|init|greeting|accept_object","local_behavior|lifecycle_or_spawn"
"d/beijing/npc/girl1.c","npc","NPC","create","lifecycle_or_spawn"
"d/beijing/npc/girl2.c","npc","NPC","create","lifecycle_or_spawn"
"d/beijing/npc/girl3.c","npc","NPC","create","lifecycle_or_spawn"
"d/beijing/npc/girl4.c","npc","NPC","create","lifecycle_or_spawn"
"d/beijing/npc/guananji.c","npc","NPC|F_UNIQUE|F_MASTER","create|init|die|ask_weiwang","local_behavior|identity_or_persistence|closure|lifecycle_or_spawn|local_include"
"d/beijing/npc/guanzhong.c","npc","NPC","create","lifecycle_or_spawn"
"d/beijing/npc/guierniang.c","npc","NPC|F_MASTER","create","identity_or_persistence|closure|lifecycle_or_spawn"
"d/beijing/npc/guixinshu.c","npc","NPC|F_MASTER","create","identity_or_persistence|closure|lifecycle_or_spawn"
"d/beijing/npc/guizhong.c","npc","NPC","create|kill_ob","local_behavior|closure|lifecycle_or_spawn"
"d/beijing/npc/guizishou.c","npc","NPC","create","lifecycle_or_spawn"
"d/beijing/npc/haigonggong.c","npc","NPC","create|init|ask_for_zigong|do_decide","local_behavior|closure|lifecycle_or_spawn|source_relative"
"d/beijing/npc/hanwenchong.c","npc","NPC","create|attempt_apprentice","local_behavior|lifecycle_or_spawn"
"d/beijing/npc/haoke1.c","npc","NPC","create","lifecycle_or_spawn"
"d/beijing/npc/hu.c","npc|merchant","NPC|F_DEALER","create|init","local_behavior|lifecycle_or_spawn|source_relative"
"d/beijing/npc/huanv.c","npc|merchant","NPC|F_VENDOR","create|init","local_behavior|lifecycle_or_spawn"
"d/beijing/npc/hunhun.c","npc","NPC","create","lifecycle_or_spawn"
"d/beijing/npc/jiading_a.c","npc","NPC","create","lifecycle_or_spawn"
"d/beijing/npc/jiading_k.c","npc","NPC","create","lifecycle_or_spawn"
"d/beijing/npc/jialaoliu.c","npc","NPC","create|die|ask_weiwang","local_behavior|closure|lifecycle_or_spawn"
"d/beijing/npc/jiao1.c","npc","NPC","create","create_only_review"
"d/beijing/npc/jiao2.c","npc","NPC","create","create_only_review"
"d/beijing/npc/jinv.c","npc","NPC","create","lifecycle_or_spawn"
"d/beijing/npc/jumin1.c","npc","NPC","create","lifecycle_or_spawn"
"d/beijing/npc/kangqinwang.c","npc","NPC","create","lifecycle_or_spawn"
"d/beijing/npc/kangxi.c","npc","NPC","create|init|ask_reward|do_answer|unconcious","local_behavior|random|closure|lifecycle_or_spawn"
"d/beijing/npc/kid1.c","npc","NPC","create","lifecycle_or_spawn"
"d/beijing/npc/kongyiji.c","npc","NPC","create|get_yueyin","local_behavior|closure|lifecycle_or_spawn"
"d/beijing/npc/lama.c","npc","NPC","create|init|greeting","local_behavior|random|lifecycle_or_spawn"
"d/beijing/npc/laobaopo.c","npc","NPC","create|init|greeting","local_behavior|lifecycle_or_spawn"
"d/beijing/npc/liandan_langzhong.c","npc","NPC","create|init","local_behavior|lifecycle_or_spawn|source_relative"
"d/beijing/npc/liandan_tongzi.c","npc","NPC","create|ask_caiyao|accept_object","local_behavior|random|closure|lifecycle_or_spawn"
"d/beijing/npc/liandan_yaochun.c","npc|merchant","NPC|F_DEALER","create|init|do_liandan|ask_me|recognize_apprentice|ask_yinzhen","local_behavior|random|closure|lifecycle_or_spawn"
"d/beijing/npc/lilishi.c","npc","NPC|F_MASTER","create","identity_or_persistence|lifecycle_or_spawn"
"d/beijing/npc/liudahong.c","npc","NPC|F_MASTER","create","identity_or_persistence|lifecycle_or_spawn"
"d/beijing/npc/liumang.c","npc","NPC","create","lifecycle_or_spawn"
"d/beijing/npc/maiyi1.c","npc","NPC","create","lifecycle_or_spawn"
"d/beijing/npc/maiyi2.c","npc","NPC","create","lifecycle_or_spawn"
"d/beijing/npc/matong.c","npc","NPC","create|init|greeting|accept_object|receive_damage|receive_wound|give_mashao","local_behavior|closure|lifecycle_or_spawn|local_include"
"d/beijing/npc/mianhuoji.c","npc|merchant","NPC|F_DEALER","create","random|lifecycle_or_spawn"
"d/beijing/npc/obj/axe.c","weapon","AXE","create","source_relative"
"d/beijing/npc/obj/blade.c","weapon","BLADE","create","source_relative"
"d/beijing/npc/obj/blade1.c","weapon","BLADE","create","source_relative"
"d/beijing/npc/obj/blade2.c","weapon","BLADE","create","source_relative"
"d/beijing/npc/obj/blade3.c","weapon","BLADE","create","source_relative"
"d/beijing/npc/obj/body.c","armor","ARMOR","create","source_relative"
"d/beijing/npc/obj/cloth.c","armor","CLOTH","create","source_relative"
"d/beijing/npc/obj/cloth1.c","armor","CLOTH","create","source_relative"
"d/beijing/npc/obj/cloth2.c","armor","CLOTH","create","source_relative"
"d/beijing/npc/obj/cloth3.c","armor","CLOTH","create","source_relative"
"d/beijing/npc/obj/cloth4.c","armor","CLOTH","create","source_relative"
"d/beijing/npc/obj/cloth5.c","armor","CLOTH","create","source_relative"
"d/beijing/npc/obj/cloth6.c","armor","CLOTH","create","source_relative"
"d/beijing/npc/obj/dagger.c","weapon","DAGGER","create","source_relative"
"d/beijing/npc/obj/diaoqiu.c","armor","CLOTH","create","source_relative"
"d/beijing/npc/obj/feet.c","armor","BOOTS","create","source_relative"
"d/beijing/npc/obj/fork.c","weapon","FORK","create","source_relative"
"d/beijing/npc/obj/fuchen.c","weapon","WHIP","create","source_relative"
"d/beijing/npc/obj/goldcloth1.c","armor","CLOTH","create","source_relative"
"d/beijing/npc/obj/goldcloth2.c","armor","CLOTH","create","source_relative"
"d/beijing/npc/obj/guanfu1.c","armor","CLOTH","create","source_relative"
"d/beijing/npc/obj/guanfu2.c","armor","CLOTH","create","source_relative"
"d/beijing/npc/obj/guanfu3.c","armor","CLOTH","create","source_relative"
"d/beijing/npc/obj/guanfu4.c","armor","CLOTH","create","source_relative"
"d/beijing/npc/obj/guanfu5.c","armor","CLOTH","create","source_relative"
"d/beijing/npc/obj/guanfu6.c","armor","CLOTH","create","source_relative"
"d/beijing/npc/obj/hammer.c","weapon","HAMMER","create","source_relative"
"d/beijing/npc/obj/hat.c","armor","HEAD","create","source_relative"
"d/beijing/npc/obj/head.c","armor","HEAD","create","source_relative"
"d/beijing/npc/obj/helmet.c","armor","HEAD","create","source_relative"
"d/beijing/npc/obj/hupi.c","armor","CLOTH","create","source_relative"
"d/beijing/npc/obj/jiasha.c","armor","CLOTH","create","source_relative"
"d/beijing/npc/obj/jinbiao.c","weapon","THROWING","create","source_relative"
"d/beijing/npc/obj/jinvcloth.c","armor","CLOTH","create","source_relative"
"d/beijing/npc/obj/longpao.c","armor","CLOTH","create","source_relative"
"d/beijing/npc/obj/mace.c","weapon","CLUB","create","source_relative"
"d/beijing/npc/obj/nvcloth.c","armor","CLOTH","create","source_relative"
"d/beijing/npc/obj/staff.c","weapon","STAFF","create","source_relative"
"d/beijing/npc/obj/stone.c","item","ITEM","create","source_relative"
"d/beijing/npc/obj/stone2.c","item","ITEM","create","source_relative"
"d/beijing/npc/obj/sword.c","weapon","SWORD","create","source_relative"
"d/beijing/npc/obj/sword1.c","weapon","SWORD","create","source_relative"
"d/beijing/npc/obj/sword2.c","weapon","SWORD","create","source_relative"
"d/beijing/npc/obj/sword3.c","weapon","SWORD","create","source_relative"
"d/beijing/npc/obj/sword4.c","weapon","SWORD","create","source_relative"
"d/beijing/npc/obj/sword5.c","weapon","SWORD","create","source_relative"
"d/beijing/npc/obj/throwing.c","weapon","THROWING","create","source_relative"
"d/beijing/npc/obj/waist.c","armor","CLOTH","create","source_relative"
"d/beijing/npc/obj/whip.c","weapon","WHIP","create","source_relative"
"d/beijing/npc/old1.c","npc","NPC","create","lifecycle_or_spawn"
"d/beijing/npc/old2.c","npc","NPC","create","lifecycle_or_spawn"
"d/beijing/npc/piaoke.c","npc","NPC","create","create_only_review"
"d/beijing/npc/q.c","npc","NPC","create","lifecycle_or_spawn"
"d/beijing/npc/qianlaoben.c","npc","NPC|F_BANKER","create|ask_weiwang","local_behavior|closure|lifecycle_or_spawn|local_include"
"d/beijing/npc/qianzhenglun.c","npc","NPC","create|init|do_yao","local_behavior|random|lifecycle_or_spawn|source_relative"
"d/beijing/npc/qibiaoqing.c","npc","NPC|F_UNIQUE|F_MASTER","create|init|die|ask_weiwang","local_behavior|identity_or_persistence|closure|lifecycle_or_spawn|local_include"
"d/beijing/npc/qiyuankai.c","npc","NPC|F_MASTER","create","identity_or_persistence|lifecycle_or_spawn"
"d/beijing/npc/richman1.c","npc","NPC","create","lifecycle_or_spawn"
"d/beijing/npc/shenzhao.c","npc","NPC|F_MASTER","create","identity_or_persistence|lifecycle_or_spawn"
"d/beijing/npc/shi_a.c","npc","NPC","create|unconcious","local_behavior|lifecycle_or_spawn"
"d/beijing/npc/shi_k.c","npc","NPC","create","lifecycle_or_spawn"
"d/beijing/npc/shiren.c","npc","NPC","create","lifecycle_or_spawn"
"d/beijing/npc/shizhe.c","npc","NPC","create","lifecycle_or_spawn"
"d/beijing/npc/shuanger.c","npc","NPC|F_UNIQUE","create|ask_go","local_behavior|identity_or_persistence|random|closure|lifecycle_or_spawn"
"d/beijing/npc/shusheng1.c","npc","NPC","create","lifecycle_or_spawn"
"d/beijing/npc/shusheng2.c","npc","NPC","create","lifecycle_or_spawn"
"d/beijing/npc/taijian.c","npc","NPC","create","lifecycle_or_spawn"
"d/beijing/npc/tangzi.c","npc","NPC","create","lifecycle_or_spawn"
"d/beijing/npc/teahuoji.c","npc|merchant","NPC|F_VENDOR","create|init","local_behavior|lifecycle_or_spawn"
"d/beijing/npc/tiaofu.c","npc","NPC","create","lifecycle_or_spawn"
"d/beijing/npc/tiegongji.c","npc","NPC|F_BANKER","create|init","local_behavior|lifecycle_or_spawn"
"d/beijing/npc/tiehuoji.c","npc","NPC","create","lifecycle_or_spawn"
"d/beijing/npc/tiejiang.c","unclassified_review","""/inherit/char/smith.c""","create","lifecycle_or_spawn"
"d/beijing/npc/xiangke.c","npc","NPC","create","lifecycle_or_spawn"
"d/beijing/npc/xianren.c","npc","NPC","create","lifecycle_or_spawn"
"d/beijing/npc/xiaoer.c","npc|merchant","NPC|F_DEALER","create|init|greeting","local_behavior|random|lifecycle_or_spawn"
"d/beijing/npc/xiaoer1.c","merchant","KNOWER|F_DEALER","create|init|greeting","local_behavior|random|lifecycle_or_spawn"
"d/beijing/npc/xiaoer2.c","merchant","KNOWER|F_DEALER","create|init|greeting","local_behavior|random|lifecycle_or_spawn"
"d/beijing/npc/xiaoer3.c","merchant","KNOWER|F_DEALER","create|init|greeting","local_behavior|random|lifecycle_or_spawn"
"d/beijing/npc/xiaofan.c","npc|merchant","NPC|F_VENDOR","create|init","local_behavior|lifecycle_or_spawn"
"d/beijing/npc/xiaoguizi.c","npc","NPC","create","lifecycle_or_spawn|source_relative"
"d/beijing/npc/xizi1.c","npc","NPC","create","lifecycle_or_spawn"
"d/beijing/npc/xizi2.c","npc","NPC","create","lifecycle_or_spawn"
"d/beijing/npc/xizi3.c","npc","NPC","create","lifecycle_or_spawn"
"d/beijing/npc/xutianchuan.c","npc","NPC|F_UNIQUE","create|init|ask_weiwang","local_behavior|identity_or_persistence|closure|lifecycle_or_spawn|local_include"
"d/beijing/npc/yahuan_a.c","npc","NPC","create","lifecycle_or_spawn"
"d/beijing/npc/yahuan_k.c","npc","NPC","create","lifecycle_or_spawn"
"d/beijing/npc/yaopuhuoji.c","npc|merchant","NPC|F_DEALER","create|init","local_behavior|lifecycle_or_spawn"
"d/beijing/npc/youke.c","npc","NPC","create","lifecycle_or_spawn"
"d/beijing/npc/youren.c","npc","NPC","create","lifecycle_or_spawn"
"d/beijing/npc/yuanding.c","npc","NPC","create","lifecycle_or_spawn"
"d/beijing/npc/yuqian1.c","npc","NPC","create|init|accept_fight|ask_reward|unconcious","local_behavior|closure|lifecycle_or_spawn"
"d/beijing/npc/yuqian2.c","npc","NPC","create|init|accept_fight","local_behavior|lifecycle_or_spawn"
"d/beijing/npc/zhanggui.c","npc","NPC","create","lifecycle_or_spawn"
"d/beijing/npc/zhangkang.c","npc","NPC","create|init|accept_fight","local_behavior|lifecycle_or_spawn"
"d/beijing/npc/zhaoqi.c","npc","NPC","create|init|accept_fight","local_behavior|lifecycle_or_spawn"
"d/beijing/npc/zheng.c","npc","NPC","create","lifecycle_or_spawn|source_relative"
"d/beijing/npc/zhuangjia.c","npc","NPC","create","lifecycle_or_spawn"
"d/beijing/npc/zhuangyu.c","npc","NPC","create|ask_weiwang|init|accept_object","local_behavior|closure|lifecycle_or_spawn|source_relative"
"d/beijing/obj/baicai.c","food|item","ITEM|F_FOOD","create","source_relative"
"d/beijing/obj/cloth.c","armor","CLOTH","create","source_relative"
"d/beijing/obj/dacong.c","food|item","ITEM|F_FOOD","create","source_relative"
"d/beijing/obj/dandao.c","weapon","BLADE","create","source_relative"
"d/beijing/obj/hanxin.c","item","ITEM","create","source_relative"
"d/beijing/obj/hua.c","item","ITEM","create","source_relative"
"d/beijing/obj/huluobo.c","food|item","ITEM|F_FOOD","create","source_relative"
"d/beijing/obj/jinbiao.c","weapon","THROWING","create","source_relative"
"d/beijing/obj/kaoya.c","food|item","ITEM|F_FOOD","create","source_relative"
"d/beijing/obj/luobo.c","food|item","ITEM|F_FOOD","create","source_relative"
"d/beijing/obj/mian.c","item","ITEM","create|do_effect","local_behavior|source_relative"
"d/beijing/obj/tanghulu.c","food|item","ITEM|F_FOOD","create","source_relative"
"d/beijing/obj/tea1.c","drink|item","ITEM|F_LIQUID","create","source_relative"
"d/beijing/obj/tea2.c","drink|item","ITEM|F_LIQUID","create","source_relative"
"d/beijing/obj/tea3.c","drink|item","ITEM|F_LIQUID","create","source_relative"
"d/beijing/obj/tea4.c","drink|item","ITEM|F_LIQUID","create","source_relative"
"d/beijing/obj/tudou.c","food|item","ITEM|F_FOOD","create","source_relative"
"d/beijing/obj/wangxin.c","item","ITEM","create","source_relative"
"d/beijing/obj/yao1.c","item","ITEM","create|do_apply","local_behavior|source_relative"
"d/beijing/obj/yao2.c","item","ITEM","create|init|do_eat","local_behavior|source_relative"
"d/beijing/obj/yao3.c","item","ITEM","setup|init|create|do_eat","local_behavior|source_relative"
"d/beijing/obj/yinzhen.c","weapon","THROWING","create|init|do_heal","local_behavior|random|source_relative"
"d/beijing/obj/zijinblade.c","weapon","BLADE","create","source_relative"
"d/changan/gongbu-shi.c","unclassified_review","PRODUCING_ROOM","create","lifecycle_or_spawn|source_relative"
"d/changan/gongbu-tong.c","unclassified_review","PRODUCING_ROOM","create","lifecycle_or_spawn|source_relative"
"d/changan/npc/baiyi.c","npc","NPC","create","lifecycle_or_spawn|local_include|source_relative"
"d/changan/npc/baobiao.c","npc","NPC","create|accept_fight|heal_up|leave","local_behavior|random|lifecycle_or_spawn|source_relative"
"d/changan/npc/biaoshi.c","npc","NPC","create","random|lifecycle_or_spawn|source_relative"
"d/changan/npc/biaotou.c","npc","NPC","create","random|lifecycle_or_spawn|source_relative"
"d/changan/npc/butou.c","npc","NPC","create","lifecycle_or_spawn|source_relative"
"d/changan/npc/chen-laoban.c","merchant","KNOWER|F_DEALER","create|init","local_behavior|random|lifecycle_or_spawn|source_relative"
"d/changan/npc/dashou.c","npc","NPC","create|init|do_killing","local_behavior|random|lifecycle_or_spawn|source_relative"
"d/changan/npc/doctor.c","npc|merchant","NPC|F_DEALER","create|init","local_behavior|lifecycle_or_spawn|source_relative"
"d/changan/npc/fenyi.c","npc","NPC","create","lifecycle_or_spawn|local_include|source_relative"
"d/changan/npc/fujiang.c","npc","NPC","determine_data|create","local_behavior|random|lifecycle_or_spawn|source_relative"
"d/changan/npc/fuyun.c","npc","NPC","create|init|do_answer|do_list|do_duihuan|unconcious|die","local_behavior|closure|lifecycle_or_spawn"
"d/changan/npc/girl.c","npc|merchant","NPC|F_DEALER","create|init|greeting","local_behavior|random|lifecycle_or_spawn|source_relative"
"d/changan/npc/guanbing.c","npc","NPC","create|init|accept_fight","local_behavior|random|lifecycle_or_spawn|source_relative"
"d/changan/npc/guanjia.c","npc","NPC","create","lifecycle_or_spawn|source_relative"
"d/changan/npc/hongyi.c","npc","NPC","create","lifecycle_or_spawn|local_include|source_relative"
"d/changan/npc/huangyi.c","npc","NPC","create|accept_fight|accept_kill|regenerate","local_behavior|lifecycle_or_spawn|source_relative"
"d/changan/npc/huitong.c","npc","NPC","create","lifecycle_or_spawn|source_relative"
"d/changan/npc/huoji.c","npc|merchant","NPC|F_DEALER","create|accept_fight|init|greeting","local_behavior|lifecycle_or_spawn|source_relative"
"d/changan/npc/jinfuhuan.c","npc|merchant","NPC|F_DEALER","create|init","local_behavior|lifecycle_or_spawn|source_relative"
"d/changan/npc/jingming.c","npc","NPC","create|accept_fight","local_behavior|lifecycle_or_spawn|source_relative"
"d/changan/npc/jingxuan.c","npc","NPC","create|accept_fight","local_behavior|lifecycle_or_spawn|source_relative"
"d/changan/npc/jinu.c","npc","NPC","create","local_include"
"d/changan/npc/keeper.c","npc","NPC","create|init|greeting","local_behavior|lifecycle_or_spawn"
"d/changan/npc/lanxiang.c","npc|merchant","NPC|F_DEALER","create|init|greeting","local_behavior|lifecycle_or_spawn|source_relative"
"d/changan/npc/lanyi.c","npc","NPC","create","lifecycle_or_spawn|local_include|source_relative"
"d/changan/npc/laoren.c","npc","NPC","create|init|says","local_behavior|random|lifecycle_or_spawn|source_relative"
"d/changan/npc/laozhang.c","npc|merchant","NPC|F_DEALER","create|init|greeting","local_behavior|lifecycle_or_spawn|source_relative"
"d/changan/npc/liang.c","npc","NPC","create","lifecycle_or_spawn|source_relative"
"d/changan/npc/lingfeixue.c","npc","NPC","create|init|greeting|accept_kill|regenerate","local_behavior|lifecycle_or_spawn|source_relative"
"d/changan/npc/liu.c","npc|merchant","NPC|F_DEALER","create|init","local_behavior|lifecycle_or_spawn|source_relative"
"d/changan/npc/luyi.c","npc","NPC","create","lifecycle_or_spawn|local_include|source_relative"
"d/changan/npc/monk.c","npc","NPC","create|init|greeting","local_behavior|random|lifecycle_or_spawn|source_relative"
"d/changan/npc/murong-hao.c","npc|merchant","NPC|F_DEALER","create|init|greeting|accept_fight","local_behavior|lifecycle_or_spawn|source_relative"
"d/changan/npc/obj/axe.c","weapon","AXE","create","source_relative"
"d/changan/npc/obj/bai-chahua.c","armor","HEAD","create","source_relative"
"d/changan/npc/obj/baijie.c","armor","HANDS","create","source_relative"
"d/changan/npc/obj/baijiu.c","drink|item","ITEM|F_LIQUID","create","source_relative"
"d/changan/npc/obj/bao1.c","food|item","ITEM|F_FOOD","create","source_relative"
"d/changan/npc/obj/bao2.c","food|item","ITEM|F_FOOD","create","source_relative"
"d/changan/npc/obj/bao3.c","food|item","ITEM|F_FOOD","create","source_relative"
"d/changan/npc/obj/baojie.c","armor","HANDS","create","source_relative"
"d/changan/npc/obj/beixin.c","armor","CLOTH","create","source_relative"
"d/changan/npc/obj/bingfu.c","armor","CLOTH","create","source_relative"
"d/changan/npc/obj/blade.c","weapon","BLADE","create","source_relative"
"d/changan/npc/obj/book.c","item","ITEM","create","source_relative"
"d/changan/npc/obj/book_blade.c","item","ITEM","create","source_relative"
"d/changan/npc/obj/book_unarmed.c","item","ITEM","create","source_relative"
"d/changan/npc/obj/changbian.c","weapon","WHIP","create","source_relative"
"d/changan/npc/obj/changjian.c","weapon","SWORD","create","source_relative"
"d/changan/npc/obj/changpao.c","armor","CLOTH","create","source_relative"
"d/changan/npc/obj/choupao.c","armor","CLOTH","create","source_relative"
"d/changan/npc/obj/cloth.c","armor","CLOTH","create","source_relative"
"d/changan/npc/obj/gangdao.c","weapon","BLADE","create","source_relative"
"d/changan/npc/obj/gangzhang.c","weapon","STAFF","create","source_relative"
"d/changan/npc/obj/gourou.c","food|item","ITEM|F_FOOD","create","source_relative"
"d/changan/npc/obj/hamigua.c","food|item","ITEM|F_FOOD","create","source_relative"
"d/changan/npc/obj/hammer.c","weapon","HAMMER","create","source_relative"
"d/changan/npc/obj/hei-mudan.c","armor","HEAD","create","source_relative"
"d/changan/npc/obj/hmeigui.c","armor","HEAD","create","source_relative"
"d/changan/npc/obj/hong-meigui.c","armor","HEAD","create","source_relative"
"d/changan/npc/obj/huang-meigui.c","armor","HEAD","create","source_relative"
"d/changan/npc/obj/jinchuang.c","item","ITEM","create|do_effect","local_behavior|source_relative"
"d/changan/npc/obj/jinjie.c","armor","HANDS","create","source_relative"
"d/changan/npc/obj/jinzhuang.c","armor","CLOTH","create","source_relative"
"d/changan/npc/obj/jitui.c","food|weapon","HAMMER|F_FOOD","create|finish_eat","local_behavior|source_relative|mixed_roles"
"d/changan/npc/obj/jiudai.c","drink|item","ITEM|F_LIQUID","create","source_relative"
"d/changan/npc/obj/juzi.c","food|item","ITEM|F_FOOD","create","source_relative"
"d/changan/npc/obj/lan-tiane.c","armor","HEAD","create","source_relative"
"d/changan/npc/obj/laofang-key.c","item","ITEM","create","source_relative"
"d/changan/npc/obj/letter.c","item","ITEM","create|destruct_me|init","local_behavior|lifecycle_or_spawn|source_relative"
"d/changan/npc/obj/lhjiyu.c","food|item","ITEM|F_FOOD","create","source_relative"
"d/changan/npc/obj/linen.c","armor","CLOTH","create","source_relative"
"d/changan/npc/obj/miantang.c","food|item","ITEM|F_FOOD","create","source_relative"
"d/changan/npc/obj/miantiao1.c","food|item","ITEM|F_FOOD","create","source_relative"
"d/changan/npc/obj/miantiao2.c","food|item","ITEM|F_FOOD","create","source_relative"
"d/changan/npc/obj/miantiao3.c","food|item","ITEM|F_FOOD","create","source_relative"
"d/changan/npc/obj/muqin.c","item","ITEM|MI_QIN","create|init","local_behavior|source_relative"
"d/changan/npc/obj/neck.c","armor","NECK","create","source_relative"
"d/changan/npc/obj/pingguo.c","food|item","ITEM|F_FOOD","create","source_relative"
"d/changan/npc/obj/ring.c","armor","HANDS","create","source_relative"
"d/changan/npc/obj/sengpao.c","armor","CLOTH","create","source_relative"
"d/changan/npc/obj/sengyi.c","armor","CLOTH","create","source_relative"
"d/changan/npc/obj/shawei.c","weapon","STAFF","create","source_relative"
"d/changan/npc/obj/shield.c","armor","SHIELD","create","source_relative"
"d/changan/npc/obj/skirt.c","armor","CLOTH","create","source_relative"
"d/changan/npc/obj/snxiangji.c","food|item","ITEM|F_FOOD","create","source_relative"
"d/changan/npc/obj/sword.c","weapon","SWORD","create","source_relative"
"d/changan/npc/obj/teapot.c","drink|item","ITEM|F_LIQUID","create","source_relative"
"d/changan/npc/obj/wrists.c","armor","WRISTS","create","source_relative"
"d/changan/npc/obj/yangjing.c","item","ITEM","create|do_effect","local_behavior|source_relative"
"d/changan/npc/obj/yayifu.c","armor","CLOTH","create","source_relative"
"d/changan/npc/obj/yinjie.c","armor","HANDS","create","source_relative"
"d/changan/npc/obj/yupei.c","armor","NECK","create","source_relative"
"d/changan/npc/obj/zhanjia.c","armor","CLOTH","create","source_relative"
"d/changan/npc/obj/zi-luolan.c","armor","HEAD","create","source_relative"
"d/changan/npc/obj/zuanjie.c","armor","HANDS","create","source_relative"
"d/changan/npc/obj/zuixunfeng.c","drink|item","ITEM|F_LIQUID","create","source_relative"
"d/changan/npc/qingyi.c","npc","NPC","create","lifecycle_or_spawn|local_include|source_relative"
"d/changan/npc/ruhua.c","npc|merchant","NPC|F_DEALER","create|init|greeting","local_behavior|lifecycle_or_spawn|source_relative"
"d/changan/npc/shiwei.c","npc","NPC","create","random|lifecycle_or_spawn|source_relative"
"d/changan/npc/shiye.c","npc","NPC","create","lifecycle_or_spawn|source_relative"
"d/changan/npc/shuchi.c","npc|merchant","NPC|F_DEALER","create|init|greeting","local_behavior|lifecycle_or_spawn|source_relative"
"d/changan/npc/tang.c","npc","NPC","create","lifecycle_or_spawn|source_relative"
"d/changan/npc/teawaiter.c","npc|merchant","NPC|F_DEALER","create|init|greeting","local_behavior|random|lifecycle_or_spawn|source_relative"
"d/changan/npc/tiegongji.c","npc","NPC|F_BANKER","create|init|enough_rest|do_audit","local_behavior|lifecycle_or_spawn|source_relative"
"d/changan/npc/tongling1.c","npc","NPC","create|accept_fight","local_behavior|lifecycle_or_spawn|source_relative"
"d/changan/npc/tongling2.c","npc","NPC","create|accept_fight","local_behavior|lifecycle_or_spawn|source_relative"
"d/changan/npc/wanxi.c","npc|merchant","NPC|F_DEALER","create|init|clean_up|die|unconcious","local_behavior|lifecycle_or_spawn|source_relative"
"d/changan/npc/worker-liu.c","npc","NPC","create|init|filter_ob|heart_beat","local_behavior|random|closure|lifecycle_or_spawn"
"d/changan/npc/worker-wang.c","npc","NPC","create|init|filter_ob|heart_beat","local_behavior|random|closure|lifecycle_or_spawn"
"d/changan/npc/wujiang.c","npc","NPC","create|init|accept_fight","local_behavior|random|lifecycle_or_spawn|source_relative"
"d/changan/npc/xiangke.c","npc","NPC","create","random|lifecycle_or_spawn|source_relative"
"d/changan/npc/xiangxiang.c","npc","NPC","create|greeting|init|execute_ask|check_rescure|unconcious","local_behavior|closure|lifecycle_or_spawn|source_relative"
"d/changan/npc/xiaoer.c","unclassified_review","KNOWER","create|greeting|accept_object","local_behavior|lifecycle_or_spawn|source_relative"
"d/changan/npc/xiaoer2.c","merchant","KNOWER|F_DEALER","create|init|greeting","local_behavior|random|lifecycle_or_spawn|source_relative"
"d/changan/npc/xizi.c","npc","NPC","create|init|says","local_behavior|random|lifecycle_or_spawn|source_relative"
"d/changan/npc/xueshi.c","npc","NPC","create|recognize_apprentice|accept_object","local_behavior|lifecycle_or_spawn|source_relative"
"d/changan/npc/yahuan.c","npc","NPC","create","lifecycle_or_spawn|source_relative"
"d/changan/npc/yang-laoban.c","merchant","KNOWER|F_DEALER","create|init","local_behavior|lifecycle_or_spawn|source_relative"
"d/changan/npc/yayi.c","npc","NPC","create|accept_fight","local_behavior|random|lifecycle_or_spawn|source_relative"
"d/changan/npc/yuanwai.c","npc","NPC","create|init|accept_object|read_letter|send_to_fight|check_daughter|cry_daughter","local_behavior|lifecycle_or_spawn|source_relative"
"d/changan/npc/yulinjun.c","npc","NPC","create|init|accept_fight","local_behavior|lifecycle_or_spawn|source_relative"
"d/changan/npc/zhifu.c","npc","NPC","create","lifecycle_or_spawn|source_relative"
"d/changan/npc/zhuangjia.c","npc","NPC","create|init|greeting","local_behavior|random|lifecycle_or_spawn|source_relative"
"d/changan/npc/ziyi.c","npc","NPC","create","lifecycle_or_spawn|local_include|source_relative"
"d/changan/npc/zong-biaotou.c","npc","NPC","create|recognize_apprentice","local_behavior|lifecycle_or_spawn|source_relative"
"d/chengdu/npc/chenhu.c","npc","NPC","create|recognize_apprentice","local_behavior"
"d/chengdu/npc/chuniang.c","npc|merchant","NPC|F_DEALER","create|init|ask_job|recognize_apprentice|accept_object|do_cook|cooking|halt_cooking","local_behavior|random|closure|lifecycle_or_spawn|source_relative"
"d/chengdu/npc/huoji.c","npc|merchant","NPC|F_DEALER","create|init","local_behavior|lifecycle_or_spawn"
"d/chengdu/npc/liuhongying.c","npc","NPC","create|recognize_apprentice","local_behavior"
"d/chengdu/npc/longquan.c","npc|merchant","NPC|F_DEALER","create|init|recognize_apprentice","local_behavior|lifecycle_or_spawn"
"d/chengdu/npc/mawude.c","npc|merchant","NPC|F_DEALER","create|init|recognize_apprentice","local_behavior|lifecycle_or_spawn"
"d/chengdu/npc/obj/baozi.c","food|item","ITEM|F_FOOD","create","source_relative"
"d/chengdu/npc/obj/feihuangshi.c","weapon","THROWING","create","source_relative"
"d/chengdu/npc/obj/flower-leaf.c","weapon","THROWING","create","source_relative"
"d/chengdu/npc/obj/jitui.c","food|weapon","HAMMER|F_FOOD","create|finish_eat","local_behavior|source_relative|mixed_roles"
"d/chengdu/npc/obj/jiudai.c","drink|item","ITEM|F_LIQUID","create","source_relative"
"d/chengdu/npc/obj/lianzi.c","weapon","THROWING","create","source_relative"
"d/chengdu/npc/obj/tea-leaf.c","weapon","THROWING","create|do_effect","local_behavior|random|source_relative"
"d/chengdu/npc/obj/tielianzi.c","weapon","THROWING","create","source_relative"
"d/chengdu/npc/qinbing.c","npc","NPC","create|init","local_behavior|random|lifecycle_or_spawn"
"d/chengdu/npc/shicong.c","npc","NPC","create","random|lifecycle_or_spawn"
"d/chengdu/npc/tangdun.c","npc","NPC","create","random"
"d/chengdu/npc/tanghua.c","npc","NPC","create","lifecycle_or_spawn"
"d/chengdu/npc/tanghuai.c","npc|merchant","NPC|F_DEALER","create|init","local_behavior|lifecycle_or_spawn|source_relative"
"d/chengdu/npc/wutiande.c","npc","NPC","create","lifecycle_or_spawn"
"d/chengdu/npc/xiaoer.c","unclassified_review","KNOWER","create|init|greeting","local_behavior|random|lifecycle_or_spawn"
"d/chengdu/npc/xiaoer2.c","merchant","KNOWER|F_DEALER","create|init|greeting","local_behavior|random|lifecycle_or_spawn|source_relative"
"d/chengdu/npc/xiaofei.c","npc","NPC","create|recognize_apprentice","local_behavior"
"d/chengdu/npc/xiaozei.c","npc","NPC","create|init|stealing|accept_object","local_behavior|random|closure|lifecycle_or_spawn"
"d/chengdu/npc/zhangfang.c","npc","NPC","create|accept_object","local_behavior|lifecycle_or_spawn"
"d/chengdu/obj/shelf.c","item","ITEM","create|is_container","local_behavior|source_relative"
"d/city/kedian.c","unclassified_review","CREATE_CHAT_ROOM","is_chat_room|create|init|valid_leave","local_behavior|source_relative"
"d/city/npc/aqingsao.c","merchant","KNOWER|F_DEALER","create|init|greeting","local_behavior|random|lifecycle_or_spawn|source_relative"
"d/city/npc/baibian.c","npc","NPC","create|init|pretending","local_behavior|random|closure|lifecycle_or_spawn"
"d/city/npc/biaotou.c","npc","NPC","create","lifecycle_or_spawn|source_relative"
"d/city/npc/bing.c","npc","NPC","create|init|accept_fight","local_behavior|lifecycle_or_spawn"
"d/city/npc/chen.c","npc|merchant","NPC|F_DEALER","create|init|accept_object|recognize_apprentice","local_behavior|lifecycle_or_spawn"
"d/city/npc/cheng.c","npc","NPC","create","lifecycle_or_spawn|source_relative"
"d/city/npc/chuanfu1.c","npc","NPC","create|accept_object|goto_matou2|unconcious","local_behavior|lifecycle_or_spawn"
"d/city/npc/chuanfu2.c","npc","NPC","create|accept_object|goto_matou1|unconcious","local_behavior|lifecycle_or_spawn"
"d/city/npc/cloth/belt.c","unclassified_review","EQUIP","create","source_relative"
"d/city/npc/cloth/boots.c","unclassified_review","EQUIP","create","source_relative"
"d/city/npc/cloth/bu-shoes.c","unclassified_review","EQUIP","create","source_relative"
"d/city/npc/cloth/cloth.c","unclassified_review","EQUIP","create","source_relative"
"d/city/npc/cloth/color-dress.c","unclassified_review","EQUIP","create","source_relative"
"d/city/npc/cloth/dress.c","unclassified_review","EQUIP","create","source_relative"
"d/city/npc/cloth/feature.c","armor","CLOTH","create","source_relative"
"d/city/npc/cloth/fu-cloth.c","unclassified_review","EQUIP","create","source_relative"
"d/city/npc/cloth/gui-dress.c","unclassified_review","EQUIP","create","source_relative"
"d/city/npc/cloth/hat.c","unclassified_review","EQUIP","create","source_relative"
"d/city/npc/cloth/jade-belt.c","unclassified_review","EQUIP","create","source_relative"
"d/city/npc/cloth/liu-dress.c","unclassified_review","EQUIP","create","source_relative"
"d/city/npc/cloth/marry-dress.c","unclassified_review","EQUIP","create","source_relative"
"d/city/npc/cloth/mini-dress.c","unclassified_review","EQUIP","create","source_relative"
"d/city/npc/cloth/moon-dress.c","unclassified_review","EQUIP","create","source_relative"
"d/city/npc/cloth/pink-dress.c","unclassified_review","EQUIP","create","source_relative"
"d/city/npc/cloth/qi-dress.c","unclassified_review","EQUIP","create","source_relative"
"d/city/npc/cloth/red-dress.c","unclassified_review","EQUIP","create","source_relative"
"d/city/npc/cloth/scarf.c","unclassified_review","EQUIP","create","source_relative"
"d/city/npc/cloth/sha-dress.c","unclassified_review","EQUIP","create","source_relative"
"d/city/npc/cloth/shoes.c","unclassified_review","EQUIP","create","source_relative"
"d/city/npc/cloth/xian-cloth.c","unclassified_review","EQUIP","create","source_relative"
"d/city/npc/cloth/xiu-cloth.c","unclassified_review","EQUIP","create","source_relative"
"d/city/npc/cloth/xiu-scarf.c","unclassified_review","EQUIP","create","source_relative"
"d/city/npc/cloth/yan-dress.c","unclassified_review","EQUIP","create","source_relative"
"d/city/npc/cloth/zi-dress.c","unclassified_review","EQUIP","create","source_relative"
"d/city/npc/douji.c","npc","NPC","create","random"
"d/city/npc/guanjia.c","npc","NPC","create","lifecycle_or_spawn"
"d/city/npc/guidao.c","npc","NPC","create|ask_me","local_behavior|random|closure|lifecycle_or_spawn"
"d/city/npc/guigong.c","npc","NPC","create","lifecycle_or_spawn|source_relative"
"d/city/npc/horseboss.c","npc","NPC","create|init|do_selete|get_subtype|get_gender|check_legal_id|check_legal_name|get_id|get_name|get_desc|build_pet|recognize_apprentice","local_behavior|closure|lifecycle_or_spawn"
"d/city/npc/hunhun.c","npc","NPC","create","closure|lifecycle_or_spawn"
"d/city/npc/huoji.c","npc|merchant","NPC|F_DEALER","create|init","local_behavior|lifecycle_or_spawn"
"d/city/npc/huoji2.c","npc|merchant","NPC|F_DEALER","create|init","local_behavior|lifecycle_or_spawn"
"d/city/npc/jiading.c","npc","NPC","create","lifecycle_or_spawn"
"d/city/npc/jixian.c","npc","NPC","create|init|refuse_message|do_fight|do_kill","local_behavior"
"d/city/npc/liapo.c","npc|merchant","NPC|F_DEALER","create|init","local_behavior|closure|lifecycle_or_spawn"
"d/city/npc/liumang.c","npc","NPC","create","lifecycle_or_spawn"
"d/city/npc/liumangtou.c","npc","NPC","create","lifecycle_or_spawn"
"d/city/npc/liususu.c","npc|merchant","NPC|F_DEALER","create|init","local_behavior|lifecycle_or_spawn|source_relative"
"d/city/npc/mao18.c","npc","NPC","create|accept_object|recognize_apprentice|ask_skill1","local_behavior|closure|lifecycle_or_spawn"
"d/city/npc/mudren-mm.c","npc","NPC","create|init|greeting","local_behavior|random|lifecycle_or_spawn"
"d/city/npc/obj/baozi.c","food|item","ITEM|F_FOOD","create","source_relative"
"d/city/npc/obj/beixin.c","armor","CLOTH","create","source_relative"
"d/city/npc/obj/box.c","item","ITEM","create|is_container|init|do_put","local_behavior|random|lifecycle_or_spawn|source_relative"
"d/city/npc/obj/caoxie.c","armor","BOOTS","create","source_relative"
"d/city/npc/obj/changjian.c","weapon","SWORD","create","source_relative"
"d/city/npc/obj/cloth.c","armor","CLOTH","create","source_relative"
"d/city/npc/obj/cycle.c","armor","NECK","create","source_relative"
"d/city/npc/obj/dagger.c","weapon","DAGGER","create","source_relative"
"d/city/npc/obj/duanjian.c","weapon","SWORD","create","source_relative"
"d/city/npc/obj/fake-zi.c","item","ITEM","create|do_effect","local_behavior|source_relative"
"d/city/npc/obj/flower_shoe.c","armor","BOOTS","create","source_relative"
"d/city/npc/obj/gangdao.c","weapon","BLADE","create","source_relative"
"d/city/npc/obj/gangjian.c","weapon","SWORD","create","source_relative"
"d/city/npc/obj/goldring.c","armor","HANDS","create","source_relative"
"d/city/npc/obj/goupi.c","armor","CLOTH","create","source_relative"
"d/city/npc/obj/gourou.c","food|item","ITEM|F_FOOD","create","source_relative"
"d/city/npc/obj/hammer.c","weapon","HAMMER","create","source_relative"
"d/city/npc/obj/hdjiudai.c","drink|item","ITEM|F_LIQUID","create","source_relative"
"d/city/npc/obj/hlbian.c","weapon","WHIP","create","source_relative"
"d/city/npc/obj/huwan.c","armor","WRISTS","create","source_relative"
"d/city/npc/obj/huyao.c","armor","WAIST","create","source_relative"
"d/city/npc/obj/jiaohuaji.c","food|item","ITEM|F_FOOD","create","source_relative"
"d/city/npc/obj/jinsijia.c","armor","CLOTH","create|query_autoload|owner_is_killed","local_behavior|source_relative"
"d/city/npc/obj/jitui.c","food|weapon","HAMMER|F_FOOD","create|finish_eat","local_behavior|source_relative|mixed_roles"
"d/city/npc/obj/jiudai.c","drink|item","ITEM|F_LIQUID","create","source_relative"
"d/city/npc/obj/junfu.c","armor","CLOTH","create","source_relative"
"d/city/npc/obj/kaoya.c","food|item","ITEM|F_FOOD","create","source_relative"
"d/city/npc/obj/lbook3.c","item","ITEM","create|query_autoload","local_behavior|source_relative"
"d/city/npc/obj/mabudai.c","item","ITEM","create|is_container","local_behavior|source_relative"
"d/city/npc/obj/mian.c","food|item","ITEM|F_FOOD","create","source_relative"
"d/city/npc/obj/mianju.c","item","ITEM","create|init|do_pretend","local_behavior|source_relative"
"d/city/npc/obj/necklace.c","armor","NECK","create","source_relative"
"d/city/npc/obj/peanut.c","food|item","ITEM|F_FOOD","create","source_relative"
"d/city/npc/obj/pink_cloth.c","armor","CLOTH","create","source_relative"
"d/city/npc/obj/pixue.c","armor","BOOTS","create","source_relative"
"d/city/npc/obj/qunzi.c","armor","CLOTH","create","source_relative"
"d/city/npc/obj/shanshen.c","item","ITEM","create|do_effect","local_behavior|source_relative"
"d/city/npc/obj/shield.c","armor","SHIELD","create","source_relative"
"d/city/npc/obj/shoutao.c","armor","HANDS","create","source_relative"
"d/city/npc/obj/shouwu.c","item","ITEM","create|do_effect","local_behavior|source_relative"
"d/city/npc/obj/surcoat.c","armor","SURCOAT","create","source_relative"
"d/city/npc/obj/tiejia.c","armor","CLOTH","create","source_relative"
"d/city/npc/obj/tieshou.c","armor","HANDS","create","source_relative"
"d/city/npc/obj/tofu.c","food|item","ITEM|F_FOOD","create","source_relative"
"d/city/npc/obj/toukui.c","armor","HEAD","create","source_relative"
"d/city/npc/obj/yang.c","npc|merchant","NPC|F_DEALER","create|init","local_behavior|lifecycle_or_spawn|source_relative"
"d/city/npc/obj/yangxin.c","item","ITEM","create|do_effect","local_behavior|source_relative"
"d/city/npc/obj/yaoshi.c","item","ITEM","create","create_only_review"
"d/city/npc/obj/yayifu.c","armor","CLOTH","create","source_relative"
"d/city/npc/obj/zaisheng.c","item","ITEM","create|do_effect","local_behavior|source_relative"
"d/city/npc/obj/zhangpanzi.c","item","ITEM","create","source_relative"
"d/city/npc/obj/zhitao.c","armor","HANDS","create","source_relative"
"d/city/npc/obj/zhubang.c","weapon","STAFF","create","source_relative"
"d/city/npc/ping.c","npc|merchant","NPC|F_DEALER","create|init|ask_job|do_peiyao|working|halt_working","local_behavior|random|closure|lifecycle_or_spawn|source_relative"
"d/city/npc/qian.c","npc","NPC|F_BANKER","create|init","local_behavior"
"d/city/npc/qichangfa.c","npc|merchant","NPC|F_DEALER","create|init|do_drop|do_answer|accept_object|recover|unconcious|die","local_behavior|random|closure|lifecycle_or_spawn"
"d/city/npc/qigai.c","npc","NPC","create|init|stealing|accept_object|accept_fight","local_behavior|random|closure|lifecycle_or_spawn"
"d/city/npc/shanzi/bajiao-shan.c","weapon","DAGGER","create","source_relative"
"d/city/npc/shanzi/chouwu-shan.c","weapon","DAGGER","create","source_relative"
"d/city/npc/shanzi/shan-book.c","item","ITEM","create|init|do_read","local_behavior|source_relative"
"d/city/npc/shanzi/tanxiang-shan.c","weapon","DAGGER","create","source_relative"
"d/city/npc/shanzi/tuan-shan.c","weapon","DAGGER","create","source_relative"
"d/city/npc/shanzi/yuban-shan.c","weapon","DAGGER","create","source_relative"
"d/city/npc/shanzi/yumao-shan.c","weapon","DAGGER","create","source_relative"
"d/city/npc/shanzi/zhe-shan.c","weapon","DAGGER","create","source_relative"
"d/city/npc/shisong.c","npc","NPC","create|init|accept_object|recognize_apprentice|accept_fight|accept_hit","local_behavior|closure|lifecycle_or_spawn"
"d/city/npc/shiye.c","npc","NPC","create","lifecycle_or_spawn"
"d/city/npc/shutong.c","npc","NPC","create|init|accept_object|ask_job|do_copy|working|halt_working","local_behavior|random|closure|lifecycle_or_spawn|source_relative"
"d/city/npc/smith.c","unclassified_review","""/inherit/char/smith.c""","create|receive_damage|receive_wound|ask_back","local_behavior|closure|lifecycle_or_spawn"
"d/city/npc/tang.c","npc|merchant","NPC|F_DEALER","create|init|ask_back|unconcious|die","local_behavior|closure|lifecycle_or_spawn"
"d/city/npc/tao1.c","npc","NPC","create|add_phrase|make_reply|relay_channel|relay_say|relay_emote|drool|reset|accept_object|init|greeting|do_dajia|do_kill","local_behavior|random|closure|lifecycle_or_spawn"
"d/city/npc/tao2.c","npc","NPC","create|add_phrase|make_reply|relay_channel|relay_say|relay_emote|drool|reset|accept_object","local_behavior|random|closure|lifecycle_or_spawn"
"d/city/npc/tao3.c","npc","NPC","create|add_phrase|make_reply|relay_channel|relay_say|relay_emote|drool|reset|accept_object","local_behavior|random|closure|lifecycle_or_spawn"
"d/city/npc/tao4.c","npc","NPC","create|add_phrase|make_reply|relay_channel|relay_say|relay_emote|drool|reset|accept_object","local_behavior|random|closure|lifecycle_or_spawn"
"d/city/npc/tao5.c","npc","NPC","create|add_phrase|make_reply|relay_channel|relay_say|relay_emote|drool|reset|accept_object","local_behavior|random|closure|lifecycle_or_spawn"
"d/city/npc/tao6.c","npc","NPC","create|add_phrase|make_reply|relay_channel|relay_say|relay_emote|drool|reset|accept_object","local_behavior|random|closure|lifecycle_or_spawn"
"d/city/npc/txbw.c","npc|merchant","NPC|F_DEALER","create|init|show_all|do_txbw","local_behavior|closure"
"d/city/npc/wei.c","npc","NPC","create|init|greeting|unconcious","local_behavior|lifecycle_or_spawn"
"d/city/npc/wujiang.c","npc","NPC","create|init","local_behavior|random|lifecycle_or_spawn|source_relative"
"d/city/npc/xian.c","npc|merchant","NPC|F_DEALER","create|init","local_behavior|lifecycle_or_spawn|source_relative"
"d/city/npc/xiaoer.c","npc","NPC","create|accept_ask|init|greeting|accept_object|heart_beat|do_drop|do_exchange","local_behavior|random|lifecycle_or_spawn"
"d/city/npc/xiaoer2.c","merchant","KNOWER|F_DEALER","create|init|greeting","local_behavior|random|lifecycle_or_spawn|source_relative"
"d/city/npc/xiaoguiz.c","npc","NPC","create","lifecycle_or_spawn|source_relative"
"d/city/npc/yang.c","npc|merchant","NPC|F_DEALER","create|init","local_behavior|lifecycle_or_spawn|source_relative"
"d/city/npc/yanruyu.c","npc","NPC","create|init|greeting|recognize_apprentice|accept_object","local_behavior|lifecycle_or_spawn"
"d/city/npc/yayi.c","npc","NPC","create","lifecycle_or_spawn|source_relative"
"d/city/npc/yuhuan.c","npc","NPC","create","lifecycle_or_spawn|source_relative"
"d/city/npc/zeng.c","npc|merchant","NPC|F_DEALER","create|init|ask_job|do_sew|working|halt_working","local_behavior|random|closure|lifecycle_or_spawn|source_relative"
"d/city/npc/zhu.c","npc|merchant","NPC|F_DEALER","create|init|recognize_apprentice|accept_object|ask_buy|ask_job|do_copy|working|halt_working","local_behavior|random|closure|lifecycle_or_spawn|source_relative"
"d/city/obj/baozi.c","food|item","ITEM|F_FOOD","create","source_relative"
"d/city/obj/beixin.c","armor","CLOTH","create","source_relative"
"d/city/obj/bone.c","weapon","HAMMER","create","source_relative"
"d/city/obj/box.c","item","ITEM","create|is_container|init|do_put","local_behavior|random|lifecycle_or_spawn|source_relative"
"d/city/obj/caoxie.c","armor","BOOTS","create","source_relative"
"d/city/obj/cgift/ccloth.c","armor","CLOTH","create","source_relative"
"d/city/obj/cgift/chang.c","item","ITEM","create|do_effect","local_behavior|source_relative"
"d/city/obj/cgift/christmasman.c","npc","NPC","create|init|give_gift","local_behavior|random|closure|lifecycle_or_spawn|source_relative"
"d/city/obj/cgift/dabing.c","item","ITEM","create|do_effect","local_behavior|source_relative"
"d/city/obj/cgift/hanbao.c","item","ITEM","create|do_effect","local_behavior|source_relative"
"d/city/obj/cgift/jitui.c","item","ITEM","create|do_effect","local_behavior|source_relative"
"d/city/obj/cgift/maozi.c","armor","CLOTH","create","source_relative"
"d/city/obj/changjian.c","weapon","SWORD","create","source_relative"
"d/city/obj/cloth.c","armor","CLOTH","create","source_relative"
"d/city/obj/cycle.c","armor","NECK","create","source_relative"
"d/city/obj/dagger.c","weapon","DAGGER","create","source_relative"
"d/city/obj/duanjian.c","weapon","SWORD","create","source_relative"
"d/city/obj/fake-zi.c","item","ITEM","create|do_effect","local_behavior|source_relative"
"d/city/obj/flower_shoe.c","armor","BOOTS","create","source_relative"
"d/city/obj/food.c","food|item","ITEM|F_FOOD","create","source_relative"
"d/city/obj/gangdao.c","weapon","BLADE","create","source_relative"
"d/city/obj/gangjian.c","weapon","SWORD","create","source_relative"
"d/city/obj/goldring.c","armor","HANDS","create","source_relative"
"d/city/obj/goupi.c","armor","CLOTH","create","source_relative"
"d/city/obj/gourou.c","food|item","ITEM|F_FOOD","create","source_relative"
"d/city/obj/hammer.c","weapon","HAMMER","create","source_relative"
"d/city/obj/hdjiudai.c","drink|item","ITEM|F_LIQUID","create","source_relative"
"d/city/obj/huwan.c","armor","WRISTS","create","source_relative"
"d/city/obj/huyao.c","armor","WAIST","create","source_relative"
"d/city/obj/jiaohuaji.c","food|item","ITEM|F_FOOD","create","source_relative"
"d/city/obj/jitui.c","food|weapon","HAMMER|F_FOOD","create|finish_eat","local_behavior|source_relative|mixed_roles"
"d/city/obj/jiudai.c","drink|item","ITEM|F_LIQUID","create","source_relative"
"d/city/obj/junfu.c","armor","CLOTH","create","source_relative"
"d/city/obj/kaoya.c","food|item","ITEM|F_FOOD","create","source_relative"
"d/city/obj/mabudai.c","item","ITEM","create|is_container","local_behavior|source_relative"
"d/city/obj/mian.c","food|item","ITEM|F_FOOD","create","source_relative"
"d/city/obj/mianju.c","item","ITEM","create|init|do_pretend","local_behavior|source_relative"
"d/city/obj/necklace.c","armor","NECK","create","source_relative"
"d/city/obj/peanut.c","food|item","ITEM|F_FOOD","create","source_relative"
"d/city/obj/pink_cloth.c","armor","CLOTH","create","source_relative"
"d/city/obj/pixue.c","armor","BOOTS","create","source_relative"
"d/city/obj/rrose.c","armor","HEAD","create","source_relative"
"d/city/obj/shanshen.c","item","ITEM","create|do_effect","local_behavior|source_relative"
"d/city/obj/shield.c","armor","SHIELD","create","source_relative"
"d/city/obj/shitou.c","weapon","HAMMER","create","source_relative"
"d/city/obj/shoutao.c","armor","HANDS","create","source_relative"
"d/city/obj/shouwu.c","item","ITEM","create|do_effect","local_behavior|source_relative"
"d/city/obj/shuzhi.c","weapon","STAFF","create|fire","local_behavior|lifecycle_or_spawn|source_relative"
"d/city/obj/surcoat.c","armor","SURCOAT","create","source_relative"
"d/city/obj/tiejia.c","armor","CLOTH","create","source_relative"
"d/city/obj/tieshou.c","armor","HANDS","create","source_relative"
"d/city/obj/tofu.c","food|item","ITEM|F_FOOD","create","source_relative"
"d/city/obj/toukui.c","armor","HEAD","create","source_relative"
"d/city/obj/water.c","drink|item","ITEM|F_LIQUID","create","source_relative"
"d/city/obj/wine.c","drink|item","ITEM|F_LIQUID","create","source_relative"
"d/city/obj/yangxin.c","item","ITEM","create|do_effect","local_behavior|source_relative"
"d/city/obj/yaofen.c","item","ITEM","create|do_effect","local_behavior|source_relative"
"d/city/obj/yaoshi.c","item","ITEM","create","create_only_review"
"d/city/obj/yayifu.c","armor","CLOTH","create","source_relative"
"d/city/obj/yrose.c","armor","HEAD","create","source_relative"
"d/city/obj/zaisheng.c","item","ITEM","create|do_effect","local_behavior|source_relative"
"d/city/obj/zhitao.c","armor","HANDS","create","source_relative"
"d/city/obj/zhubang.c","weapon","STAFF","create","source_relative"
"d/city/qiyuan/obj/cch.c","item","ITEM|F_SAVE","create|init|query_save_file|init_tab|do_move|do_toss|long|do_check|do_save|do_deploy|do_lose|do_help|do_review|do_reset","local_behavior|identity_or_persistence|random|source_relative"
"d/city/qiyuan/obj/seat.c","item","ITEM","create","source_relative"
"d/city/qiyuan/obj/table.c","item","ITEM","create","source_relative"
"d/city/wudao1.c","unclassified_review","__DIR__ ""underlt""","create","source_relative"
"d/city/wudao2.c","unclassified_review","__DIR__ ""underlt""","create","source_relative"
"d/city/wudao3.c","unclassified_review","__DIR__ ""underlt""","create","source_relative"
"d/city/wudao4.c","unclassified_review","__DIR__ ""underlt""","create","source_relative"
"d/dali/npc/biaotou.c","npc","NPC","create","lifecycle_or_spawn"
"d/dali/npc/bing.c","npc","NPC","create|init|accept_fight","local_behavior|lifecycle_or_spawn|source_relative"
"d/dali/npc/bshangfan.c","npc|merchant","NPC|F_VENDOR","create","lifecycle_or_spawn|source_relative"
"d/dali/npc/caisangnu.c","npc","NPC","create","lifecycle_or_spawn|source_relative"
"d/dali/npc/caisunren.c","npc","NPC","create","lifecycle_or_spawn|source_relative"
"d/dali/npc/caisunren1.c","npc","NPC","create","lifecycle_or_spawn|source_relative"
"d/dali/npc/cunfu.c","npc","NPC","create","lifecycle_or_spawn|source_relative"
"d/dali/npc/datusi.c","npc","NPC","create","lifecycle_or_spawn|source_relative"
"d/dali/npc/duanwuwei.c","npc","NPC|F_MASTER","create|accept_fight|checking","local_behavior|identity_or_persistence|lifecycle_or_spawn"
"d/dali/npc/enu.c","npc","NPC","create","lifecycle_or_spawn"
"d/dali/npc/fangshanu.c","npc","NPC","create","lifecycle_or_spawn|source_relative"
"d/dali/npc/funu.c","npc","NPC","create","lifecycle_or_spawn|source_relative"
"d/dali/npc/genu.c","npc","NPC","create","lifecycle_or_spawn|source_relative"
"d/dali/npc/girl.c","npc","NPC","create","lifecycle_or_spawn|source_relative"
"d/dali/npc/girl1.c","npc","NPC","create","lifecycle_or_spawn|source_relative"
"d/dali/npc/gongnu.c","npc","NPC","create","lifecycle_or_spawn|source_relative"
"d/dali/npc/guanjia.c","npc","NPC|F_MASTER","create|accept_fight|checking","local_behavior|identity_or_persistence|lifecycle_or_spawn"
"d/dali/npc/guigongzi.c","npc","NPC","create","random"
"d/dali/npc/guniang.c","npc","NPC","create","lifecycle_or_spawn|source_relative"
"d/dali/npc/hehongyao.c","npc","NPC","create","create_only_review"
"d/dali/npc/huangmei.c","npc","NPC","create","lifecycle_or_spawn"
"d/dali/npc/huanu.c","npc","NPC","create","lifecycle_or_spawn|source_relative"
"d/dali/npc/huo.c","npc","NPC","create|ask_for_gongzi","local_behavior|closure|lifecycle_or_spawn"
"d/dali/npc/jiading.c","npc","NPC|F_MASTER","create|ask_me|accept_fight|checking|upgrade_title|clear_title","local_behavior|identity_or_persistence|closure|lifecycle_or_spawn"
"d/dali/npc/jiang.c","npc","NPC","create|init","local_behavior|random|lifecycle_or_spawn|source_relative"
"d/dali/npc/jianghuyiren.c","npc","NPC","create","lifecycle_or_spawn"
"d/dali/npc/jisi.c","npc","NPC","create","lifecycle_or_spawn|source_relative"
"d/dali/npc/jisi1.c","npc","NPC","create","lifecycle_or_spawn|source_relative"
"d/dali/npc/kanzhuren.c","npc","NPC","create","lifecycle_or_spawn|source_relative"
"d/dali/npc/keshang.c","npc|merchant","NPC|F_VENDOR","create","lifecycle_or_spawn"
"d/dali/npc/kid.c","npc","NPC","create","lifecycle_or_spawn"
"d/dali/npc/laojisi.c","npc","NPC","create|init","local_behavior|random|lifecycle_or_spawn|source_relative"
"d/dali/npc/lieren.c","npc","NPC","create","lifecycle_or_spawn|source_relative"
"d/dali/npc/lieshou.c","npc","NPC","create","lifecycle_or_spawn|source_relative"
"d/dali/npc/muwanqing.c","npc","NPC","create","lifecycle_or_spawn|source_relative"
"d/dali/npc/muyangnu.c","npc","NPC","create","lifecycle_or_spawn|source_relative"
"d/dali/npc/muyangren.c","npc","NPC","create","lifecycle_or_spawn|source_relative"
"d/dali/npc/nongfu.c","npc","NPC","create","lifecycle_or_spawn|source_relative"
"d/dali/npc/nongfu1.c","npc","NPC","create","lifecycle_or_spawn|source_relative"
"d/dali/npc/nongfu2.c","npc","NPC","create","lifecycle_or_spawn|source_relative"
"d/dali/npc/obj/bduanqun.c","armor","CLOTH","create","source_relative"
"d/dali/npc/obj/cynrobe.c","armor","CLOTH","create","source_relative"
"d/dali/npc/obj/diaogan.c","weapon","WHIP","create","source_relative"
"d/dali/npc/obj/doupeng.c","armor","CLOTH","create","source_relative"
"d/dali/npc/obj/guazi.c","armor","CLOTH","create","source_relative"
"d/dali/npc/obj/huotui.c","food|item","ITEM|F_FOOD","create","source_relative"
"d/dali/npc/obj/hupi.c","armor","CLOTH","create","source_relative"
"d/dali/npc/obj/jjunfu.c","armor","CLOTH","create","source_relative"
"d/dali/npc/obj/junfu.c","armor","CLOTH","create","source_relative"
"d/dali/npc/obj/kandao.c","weapon","BLADE","create","source_relative"
"d/dali/npc/obj/kenao.c","armor","CLOTH","create","source_relative"
"d/dali/npc/obj/lace.c","armor","NECK","create","source_relative"
"d/dali/npc/obj/magcloth.c","armor","CLOTH","create","source_relative"
"d/dali/npc/obj/mandao.c","weapon","BLADE","create","source_relative"
"d/dali/npc/obj/maotan.c","armor","CLOTH","create","source_relative"
"d/dali/npc/obj/mixian.c","food|item","ITEM|F_FOOD","create","source_relative"
"d/dali/npc/obj/puercha.c","drink|item","ITEM|F_LIQUID","create","source_relative"
"d/dali/npc/obj/qiguoji.c","food|item","ITEM|F_FOOD","create","source_relative"
"d/dali/npc/obj/qun.c","armor","CLOTH","create","source_relative"
"d/dali/npc/obj/shoes.c","armor","BOOTS","create","source_relative"
"d/dali/npc/obj/tduanqun.c","armor","CLOTH","create","source_relative"
"d/dali/npc/obj/tiedi.c","weapon","SWORD","create","source_relative"
"d/dali/npc/obj/tiejia.c","armor","CLOTH","create","source_relative"
"d/dali/npc/obj/tongqun.c","armor","CLOTH","create","source_relative"
"d/dali/npc/obj/ttoujin.c","armor","HEAD","create","source_relative"
"d/dali/npc/obj/wchangqun.c","armor","CLOTH","create","source_relative"
"d/dali/npc/obj/wdahui.c","armor","CLOTH","create","source_relative"
"d/dali/npc/obj/whitecloth.c","armor","CLOTH","create","source_relative"
"d/dali/npc/obj/whitecloth1.c","armor","CLOTH","create","source_relative"
"d/dali/npc/obj/xiaoao.c","armor","CLOTH","create","source_relative"
"d/dali/npc/obj/yaoqin.c","weapon","HAMMER|MI_QIN","create|init","local_behavior|source_relative"
"d/dali/npc/obj/yeerba.c","food|item","ITEM|F_FOOD","create","source_relative"
"d/dali/npc/oldman.c","npc","NPC","create","lifecycle_or_spawn"
"d/dali/npc/peicong.c","npc","NPC","create","lifecycle_or_spawn"
"d/dali/npc/pihuoshang.c","npc","NPC","create","lifecycle_or_spawn"
"d/dali/npc/pochen.c","npc","NPC","create","lifecycle_or_spawn"
"d/dali/npc/poyi.c","npc","NPC","create","lifecycle_or_spawn"
"d/dali/npc/seng.c","npc","NPC","create","lifecycle_or_spawn"
"d/dali/npc/shaonu.c","npc","NPC","create","lifecycle_or_spawn|source_relative"
"d/dali/npc/shennongdizi.c","npc","NPC","create","lifecycle_or_spawn"
"d/dali/npc/shicong.c","npc","NPC","create","lifecycle_or_spawn"
"d/dali/npc/shijiang.c","npc","NPC","create","lifecycle_or_spawn"
"d/dali/npc/shizhe.c","npc","NPC","create","lifecycle_or_spawn"
"d/dali/npc/shouling.c","npc","NPC","create","lifecycle_or_spawn|source_relative"
"d/dali/npc/taijian.c","npc","NPC","create","random|lifecycle_or_spawn"
"d/dali/npc/tshangfan.c","npc|merchant","NPC|F_VENDOR","create","lifecycle_or_spawn|source_relative"
"d/dali/npc/turou.c","food|item","F_FOOD|ITEM","create","source_relative"
"d/dali/npc/weishi.c","npc","NPC","create","lifecycle_or_spawn"
"d/dali/npc/weishi1.c","npc","NPC","create","lifecycle_or_spawn|source_relative"
"d/dali/npc/weishi2.c","npc","NPC","create","lifecycle_or_spawn|source_relative"
"d/dali/npc/wshangfan.c","npc|merchant","NPC|F_VENDOR","create","lifecycle_or_spawn|source_relative"
"d/dali/npc/wuliangdizi.c","npc","NPC","create","lifecycle_or_spawn"
"d/dali/npc/xiaodaogu.c","npc","NPC","create","lifecycle_or_spawn|source_relative"
"d/dali/npc/xiaoer.c","unclassified_review","KNOWER","create|init|greeting|accept_object","local_behavior|random|lifecycle_or_spawn"
"d/dali/npc/xiaoer2.c","merchant","KNOWER|F_DEALER","create|init|greeting","local_behavior|random|lifecycle_or_spawn|source_relative"
"d/dali/npc/xueboss.c","npc|merchant","NPC|F_VENDOR","create|init","local_behavior|lifecycle_or_spawn|source_relative"
"d/dali/npc/yangcannu.c","npc","NPC","create","lifecycle_or_spawn|source_relative"
"d/dali/npc/youke.c","npc","NPC","create","random|lifecycle_or_spawn"
"d/dali/npc/yufu.c","npc","NPC","create","lifecycle_or_spawn|source_relative"
"d/dali/npc/zutouren.c","npc","NPC","create","lifecycle_or_spawn"
"d/dali/npc/zuzhang.c","npc","NPC","create","lifecycle_or_spawn|source_relative"
"d/dali/obj/chahua1.c","armor","HEAD","create","source_relative"
"d/dali/obj/chahua10.c","armor","HEAD","create","source_relative"
"d/dali/obj/chahua11.c","armor","HEAD","create","source_relative"
"d/dali/obj/chahua12.c","armor","HEAD","create","source_relative"
"d/dali/obj/chahua13.c","armor","HEAD","create","source_relative"
"d/dali/obj/chahua2.c","armor","HEAD","create","source_relative"
"d/dali/obj/chahua3.c","armor","HEAD","create","source_relative"
"d/dali/obj/chahua4.c","armor","HEAD","create","source_relative"
"d/dali/obj/chahua5.c","armor","HEAD","create","source_relative"
"d/dali/obj/chahua6.c","armor","HEAD","create","source_relative"
"d/dali/obj/chahua7.c","armor","HEAD","create","source_relative"
"d/dali/obj/chahua8.c","armor","HEAD","create","source_relative"
"d/dali/obj/chahua9.c","armor","HEAD","create","source_relative"
"d/dali/obj/fangshaji.c","item","ITEM","create","create_only_review"
"d/dali/obj/fuchen.c","weapon","WHIP","create","source_relative"
"d/dali/obj/shanchahua.c","item","ITEM","create","create_only_review"
"d/dali/obj/xueli.c","food|item","ITEM|F_FOOD","create","source_relative"
"d/death/HellZhen/1.c","npc","NPC","create|invocation","local_behavior|random|lifecycle_or_spawn|local_include"
"d/death/HellZhen/10.c","npc","NPC","create|invocation","local_behavior|random|lifecycle_or_spawn|local_include"
"d/death/HellZhen/11.c","npc","NPC","create|invocation","local_behavior|random|lifecycle_or_spawn|local_include"
"d/death/HellZhen/12.c","npc","NPC","create|invocation","local_behavior|random|lifecycle_or_spawn|local_include"
"d/death/HellZhen/13.c","npc","NPC","create|invocation","local_behavior|random|lifecycle_or_spawn|local_include"
"d/death/HellZhen/14.c","npc","NPC","create|invocation","local_behavior|random|lifecycle_or_spawn|local_include"
"d/death/HellZhen/15.c","npc","NPC","create|invocation","local_behavior|random|lifecycle_or_spawn|local_include"
"d/death/HellZhen/16.c","npc","NPC","create|invocation","local_behavior|random|lifecycle_or_spawn|local_include"
"d/death/HellZhen/17.c","npc","NPC","create|invocation","local_behavior|random|lifecycle_or_spawn|local_include"
"d/death/HellZhen/18.c","npc","NPC","create|invocation","local_behavior|random|lifecycle_or_spawn|local_include"
"d/death/HellZhen/2.c","npc","NPC","create|invocation","local_behavior|random|lifecycle_or_spawn|local_include"
"d/death/HellZhen/3.c","npc","NPC","create|invocation","local_behavior|random|lifecycle_or_spawn|local_include"
"d/death/HellZhen/4.c","npc","NPC","create|invocation","local_behavior|random|lifecycle_or_spawn|local_include"
"d/death/HellZhen/5.c","npc","NPC","create|invocation","local_behavior|random|lifecycle_or_spawn|local_include"
"d/death/HellZhen/6.c","npc","NPC","create|invocation","local_behavior|random|lifecycle_or_spawn|local_include"
"d/death/HellZhen/7.c","npc","NPC","create|invocation","local_behavior|random|lifecycle_or_spawn|local_include"
"d/death/HellZhen/8.c","npc","NPC","create|invocation","local_behavior|random|lifecycle_or_spawn|local_include"
"d/death/HellZhen/9.c","npc","NPC","create|invocation|perform2|perform3","local_behavior|random|lifecycle_or_spawn|local_include"
"d/death/npc/bai.c","npc","NPC","create|init|death_stage","local_behavior|lifecycle_or_spawn|source_relative"
"d/death/npc/baihu.c","npc","NPC","create|init|hit_ob|die","local_behavior|random|lifecycle_or_spawn"
"d/death/npc/bgargoyle.c","npc","NPC","create|init|death_stage","local_behavior|lifecycle_or_spawn"
"d/death/npc/dizangwang.c","npc","NPC","create|attempt_apprentice|ask_xue|ask_zhuan|fight_ob|win|ob_die|lost|accept_kill|accept_hit|accept_object","local_behavior|closure|lifecycle_or_spawn"
"d/death/npc/ghost.c","npc","NPC","create|receive_damage|receive_wound","local_behavior"
"d/death/npc/hei.c","npc","NPC","create|init|death_stage","local_behavior|lifecycle_or_spawn|source_relative"
"d/death/npc/mamian.c","npc","NPC","create|fight_ob|accept_fight|accept_kill|accept_hit","local_behavior|closure|lifecycle_or_spawn|source_relative"
"d/death/npc/mengpo.c","npc","NPC","create|ask_me","local_behavior|closure|lifecycle_or_spawn|source_relative"
"d/death/npc/niutou.c","npc","NPC","create|fight_ob|accept_fight|accept_kill|accept_hit","local_behavior|closure|lifecycle_or_spawn|source_relative"
"d/death/npc/obj/armor1.c","armor","ARMOR","create|owner_is_killed","local_behavior|source_relative"
"d/death/npc/obj/armor2.c","armor","HEAD","create|owner_is_killed","local_behavior|source_relative"
"d/death/npc/obj/bi.c","item","ITEM","setup|create","local_behavior"
"d/death/npc/obj/blade1.c","weapon","BLADE","create|owner_is_killed","local_behavior|source_relative"
"d/death/npc/obj/book.c","item","ITEM","setup|create","local_behavior"
"d/death/npc/obj/cloth1.c","armor","CLOTH","create","source_relative"
"d/death/npc/obj/cloth2.c","armor","CLOTH","create","source_relative"
"d/death/npc/obj/cloth3.c","armor","CLOTH","create","source_relative"
"d/death/npc/obj/cloth4.c","armor","CLOTH","create","source_relative"
"d/death/npc/obj/cloth5.c","armor","CLOTH","create","source_relative"
"d/death/npc/obj/jiasuo.c","weapon","HAMMER","create","source_relative"
"d/death/npc/obj/suolian.c","weapon","WHIP","create","source_relative"
"d/death/npc/qinglong.c","npc","NPC","create|init|hit_ob|die","local_behavior|random|lifecycle_or_spawn"
"d/death/npc/qinguangwang.c","npc","NPC","create","closure|lifecycle_or_spawn|source_relative"
"d/death/npc/wangfangping.c","npc|merchant","NPC|F_DEALER","create|init","local_behavior|lifecycle_or_spawn|source_relative"
"d/death/npc/wgargoyle.c","npc","NPC","create|init|death_stage","local_behavior|lifecycle_or_spawn"
"d/death/npc/xuanwu.c","npc","NPC","create|init|hit_ob|die","local_behavior|random|lifecycle_or_spawn"
"d/death/npc/yanluo.c","npc","NPC","create|ask_quest|answer|do_accept|give_gold|accept_object|attempt_apprentice|ask_zhuan|check_status|failed|remove_all|winning|message_ob|round_1|round_2|round_3|round_4|round_5|round_6|round_7|round_8|round_9|round_10|round_11|round_12|round_13|round_14|round_15|round_16|round_17|round_18","local_behavior|random|closure|lifecycle_or_spawn|source_relative"
"d/death/npc/yinchangsheng.c","npc|merchant","NPC|F_DEALER","create|init","local_behavior|lifecycle_or_spawn|source_relative"
"d/death/npc/zhuque.c","npc","NPC","create|init|hit_ob|die","local_behavior|random|lifecycle_or_spawn"
"d/death/obj/armor1.c","armor","ARMOR","create","source_relative"
"d/death/obj/diyin.c","item","ITEM","create","source_relative"
"d/death/obj/hugu.c","item","ITEM","create|do_effect","local_behavior|source_relative"
"d/death/obj/hupi.c","item","ITEM","create|query_autoload","local_behavior|source_relative"
"d/death/obj/jiake.c","item","ITEM","create|query_autoload","local_behavior|source_relative"
"d/death/obj/jingyuandan.c","item","ITEM","create","source_relative"
"d/death/obj/longdan.c","item","ITEM","create|do_effect","local_behavior|source_relative"
"d/death/obj/longjin.c","item","ITEM","create|query_autoload","local_behavior|source_relative"
"d/death/obj/qilinxue.c","armor","BOOTS","create","source_relative"
"d/death/obj/qise.c","item","ITEM","create|query_autoload","local_behavior|source_relative"
"d/death/obj/shuizao.c","item","ITEM","create","source_relative"
"d/death/obj/tang.c","item","ITEM","setup|init|create|do_eat","local_behavior|source_relative"
"d/death/obj/tianjing.c","item","ITEM","create|query_autoload","local_behavior|source_relative"
"d/death/obj/weapon1.c","weapon","CLUB","create","source_relative"
"d/death/obj/weapon10.c","weapon","CLUB","create","source_relative"
"d/death/obj/weapon11.c","weapon","HAMMER","create","source_relative"
"d/death/obj/weapon12.c","weapon","HAMMER","create","source_relative"
"d/death/obj/weapon13.c","weapon","STAFF","create","source_relative"
"d/death/obj/weapon14.c","weapon","STAFF","create","source_relative"
"d/death/obj/weapon15.c","weapon","STAFF","create","source_relative"
"d/death/obj/weapon16.c","weapon","STAFF","create","source_relative"
"d/death/obj/weapon17.c","weapon","STAFF","create","source_relative"
"d/death/obj/weapon18.c","weapon","STAFF","create","source_relative"
"d/death/obj/weapon19.c","weapon","STAFF","create","source_relative"
"d/death/obj/weapon2.c","weapon","CLUB","create","source_relative"
"d/death/obj/weapon20.c","weapon","STAFF","create","source_relative"
"d/death/obj/weapon21.c","weapon","STAFF","create","source_relative"
"d/death/obj/weapon22.c","weapon","THROWING","create","source_relative"
"d/death/obj/weapon23.c","weapon","THROWING","create","source_relative"
"d/death/obj/weapon24.c","weapon","THROWING","create","source_relative"
"d/death/obj/weapon25.c","weapon","THROWING","create","source_relative"
"d/death/obj/weapon26.c","weapon","WHIP","create","source_relative"
"d/death/obj/weapon27.c","weapon","WHIP","create","source_relative"
"d/death/obj/weapon28.c","weapon","WHIP","create","source_relative"
"d/death/obj/weapon29.c","weapon","WHIP","create","source_relative"
"d/death/obj/weapon3.c","weapon","CLUB","create","source_relative"
"d/death/obj/weapon30.c","weapon","WHIP","create","source_relative"
"d/death/obj/weapon31.c","weapon","WHIP","create","source_relative"
"d/death/obj/weapon32.c","weapon","WHIP","create","source_relative"
"d/death/obj/weapon33.c","weapon","WHIP","create","source_relative"
"d/death/obj/weapon34.c","weapon","WHIP","create","source_relative"
"d/death/obj/weapon35.c","weapon","WHIP","create","source_relative"
"d/death/obj/weapon36.c","weapon","WHIP","create","source_relative"
"d/death/obj/weapon37.c","weapon","DAGGER","create","source_relative"
"d/death/obj/weapon38.c","weapon","DAGGER","create","source_relative"
"d/death/obj/weapon39.c","weapon","DAGGER","create","source_relative"
"d/death/obj/weapon4.c","weapon","CLUB","create","source_relative"
"d/death/obj/weapon40.c","weapon","BLADE","create","source_relative"
"d/death/obj/weapon41.c","weapon","BLADE","create","source_relative"
"d/death/obj/weapon42.c","weapon","BLADE","create","source_relative"
"d/death/obj/weapon43.c","weapon","BLADE","create","source_relative"
"d/death/obj/weapon44.c","weapon","BLADE","create","source_relative"
"d/death/obj/weapon45.c","weapon","BLADE","create","source_relative"
"d/death/obj/weapon46.c","weapon","BLADE","create","source_relative"
"d/death/obj/weapon47.c","weapon","BLADE","create","source_relative"
"d/death/obj/weapon48.c","weapon","BLADE","create","source_relative"
"d/death/obj/weapon49.c","weapon","BLADE","create","source_relative"
"d/death/obj/weapon5.c","weapon","CLUB","create","source_relative"
"d/death/obj/weapon50.c","weapon","BLADE","create","source_relative"
"d/death/obj/weapon51.c","weapon","BLADE","create","source_relative"
"d/death/obj/weapon52.c","weapon","BLADE","create","source_relative"
"d/death/obj/weapon53.c","weapon","BLADE","create","source_relative"
"d/death/obj/weapon54.c","weapon","BLADE","create","source_relative"
"d/death/obj/weapon55.c","weapon","BLADE","create","source_relative"
"d/death/obj/weapon56.c","weapon","BLADE","create","source_relative"
"d/death/obj/weapon57.c","weapon","BLADE","create","source_relative"
"d/death/obj/weapon58.c","weapon","BLADE","create","source_relative"
"d/death/obj/weapon59.c","weapon","BLADE","create","source_relative"
"d/death/obj/weapon6.c","weapon","HAMMER","create","source_relative"
"d/death/obj/weapon60.c","weapon","SWORD","create","source_relative"
"d/death/obj/weapon61.c","weapon","SWORD","create","source_relative"
"d/death/obj/weapon62.c","weapon","SWORD","create","source_relative"
"d/death/obj/weapon63.c","weapon","SWORD","create","source_relative"
"d/death/obj/weapon64.c","weapon","SWORD","create","source_relative"
"d/death/obj/weapon65.c","weapon","SWORD","create","source_relative"
"d/death/obj/weapon66.c","weapon","SWORD","create","source_relative"
"d/death/obj/weapon67.c","weapon","SWORD","create","source_relative"
"d/death/obj/weapon68.c","weapon","SWORD","create","source_relative"
"d/death/obj/weapon69.c","weapon","SWORD","create","source_relative"
"d/death/obj/weapon7.c","weapon","HAMMER","create","source_relative"
"d/death/obj/weapon70.c","weapon","SWORD","create","source_relative"
"d/death/obj/weapon71.c","weapon","SWORD","create","source_relative"
"d/death/obj/weapon72.c","weapon","SWORD","create","source_relative"
"d/death/obj/weapon73.c","weapon","SWORD","create","source_relative"
"d/death/obj/weapon74.c","weapon","SWORD","create","source_relative"
"d/death/obj/weapon75.c","weapon","SWORD","create","source_relative"
"d/death/obj/weapon76.c","weapon","SWORD","create","source_relative"
"d/death/obj/weapon77.c","weapon","SWORD","create","source_relative"
"d/death/obj/weapon78.c","weapon","SWORD","create","source_relative"
"d/death/obj/weapon79.c","weapon","SWORD","create","source_relative"
"d/death/obj/weapon8.c","weapon","HAMMER","create","source_relative"
"d/death/obj/weapon80.c","weapon","SWORD","create","source_relative"
"d/death/obj/weapon9.c","weapon","HAMMER","create","source_relative"
"d/death/obj/wujian.c","weapon","SWORD","create|hit_ob","local_behavior|source_relative"
"d/death/obj/yumao.c","item","ITEM","create","source_relative"
"d/death/sky/npc/beichou.c","npc","NPC","create","lifecycle_or_spawn"
"d/death/sky/npc/hua.c","npc","NPC|F_UNIQUE|F_COAGENT","create","identity_or_persistence|closure|lifecycle_or_spawn|source_relative"
"d/death/sky/npc/kou.c","npc","NPC|F_UNIQUE|F_COAGENT","create|kill_ob","local_behavior|identity_or_persistence|closure|lifecycle_or_spawn|source_relative"
"d/death/sky/npc/li.c","npc","NPC|F_UNIQUE|F_COAGENT","create","identity_or_persistence|closure|lifecycle_or_spawn|source_relative"
"d/death/sky/npc/li2.c","npc","NPC|F_UNIQUE|F_COAGENT","create","identity_or_persistence|closure|lifecycle_or_spawn|source_relative"
"d/death/sky/npc/lonely.c","npc","NPC","create|init|accept_fight|lost|win|accept_kill","local_behavior|closure|lifecycle_or_spawn"
"d/death/sky/npc/obj/chijian.c","weapon","SWORD","create","source_relative"
"d/death/sky/npc/obj/chiyoujian.c","weapon","SWORD","create","source_relative"
"d/death/sky/npc/obj/cloth1.c","armor","CLOTH","create","source_relative"
"d/death/sky/npc/obj/cloth2.c","armor","CLOTH","create","source_relative"
"d/death/sky/npc/obj/cloth3.c","armor","CLOTH","create","source_relative"
"d/death/sky/npc/obj/feidao.c","weapon","THROWING","create","source_relative"
"d/death/sky/npc/obj/hands.c","armor","HANDS","create","source_relative"
"d/death/sky/npc/obj/jingzhongyue.c","weapon","BLADE","create|hit_ob","local_behavior|source_relative"
"d/death/sky/npc/obj/pangukai.c","armor","ARMOR","create","source_relative"
"d/death/sky/npc/obj/renou.c","item","ITEM","setup|create","local_behavior"
"d/death/sky/npc/tianshen.c","npc","NPC","create","closure|lifecycle_or_spawn"
"d/death/sky/npc/tie.c","npc","NPC|F_GUARDER","create","closure|lifecycle_or_spawn"
"d/death/sky/npc/xu.c","npc","NPC|F_UNIQUE|F_COAGENT","create|kill_ob","local_behavior|identity_or_persistence|closure|lifecycle_or_spawn|source_relative"
"d/death/sky/obj/heshibi.c","item","ITEM","setup|init|create|do_eat|xiqu1|xiqu2|xiqu3|xiqu4|xiqu5|xiqu6|xiqu7","local_behavior|random|lifecycle_or_spawn|source_relative"
"d/death/sky/obj/jue.c","item","ITEM","create","source_relative"
"d/death/sky/obj/miji1.c","item","ITEM","create","source_relative"
"d/death/sky/obj/miji2.c","item","ITEM","create","source_relative"
"d/death/sky/obj/miji3.c","item","ITEM","create","source_relative"
"d/death/sky/obj/sheli.c","item","ITEM","setup|init|create|do_eat|xiqu1|xiqu2|xiqu3|xiqu4|xiqu5|xiqu6|xiqu7","local_behavior|random|lifecycle_or_spawn|source_relative"
"d/death/sky/obj/shenjiu.c","item","ITEM","create|init|do_eat","local_behavior|random|source_relative"
"d/death/sky/obj/tianxiadan.c","item","ITEM","create|do_effect","local_behavior|source_relative"
"d/death/sky/obj/yishu.c","item","ITEM","create","source_relative"
"d/emei/npc/boydizi.c","npc","NPC","create","lifecycle_or_spawn"
"d/emei/npc/frog.c","npc","NPC","create","create_only_review"
"d/emei/npc/girldizi.c","npc","NPC","create","lifecycle_or_spawn"
"d/emei/npc/guest.c","npc","NPC","create","random"
"d/emei/npc/puren.c","merchant","KNOWER|F_DEALER","create","lifecycle_or_spawn"
"d/emei/npc/songqingshu.c","npc","NPC","create|ask_for_zhou","local_behavior|closure|lifecycle_or_spawn"
"d/emei/npc/xiao-fan.c","merchant","KNOWER|F_DEALER","create|init","local_behavior|lifecycle_or_spawn"
"d/emei/npc/youngwoman.c","npc","NPC","create","lifecycle_or_spawn"
"d/emei/obj/bocai-fentiao.c","food|item","ITEM|F_FOOD","create","source_relative"
"d/emei/obj/fojing10.c","item","ITEM","create","random|source_relative"
"d/emei/obj/fojing11.c","item","ITEM","create","random|source_relative"
"d/emei/obj/fojing20.c","item","ITEM","create","random|source_relative"
"d/emei/obj/fojing21.c","item","ITEM","create","random|source_relative"
"d/emei/obj/fuchen.c","weapon","WHIP","create","source_relative"
"d/emei/obj/jiudai.c","drink|item","ITEM|F_LIQUID","create","source_relative"
"d/emei/obj/liuli-qiezi.c","food|item","ITEM|F_FOOD","create","source_relative"
"d/emei/obj/mala-doufu.c","food|item","ITEM|F_FOOD","create","source_relative"
"d/emei/obj/map.c","item","ITEM","create","source_relative"
"d/emei/obj/pantao.c","item","ITEM","create|do_effect","local_behavior|random|source_relative"
"d/emei/obj/qingshui-hulu.c","drink|item","ITEM|F_LIQUID","create","source_relative"
"d/emei/obj/ruanjian.c","weapon","SWORD","create","source_relative"
"d/emei/obj/shanhu-baicai.c","food|item","ITEM|F_FOOD","create","source_relative"
"d/emei/obj/tianxiang-gao.c","item","ITEM","init|create|do_smear","local_behavior"
"d/emei/obj/xiang.c","item","ITEM","create","source_relative"
"d/emei/obj/yaodai.c","armor","WAIST","create|is_container","local_behavior|source_relative"
"d/emei/obj/ycloth.c","armor","CLOTH","create","source_relative"
"d/emei/obj/zhujian.c","weapon","SWORD","create","source_relative"
"d/foshan/npc/chaofeng.c","npc|merchant","NPC|F_DEALER","create|init|die","local_behavior|lifecycle_or_spawn"
"d/foshan/npc/fengqi.c","merchant","KNOWER|F_DEALER","create|init|greeting|unconcious","local_behavior|random|lifecycle_or_spawn"
"d/foshan/npc/fengyiming.c","npc","NPC","create","lifecycle_or_spawn"
"d/foshan/npc/jiading.c","npc","NPC","create","lifecycle_or_spawn"
"d/foshan/npc/obj/caidao.c","weapon","BLADE","create","source_relative"
"d/foshan/npc/obj/goupi.c","armor","CLOTH","create","source_relative"
"d/foshan/npc/obj/magcloth.c","armor","CLOTH","create","source_relative"
"d/foshan/npc/pang.c","npc","NPC","create","lifecycle_or_spawn|source_relative"
"d/foshan/npc/shou.c","npc","NPC","create","lifecycle_or_spawn|source_relative"
"d/foshan/npc/youming.c","npc","NPC","create","random|closure|lifecycle_or_spawn"
"d/foshan/npc/zhang.c","npc","NPC","create","lifecycle_or_spawn"
"d/foshan/npc/zhangkang.c","npc","NPC","create","lifecycle_or_spawn"
"d/foshan/npc/zhongsisao.c","npc","NPC","create","closure|lifecycle_or_spawn|source_relative"
"d/foshan/npc/zhongxiaoer.c","npc","NPC","create","lifecycle_or_spawn"
"d/foshan/obj/hua1.c","armor","HEAD","create","source_relative"
"d/foshan/obj/hua2.c","armor","HEAD","create","source_relative"
"d/foshan/obj/hua3.c","armor","HEAD","create","source_relative"
"d/foshan/obj/shikuai.c","weapon","HAMMER","create","source_relative"
"d/foshan/obj/shuzhi.c","weapon","STAFF","create|fire","local_behavior|lifecycle_or_spawn|source_relative"
"d/fuzhou/npc/baier.c","npc","NPC","create","lifecycle_or_spawn"
"d/fuzhou/npc/boy.c","npc","NPC","create","lifecycle_or_spawn|source_relative"
"d/fuzhou/npc/chen.c","merchant","KNOWER|F_DEALER","create|init|greeting","local_behavior|random|lifecycle_or_spawn"
"d/fuzhou/npc/chenqi.c","npc","NPC","create","lifecycle_or_spawn"
"d/fuzhou/npc/cui.c","npc","NPC","create","lifecycle_or_spawn"
"d/fuzhou/npc/flower_shoe.c","armor","BOOTS","create","source_relative"
"d/fuzhou/npc/geshiha.c","npc","NPC","create","lifecycle_or_spawn"
"d/fuzhou/npc/girl.c","npc","NPC","create","lifecycle_or_spawn|source_relative"
"d/fuzhou/npc/linzhennan.c","npc","NPC","create|ask_pixie","local_behavior|closure|lifecycle_or_spawn"
"d/fuzhou/npc/obj/bluecloth.c","armor","CLOTH","create","source_relative"
"d/fuzhou/npc/obj/cloth.c","armor","CLOTH","create","source_relative"
"d/fuzhou/npc/obj/fotiaoqiang.c","food|item","ITEM|F_FOOD","create","source_relative"
"d/fuzhou/npc/obj/fuchen.c","weapon","WHIP","create","source_relative"
"d/fuzhou/npc/obj/jiuping.c","drink|item","ITEM|F_LIQUID","create","source_relative"
"d/fuzhou/npc/obj/tiexiang.c","item","ITEM","setup|init|create|do_climb","local_behavior|source_relative"
"d/fuzhou/npc/obj/xiuhua.c","weapon","SWORD","create","source_relative"
"d/fuzhou/npc/obj/yadan.c","food|item","ITEM|F_FOOD","create","source_relative"
"d/fuzhou/npc/obj/zongzi.c","food|item","ITEM|F_FOOD","create","source_relative"
"d/fuzhou/npc/shi.c","npc","NPC","create","lifecycle_or_spawn"
"d/fuzhou/npc/wang.c","npc","NPC","create","lifecycle_or_spawn"
"d/fuzhou/npc/xiaoer.c","unclassified_review","KNOWER","create|init|greeting|accept_object","local_behavior|random|lifecycle_or_spawn"
"d/fuzhou/npc/xiaoer2.c","merchant","KNOWER|F_DEALER","create|init|greeting","local_behavior|random|lifecycle_or_spawn|source_relative"
"d/fuzhou/npc/xiaoer3.c","merchant","KNOWER|F_DEALER","create|init|greeting","local_behavior|random|lifecycle_or_spawn|source_relative"
"d/fuzhou/npc/xiaofan.c","npc|merchant","NPC|F_VENDOR","create|init|greeting","local_behavior|lifecycle_or_spawn"
"d/fuzhou/npc/zheng.c","npc","NPC","create","lifecycle_or_spawn"
"d/fuzhou/obj/cloth.c","armor","CLOTH","create","source_relative"
"d/fuzhou/obj/flower_shoe.c","armor","BOOTS","create","source_relative"
"d/fuzhou/obj/fuchen.c","weapon","WHIP","create","source_relative"
"d/fuzhou/obj/jiasha.c","item","ITEM","setup|init|create|do_move","local_behavior|lifecycle_or_spawn|source_relative"
"d/fuzhou/obj/pink_cloth.c","armor","CLOTH","create","source_relative"
"d/fuzhou/obj/tiexiang.c","item","ITEM","setup|init|create|do_climb","local_behavior|source_relative"
"d/fuzhou/obj/xiuhua.c","weapon","SWORD","create","source_relative"
"d/fuzhou/obj/yadan.c","food|item","ITEM|F_FOOD","create","source_relative"
"d/fuzhou/obj/zongzi.c","food|item","ITEM|F_FOOD","create","source_relative"
"d/gaibang/midao.c","item","ITEM","create|destruct_me","local_behavior|lifecycle_or_spawn|source_relative"
"d/gaibang/npc/1dai.c","npc","NPC","create","random|lifecycle_or_spawn|local_include|source_relative"
"d/gaibang/npc/2dai.c","npc","NPC","create","lifecycle_or_spawn|local_include|source_relative"
"d/gaibang/npc/3dai.c","npc","NPC","create","lifecycle_or_spawn|local_include|source_relative"
"d/gaibang/npc/4dai.c","npc","NPC","create","closure|lifecycle_or_spawn|local_include|source_relative"
"d/gaibang/npc/5dai.c","npc","NPC","create","closure|lifecycle_or_spawn|local_include|source_relative"
"d/gaibang/npc/6dai.c","npc","NPC","create","closure|lifecycle_or_spawn|local_include|source_relative"
"d/gaibang/npc/7dai.c","npc","NPC","create","closure|lifecycle_or_spawn|local_include|source_relative"
"d/gaibang/npc/obj/cloth.c","armor","CLOTH","create","source_relative"
"d/gaibang/npc/obj/jiaohuaji.c","food|item","ITEM|F_FOOD","create","source_relative"
"d/gaibang/npc/obj/po-bu.c","item","ITEM","create|long","local_behavior|source_relative"
"d/gaibang/npc/obj/qingzhu-ling.c","item","ITEM","create","source_relative"
"d/gaibang/npc/obj/staff.c","weapon","STAFF","create","source_relative"
"d/gaochang/npc/ghost.c","npc","NPC","create|init","local_behavior|lifecycle_or_spawn"
"d/gaochang/npc/liwenxiu.c","npc","NPC","create|init|greeting|ask_supu|ask_parent|ask_gaochang","local_behavior|random|closure|lifecycle_or_spawn|source_relative"
"d/gaochang/npc/obj/liuxingchui.c","weapon","WHIP","create","source_relative"
"d/gaochang/npc/obj/map.c","item","ITEM","create","source_relative"
"d/gaochang/npc/waer.c","npc","NPC","create|init|greeting|ask_back|unconcious","local_behavior|closure|lifecycle_or_spawn|source_relative"
"d/gaochang/obj/fake_map.c","item","ITEM","create","source_relative"
"d/gaochang/obj/map.c","item","ITEM","create","source_relative"
"d/guanwai/npc/chuanfu.c","npc","NPC","create|accept_object|goto_songhua|unconcious","local_behavior|closure|lifecycle_or_spawn"
"d/guanwai/npc/dahu.c","npc","NPC","create","lifecycle_or_spawn"
"d/guanwai/npc/erhu.c","npc","NPC","create","lifecycle_or_spawn"
"d/guanwai/npc/fengxifan.c","npc","NPC|F_MASTER","create","identity_or_persistence|lifecycle_or_spawn"
"d/guanwai/npc/hadani.c","npc|merchant","NPC|F_DEALER","create|init","local_behavior|lifecycle_or_spawn"
"d/guanwai/npc/heersu.c","unclassified_review","KNOWER","create|ask_me|accept_object","local_behavior|random|closure|lifecycle_or_spawn"
"d/guanwai/npc/jiangong.c","npc","NPC","create|init|ask_mine|do_mine|working|halt_working|ask_transit|accept_object","local_behavior|random|closure|lifecycle_or_spawn|source_relative"
"d/guanwai/npc/jiaowenqi.c","npc","NPC","create","lifecycle_or_spawn|source_relative"
"d/guanwai/npc/laoban.c","npc|merchant","NPC|F_DEALER","create|init|greeting|saying|kicking","local_behavior|random|lifecycle_or_spawn|source_relative"
"d/guanwai/npc/obj/gourou.c","food|item","ITEM|F_FOOD","create","source_relative"
"d/guanwai/npc/obj/gouroutang.c","drink|item","ITEM|F_LIQUID","create","source_relative"
"d/guanwai/npc/obj/map.c","item","ITEM","create","source_relative"
"d/guanwai/npc/obj/piqiu.c","armor","CLOTH","create","source_relative"
"d/guanwai/npc/obj/tiepipa.c","weapon","HAMMER","create","source_relative"
"d/guanwai/npc/obj/tongren.c","weapon","HAMMER","create","source_relative"
"d/guanwai/npc/pihuoshang.c","npc|merchant","NPC|F_DEALER","create|init","local_behavior|closure|lifecycle_or_spawn|source_relative"
"d/guanwai/npc/sanhu.c","npc","NPC","create","lifecycle_or_spawn"
"d/guanwai/npc/shenke.c","npc","NPC","create|ask_me","local_behavior|closure|lifecycle_or_spawn"
"d/guanwai/npc/sihu.c","npc","NPC","create","lifecycle_or_spawn"
"d/guanwai/npc/tengyilei.c","npc","NPC","create","lifecycle_or_spawn|source_relative"
"d/guanwai/npc/xiaoer.c","unclassified_review","KNOWER","create|init|greeting|accept_object","local_behavior|random|lifecycle_or_spawn"
"d/guanwai/npc/xiaoyuanshan.c","npc","NPC","create","lifecycle_or_spawn"
"d/guanwai/npc/xiucai.c","npc","NPC","create","create_only_review"
"d/guanwai/npc/yanji.c","npc","NPC","create","lifecycle_or_spawn"
"d/guanwai/npc/yuzhenzi.c","npc","NPC|F_UNIQUE","create","identity_or_persistence|lifecycle_or_spawn"
"d/guanwai/obj/axe.c","weapon","AXE","create","source_relative"
"d/guanwai/obj/cwbdao.c","weapon","BLADE","create","source_relative"
"d/guanwai/obj/largewood.c","stack","COMBINED_ITEM","create|fire","local_behavior|lifecycle_or_spawn|source_relative"
"d/guanwai/obj/lengyue.c","weapon","BLADE","create","source_relative"
"d/guanwai/obj/mantou.c","food|item","ITEM|F_FOOD","create","source_relative"
"d/guanwai/obj/renshen.c","item","ITEM","create|do_effect","local_behavior|source_relative"
"d/guanwai/obj/saw.c","item","ITEM","is_saw|create","local_behavior|source_relative"
"d/guanwai/obj/shouwu.c","item","ITEM","create|do_effect","local_behavior|source_relative"
"d/guanwai/obj/wan.c","drink|item","ITEM|F_LIQUID","create","source_relative"
"d/guanwai/shichang.c","unclassified_review","PRODUCING_ROOM","create","lifecycle_or_spawn|source_relative"
"d/guiyun/npc/dabei.c","npc","NPC","create|check_body","local_behavior|random|closure|lifecycle_or_spawn"
"d/guiyun/npc/duantiande.c","npc","NPC","create","lifecycle_or_spawn"
"d/guiyun/npc/fanyifei.c","npc","F_UNIQUE|NPC","create","identity_or_persistence|random|lifecycle_or_spawn"
"d/guiyun/npc/fengliang.c","npc","F_UNIQUE|NPC","create","identity_or_persistence|random|lifecycle_or_spawn|source_relative"
"d/guiyun/npc/gaosan.c","npc","F_UNIQUE|NPC","create","identity_or_persistence|random|lifecycle_or_spawn|source_relative"
"d/guiyun/npc/hanbaoju.c","npc","NPC|F_MASTER","create","identity_or_persistence|lifecycle_or_spawn"
"d/guiyun/npc/hanxiaoyin.c","npc","NPC|F_MASTER","create","identity_or_persistence|lifecycle_or_spawn"
"d/guiyun/npc/haojie.c","npc","NPC","create","lifecycle_or_spawn"
"d/guiyun/npc/jiading.c","npc","NPC","create|accept_object","local_behavior|lifecycle_or_spawn"
"d/guiyun/npc/jinbing.c","npc","NPC","create","lifecycle_or_spawn"
"d/guiyun/npc/kezhene.c","npc","NPC|F_MASTER","create","identity_or_persistence|lifecycle_or_spawn"
"d/guiyun/npc/luzhengping.c","npc","F_UNIQUE|NPC","create","identity_or_persistence|random|lifecycle_or_spawn"
"d/guiyun/npc/nanxiren.c","npc","NPC|F_MASTER","create","identity_or_persistence|lifecycle_or_spawn|source_relative"
"d/guiyun/npc/obj/axe.c","weapon","AXE","create","source_relative"
"d/guiyun/npc/obj/biandan.c","weapon","STAFF","create","source_relative"
"d/guiyun/npc/obj/gancheng.c","weapon","CLUB","create","source_relative"
"d/guiyun/npc/obj/green_cloth.c","armor","CLOTH","create","source_relative"
"d/guiyun/npc/obj/jiandao.c","weapon","BLADE","create","source_relative"
"d/guiyun/npc/obj/jiujiebian.c","weapon","WHIP","create","source_relative"
"d/guiyun/npc/obj/red_cloth.c","armor","CLOTH","create","source_relative"
"d/guiyun/npc/obj/shortblade.c","weapon","THROWING","create","source_relative"
"d/guiyun/npc/obj/xin.c","item","ITEM","create","source_relative"
"d/guiyun/npc/obj/zheshan.c","weapon","DAGGER","create","source_relative"
"d/guiyun/npc/qiuqianzhang.c","npc","NPC","create","lifecycle_or_spawn"
"d/guiyun/npc/quanjinfa.c","npc","NPC|F_MASTER","create","identity_or_persistence|lifecycle_or_spawn|source_relative"
"d/guiyun/npc/seller.c","merchant","KNOWER|F_VENDOR","create|init","local_behavior|lifecycle_or_spawn"
"d/guiyun/npc/shutong.c","npc","NPC","create","lifecycle_or_spawn"
"d/guiyun/npc/wanyanhonglie.c","npc","NPC","create","lifecycle_or_spawn"
"d/guiyun/npc/wanyankang.c","npc","NPC","create","closure|lifecycle_or_spawn"
"d/guiyun/npc/xiaoju.c","npc","NPC","create","lifecycle_or_spawn|source_relative"
"d/guiyun/npc/xiaolan.c","npc","NPC","create","lifecycle_or_spawn|source_relative"
"d/guiyun/npc/xiaolu.c","npc","NPC|F_MASTER","create|init|ask_me|do_decide","local_behavior|identity_or_persistence|closure|lifecycle_or_spawn|source_relative"
"d/guiyun/npc/zhangasheng.c","npc","NPC|F_MASTER","create","identity_or_persistence|lifecycle_or_spawn|source_relative"
"d/guiyun/npc/zhucong.c","npc","NPC|F_MASTER","create","identity_or_persistence|lifecycle_or_spawn|source_relative"
"d/guiyun/obj/zongzi.c","food|item","ITEM|F_FOOD","create","source_relative"
"d/gumu/npc/obj/baipao.c","armor","CLOTH","create","source_relative"
"d/gumu/npc/sun.c","npc","NPC|F_GUARDER","create","closure|lifecycle_or_spawn"
"d/gumu/obj/bingpo-zhen.c","weapon","THROWING","create","source_relative"
"d/gumu/obj/fengmi.c","drink|item","ITEM|F_LIQUID","create|do_effect","local_behavior|source_relative"
"d/gumu/obj/ping.c","item","ITEM","init|create|do_qufeng","local_behavior|random|source_relative"
"d/gumu/obj/yufeng-zhen.c","weapon","THROWING","create","source_relative"
"d/hangzhou/honghua/an.c","npc","NPC|F_MASTER","create","identity_or_persistence|lifecycle_or_spawn|source_relative"
"d/hangzhou/honghua/chang1.c","npc","NPC|F_MASTER","create","identity_or_persistence|lifecycle_or_spawn"
"d/hangzhou/honghua/chang2.c","npc","NPC|F_MASTER","create","identity_or_persistence|lifecycle_or_spawn"
"d/hangzhou/honghua/chen.c","npc","NPC|F_MASTER","create","identity_or_persistence|closure|lifecycle_or_spawn"
"d/hangzhou/honghua/huo.c","npc","NPC|F_MASTER","create|ask_skill1|recognize_apprentice|unconcious","local_behavior|identity_or_persistence|closure|lifecycle_or_spawn|source_relative"
"d/hangzhou/honghua/jiang.c","npc","NPC|F_MASTER","create","identity_or_persistence|lifecycle_or_spawn|source_relative"
"d/hangzhou/honghua/lu.c","npc","NPC|F_MASTER","create","identity_or_persistence|closure|lifecycle_or_spawn"
"d/hangzhou/honghua/luo.c","npc","NPC|F_MASTER","create","identity_or_persistence|lifecycle_or_spawn"
"d/hangzhou/honghua/meng.c","npc","NPC|F_MASTER","create","identity_or_persistence|lifecycle_or_spawn|source_relative"
"d/hangzhou/honghua/obj/cuiyu.c","armor","HEAD","create","source_relative"
"d/hangzhou/honghua/obj/huangshan.c","armor","CLOTH","create","source_relative"
"d/hangzhou/honghua/obj/shortsword.c","weapon","SWORD","create","source_relative"
"d/hangzhou/honghua/obj/tiebian.c","weapon","WHIP","create","source_relative"
"d/hangzhou/honghua/obj/tiedan.c","weapon","THROWING","create","source_relative"
"d/hangzhou/honghua/obj/tiejiang.c","weapon","CLUB","create","source_relative"
"d/hangzhou/honghua/shi.c","npc","NPC|F_MASTER","create","identity_or_persistence|lifecycle_or_spawn"
"d/hangzhou/honghua/wei.c","npc","NPC|F_MASTER","create","identity_or_persistence|lifecycle_or_spawn"
"d/hangzhou/honghua/wen.c","npc","NPC|F_MASTER","create","identity_or_persistence|lifecycle_or_spawn"
"d/hangzhou/honghua/wuchen.c","npc","NPC","create","closure|lifecycle_or_spawn"
"d/hangzhou/honghua/xinyan.c","npc","NPC|F_MASTER","create","identity_or_persistence|lifecycle_or_spawn"
"d/hangzhou/honghua/xu.c","npc","NPC|F_MASTER","create","identity_or_persistence|lifecycle_or_spawn"
"d/hangzhou/honghua/yang.c","npc","NPC|F_MASTER","create","identity_or_persistence|lifecycle_or_spawn|source_relative"
"d/hangzhou/honghua/yu.c","npc","NPC|F_MASTER","create","identity_or_persistence|lifecycle_or_spawn"
"d/hangzhou/honghua/zhang.c","npc","NPC|F_MASTER","create","identity_or_persistence|lifecycle_or_spawn"
"d/hangzhou/honghua/zhao.c","npc","NPC","create","closure|lifecycle_or_spawn"
"d/hangzhou/honghua/zhou.c","npc","NPC|F_MASTER","create","identity_or_persistence|lifecycle_or_spawn|source_relative"
"d/hangzhou/honghua/zhouyi.c","npc","NPC|F_MASTER","create","identity_or_persistence|lifecycle_or_spawn"
"d/hangzhou/kuangshan.c","unclassified_review","PRODUCING_ROOM","create","lifecycle_or_spawn|source_relative"
"d/hangzhou/npc/baizhen.c","npc","NPC","create","lifecycle_or_spawn"
"d/hangzhou/npc/boy.c","npc","NPC","create","lifecycle_or_spawn|source_relative"
"d/hangzhou/npc/caichanu.c","npc","NPC","create","lifecycle_or_spawn"
"d/hangzhou/npc/chuyuan.c","npc","NPC","create","lifecycle_or_spawn"
"d/hangzhou/npc/dabei.c","npc","NPC","create","random|closure|lifecycle_or_spawn"
"d/hangzhou/npc/dao-ke.c","npc","NPC","create|init","local_behavior|lifecycle_or_spawn"
"d/hangzhou/npc/girl.c","npc","NPC","create","lifecycle_or_spawn|source_relative"
"d/hangzhou/npc/guanjia.c","npc","NPC","create","lifecycle_or_spawn"
"d/hangzhou/npc/guest.c","npc","NPC","create","random"
"d/hangzhou/npc/honghua1.c","npc","NPC","create","lifecycle_or_spawn"
"d/hangzhou/npc/honghua2.c","npc","NPC","create","lifecycle_or_spawn"
"d/hangzhou/npc/huqingyu.c","npc","NPC","create|init","local_behavior"
"d/hangzhou/npc/jiading.c","npc","NPC","create","lifecycle_or_spawn"
"d/hangzhou/npc/jian-ke.c","npc","NPC","create|init","local_behavior|lifecycle_or_spawn"
"d/hangzhou/npc/jiangong.c","npc","NPC","create|init|ask_mine|do_mine|working|halt_working|ask_transit|accept_object","local_behavior|random|closure|lifecycle_or_spawn|source_relative"
"d/hangzhou/npc/likexiu.c","npc","NPC","create","lifecycle_or_spawn"
"d/hangzhou/npc/liumang.c","npc","NPC","create","lifecycle_or_spawn"
"d/hangzhou/npc/liumangtou.c","npc","NPC","create","lifecycle_or_spawn"
"d/hangzhou/npc/liyuanzhi.c","npc","NPC","create","lifecycle_or_spawn"
"d/hangzhou/npc/longjun.c","npc","NPC","create","closure|lifecycle_or_spawn"
"d/hangzhou/npc/mengmian.c","npc","NPC","create","closure|lifecycle_or_spawn"
"d/hangzhou/npc/obj/baozi.c","food|item","ITEM|F_FOOD","create","source_relative"
"d/hangzhou/npc/obj/chicken.c","food|item","ITEM|F_FOOD","create","source_relative"
"d/hangzhou/npc/obj/cloth.c","armor","CLOTH","create","source_relative"
"d/hangzhou/npc/obj/fish.c","food|item","ITEM|F_FOOD","create","source_relative"
"d/hangzhou/npc/obj/geng.c","food|item","ITEM|F_FOOD","create","source_relative"
"d/hangzhou/npc/obj/goupi.c","armor","CLOTH","create","source_relative"
"d/hangzhou/npc/obj/jiuping.c","drink|item","ITEM|F_LIQUID","create","source_relative"
"d/hangzhou/npc/obj/pork.c","food|item","ITEM|F_FOOD","create","source_relative"
"d/hangzhou/npc/obj/shrimp.c","food|item","ITEM|F_FOOD","create","source_relative"
"d/hangzhou/npc/oldwoman.c","npc","NPC","create","lifecycle_or_spawn|source_relative"
"d/hangzhou/npc/poorman.c","npc","NPC","create","closure|lifecycle_or_spawn|source_relative"
"d/hangzhou/npc/qianlong.c","npc","NPC","create|init|do_kneel|unconcious","local_behavior|lifecycle_or_spawn"
"d/hangzhou/npc/qingbing.c","npc","NPC","create","lifecycle_or_spawn"
"d/hangzhou/npc/seng.c","npc","NPC","create","lifecycle_or_spawn"
"d/hangzhou/npc/shami.c","npc","NPC","create","lifecycle_or_spawn"
"d/hangzhou/npc/shu-sheng.c","npc","NPC","create","create_only_review"
"d/hangzhou/npc/smith.c","unclassified_review","""/inherit/char/smith.c""","create","closure|lifecycle_or_spawn"
"d/hangzhou/npc/tiao-fu.c","npc","NPC","create","random|lifecycle_or_spawn"
"d/hangzhou/npc/xianghuo.c","npc","NPC","create","closure|lifecycle_or_spawn"
"d/hangzhou/npc/xiaoer.c","unclassified_review","KNOWER","create|init|greeting|accept_object","local_behavior|random|lifecycle_or_spawn"
"d/hangzhou/npc/xiaoer2.c","merchant","KNOWER|F_DEALER","create|init|greeting","local_behavior|random|lifecycle_or_spawn|source_relative"
"d/hangzhou/npc/you-ke.c","npc","NPC","create","random"
"d/hangzhou/npc/youfang.c","npc","NPC","create","lifecycle_or_spawn"
"d/hangzhou/npc/yuenv.c","npc","NPC|F_MASTER","create|teach_me|accept_ask|unconcious","local_behavior|identity_or_persistence|closure|lifecycle_or_spawn"
"d/hangzhou/obj/eluanshi.c","weapon","THROWING","create","source_relative"
"d/hangzhou/obj/shitou.c","weapon","HAMMER","create","source_relative"
"d/hangzhou/obj/shuzhi.c","weapon","STAFF","create|fire","local_behavior|lifecycle_or_spawn|source_relative"
"d/heimuya/insert.c","unclassified_review","F_CLEAN_UP","main|help","local_behavior"
"d/heimuya/npc/cungu.c","npc","NPC","create","lifecycle_or_spawn"
"d/heimuya/npc/dizi.c","npc","NPC","create|init|greeting","local_behavior|lifecycle_or_spawn"
"d/heimuya/npc/dizi2.c","npc","NPC","create|init|greeting","local_behavior|lifecycle_or_spawn"
"d/heimuya/npc/dizi3.c","npc","NPC","create|init|greeting","local_behavior|lifecycle_or_spawn"
"d/heimuya/npc/dizi4.c","npc","NPC","create|init|greeting","local_behavior|lifecycle_or_spawn"
"d/heimuya/npc/dizi5.c","npc","NPC","create|init|greeting","local_behavior|lifecycle_or_spawn"
"d/heimuya/npc/dizi6.c","npc","NPC","create|init|greeting","local_behavior|lifecycle_or_spawn"
"d/heimuya/npc/dizi7.c","npc","NPC","create|init|greeting","local_behavior|lifecycle_or_spawn"
"d/heimuya/npc/huang.c","npc","NPC|F_MASTER","create|attempt_apprentice","local_behavior|identity_or_persistence|closure|lifecycle_or_spawn"
"d/heimuya/npc/kid.c","npc","NPC","create","lifecycle_or_spawn"
"d/heimuya/npc/laozhe.c","npc","NPC","create","lifecycle_or_spawn"
"d/heimuya/npc/obj/bishou.c","weapon","DAGGER","create","source_relative"
"d/heimuya/npc/obj/cloth.c","armor","CLOTH","create","source_relative"
"d/heimuya/npc/obj/dadao.c","weapon","BLADE","create","source_relative"
"d/heimuya/npc/obj/dafu.c","weapon","HAMMER","create","source_relative"
"d/heimuya/npc/obj/hongchouxiaoshan.c","armor","CLOTH","create","source_relative"
"d/heimuya/npc/obj/jinpao.c","armor","CLOTH","create","source_relative"
"d/heimuya/npc/obj/leizhendang.c","weapon","HAMMER","create","source_relative"
"d/heimuya/npc/obj/shenzhen.c","weapon","THROWING","create","source_relative"
"d/heimuya/npc/obj/shutonggun.c","weapon","CLUB","create","source_relative"
"d/heimuya/npc/obj/tongchui.c","weapon","HAMMER","create","source_relative"
"d/heimuya/npc/obj/yaoshi.c","item","ITEM","create","create_only_review"
"d/heimuya/npc/obj/zaohong.c","armor","CLOTH","create","source_relative"
"d/heimuya/npc/obj/zichoush.c","armor","CLOTH","create","source_relative"
"d/heimuya/npc/seller.c","merchant","KNOWER|F_VENDOR","create|init","local_behavior|lifecycle_or_spawn"
"d/heimuya/npc/shinu.c","npc","NPC","create","lifecycle_or_spawn"
"d/heimuya/npc/yang.c","npc","NPC","create","lifecycle_or_spawn|source_relative"
"d/heimuya/npc/zish.c","npc","NPC","create","lifecycle_or_spawn|source_relative"
"d/heimuya/obj/heimu-ling.c","item","ITEM","create","source_relative"
"d/heimuya/obj/sherou.c","food|item","F_FOOD|ITEM","create","source_relative"
"d/heimuya/obj/tea.c","drink|item","ITEM|F_LIQUID","create","source_relative"
"d/hengshan/npc/he.c","npc","NPC|F_MASTER","create","identity_or_persistence|lifecycle_or_spawn"
"d/hengshan/npc/jing.c","npc","NPC|F_MASTER","create","identity_or_persistence|lifecycle_or_spawn"
"d/hengshan/npc/lin.c","npc","NPC|F_MASTER","create","identity_or_persistence|lifecycle_or_spawn"
"d/hengshan/npc/qin.c","npc","NPC|F_MASTER","create","identity_or_persistence|lifecycle_or_spawn"
"d/hengshan/npc/qing.c","npc","NPC|F_MASTER","create","identity_or_persistence|lifecycle_or_spawn"
"d/hengshan/npc/wen.c","npc","NPC|F_MASTER","create","identity_or_persistence|lifecycle_or_spawn"
"d/hengshan/npc/xian.c","npc","NPC|F_MASTER","create","identity_or_persistence|lifecycle_or_spawn"
"d/hengshan/npc/yafu.c","npc","NPC","create","lifecycle_or_spawn"
"d/hengshan/npc/yi.c","npc","NPC|F_MASTER","create","identity_or_persistence|lifecycle_or_spawn"
"d/hengshan/npc/zheng.c","npc","NPC|F_MASTER","create","identity_or_persistence|lifecycle_or_spawn"
"d/hengshan/npc/zhi.c","npc","NPC|F_MASTER","create","identity_or_persistence|lifecycle_or_spawn"
"d/hengyang/npc/chaboshi.c","merchant","KNOWER|F_DEALER","create|init|greeting","local_behavior|random|lifecycle_or_spawn"
"d/hengyang/npc/chushi.c","npc","NPC","create","lifecycle_or_spawn"
"d/hengyang/npc/dao-ke.c","npc","NPC","create","lifecycle_or_spawn"
"d/hengyang/npc/dizi1.c","npc","NPC","create","lifecycle_or_spawn"
"d/hengyang/npc/dufeng.c","npc|merchant","NPC|F_DEALER","create|init|greeting","local_behavior|lifecycle_or_spawn"
"d/hengyang/npc/feiyan.c","npc|merchant","NPC|F_DEALER","create|init|greeting","local_behavior|lifecycle_or_spawn"
"d/hengyang/npc/guanjia.c","npc","NPC","create","lifecycle_or_spawn"
"d/hengyang/npc/haoke.c","npc","NPC","create","lifecycle_or_spawn"
"d/hengyang/npc/hunter.c","npc","NPC","create|accept_object|teach_hunting|recognize_apprentice","local_behavior|random|closure|lifecycle_or_spawn"
"d/hengyang/npc/jiading.c","npc","NPC","create","lifecycle_or_spawn"
"d/hengyang/npc/jian-ke.c","npc","NPC","create","lifecycle_or_spawn"
"d/hengyang/npc/liufuren.c","npc","NPC|F_MASTER","create","identity_or_persistence|lifecycle_or_spawn"
"d/hengyang/npc/liujing.c","npc","NPC|F_MASTER","create","identity_or_persistence|lifecycle_or_spawn"
"d/hengyang/npc/liuqin.c","npc","NPC|F_MASTER","create","identity_or_persistence|lifecycle_or_spawn"
"d/hengyang/npc/obj/blackcloth.c","armor","CLOTH","create","source_relative"
"d/hengyang/npc/obj/female-shoe.c","armor","BOOTS","create","source_relative"
"d/hengyang/npc/obj/female1.c","armor","CLOTH","create","source_relative"
"d/hengyang/npc/obj/huqin.c","item","ITEM|MI_QIN","create|init","local_behavior|source_relative"
"d/hengyang/npc/obj/luo_cloth.c","armor","CLOTH","create","source_relative"
"d/hengyang/npc/obj/tanmuqin.c","item","ITEM|MI_QIN","create|init","local_behavior|source_relative"
"d/hengyang/npc/obj/zhuxiao.c","item","ITEM|MI_XIAO","create|init","local_behavior|source_relative"
"d/hengyang/npc/qiang.c","npc|merchant","NPC|F_DEALER","create|init|greeting","local_behavior|lifecycle_or_spawn"
"d/hengyang/npc/sherou.c","food|item","ITEM|F_FOOD","create","source_relative"
"d/hengyang/npc/tian.c","npc","NPC","create|init|greeting|accept_fight","local_behavior|closure|lifecycle_or_spawn"
"d/hengyang/npc/turou.c","food|item","ITEM|F_FOOD","create","source_relative"
"d/hengyang/npc/xiangke.c","npc","NPC","create","lifecycle_or_spawn"
"d/hengyang/npc/xiaoer.c","npc|merchant","NPC|F_DEALER","create|init|greeting|saying|kicking","local_behavior|random|lifecycle_or_spawn"
"d/hengyang/npc/xiaoer2.c","npc|merchant","NPC|F_DEALER","create|init|greeting|saying|kicking","local_behavior|random|lifecycle_or_spawn"
"d/hengyang/npc/yilin.c","npc","NPC","create","lifecycle_or_spawn"
"d/hengyang/npc/youke.c","npc","NPC","create","lifecycle_or_spawn"
"d/hengyang/npc/yuanziyi.c","npc","NPC","create","closure|lifecycle_or_spawn"
"d/hengyang/obj/jia.c","item","ITEM","create","source_relative"
"d/hengyang/obj/longzi.c","item","ITEM","create","source_relative"
"d/hengyang/obj/mantou.c","food|item","ITEM|F_FOOD","create","source_relative"
"d/hengyang/obj/mujian.c","weapon","SWORD","create","source_relative"
"d/hengyang/obj/water.c","drink|item","ITEM|F_LIQUID","create","source_relative"
"d/hengyang/obj/zigai-book.c","item","ITEM","create","create_only_review"
"d/hengyang/yueqi/honghuqin.c","item","ITEM|MI_QIN","create|init","local_behavior|source_relative"
"d/hengyang/yueqi/huqin.c","item","ITEM|MI_QIN","create|init","local_behavior|source_relative"
"d/hengyang/yueqi/huxian-book.c","item","ITEM","create|init|do_read","local_behavior|source_relative"
"d/hengyang/yueqi/jiaoyeqin.c","item","ITEM|MI_QIN","create|init","local_behavior|source_relative"
"d/hengyang/yueqi/jiuxiaoqin.c","item","ITEM|MI_QIN","create|init","local_behavior|source_relative"
"d/hengyang/yueqi/qin-jimo.c","item","ITEM|MI_QIN","create|init","local_behavior|source_relative"
"d/hengyang/yueqi/qin-jueyin.c","item","ITEM|MI_QIN","create|init","local_behavior|source_relative"
"d/hengyang/yueqi/qin-konggu.c","item","ITEM|MI_QIN","create|init","local_behavior|source_relative"
"d/hengyang/yueqi/qin-tianlai.c","item","ITEM|MI_QIN","create|init","local_behavior|source_relative"
"d/hengyang/yueqi/shixuanqin-zhanguo.c","item","ITEM|MI_QIN","create|init","local_behavior|source_relative"
"d/hengyang/yueqi/tanhuqin.c","item","ITEM|MI_QIN","create|init","local_behavior|source_relative"
"d/hengyang/yueqi/yuepu-book.c","item","ITEM","create|init|do_read","local_behavior|source_relative"
"d/hengyang/yueqi/yueqi-book.c","item","ITEM","create|init|do_read","local_behavior|source_relative"
"d/hengyang/yueqi/zhongnishi.c","item","ITEM|MI_QIN","create|init","local_behavior|source_relative"
"d/hengyang/yueqi/zhuxiao-liuquan.c","item","ITEM|MI_XIAO","create|init","local_behavior|source_relative"
"d/hengyang/yueqi/zhuxiao-qingyin.c","item","ITEM|MI_XIAO","create|init","local_behavior|source_relative"
"d/hengyang/yueqi/zhuxiao-shuiyun.c","item","ITEM|MI_XIAO","create|init","local_behavior|source_relative"
"d/hengyang/yueqi/zhuxiao-youlan.c","item","ITEM|MI_XIAO","create|init","local_behavior|source_relative"
"d/hengyang/yueqi/zhuxiao.c","item","ITEM|MI_XIAO","create|init","local_behavior|source_relative"
"d/huanggong/npc/gonnv.c","npc","NPC","create","random|lifecycle_or_spawn"
"d/huanggong/npc/shiwei.c","npc","NPC","create|init","local_behavior|random|lifecycle_or_spawn"
"d/huanggong/npc/shiwei2.c","npc","NPC","create|init","local_behavior|random|lifecycle_or_spawn"
"d/huanggong/npc/taijian.c","npc","NPC","create","random|lifecycle_or_spawn"
"d/huanggong/obj/nverhong.c","drink|item","ITEM|F_LIQUID","create","source_relative"
"d/huanggong/obj/yuchanda.c","item","ITEM","create|do_effect","local_behavior|source_relative"
"d/huanggong/obj/yuchi.c","food|item","ITEM|F_FOOD","create","source_relative"
"d/huanghe/npc/bangzong.c","npc","NPC","create","lifecycle_or_spawn"
"d/huanghe/npc/caishiren.c","npc","NPC","create","lifecycle_or_spawn|source_relative"
"d/huanghe/npc/hou.c","npc","NPC","create","lifecycle_or_spawn|source_relative"
"d/huanghe/npc/huoji.c","npc|merchant","NPC|F_DEALER","create|init","local_behavior|lifecycle_or_spawn"
"d/huanghe/npc/liang.c","npc","NPC","create","lifecycle_or_spawn|source_relative"
"d/huanghe/npc/ma.c","npc","NPC","create","lifecycle_or_spawn"
"d/huanghe/npc/mazei.c","npc","NPC","create|init|greeting|accept_object","local_behavior|random|lifecycle_or_spawn"
"d/huanghe/npc/menmian.c","npc","NPC","create","random|lifecycle_or_spawn|source_relative"
"d/huanghe/npc/obj/axe.c","weapon","AXE","create","source_relative"
"d/huanghe/npc/obj/bi.c","weapon","DAGGER","create","source_relative"
"d/huanghe/npc/obj/changpao.c","armor","CLOTH","create","source_relative"
"d/huanghe/npc/obj/fenshuici.c","weapon","DAGGER","create","source_relative"
"d/huanghe/npc/obj/fork.c","weapon","CLUB","create","source_relative"
"d/huanghe/npc/obj/futou.c","weapon","AXE","create","source_relative"
"d/huanghe/npc/obj/shuikao.c","armor","CLOTH","create","source_relative"
"d/huanghe/npc/obj/tieqiao.c","weapon","CLUB","create","source_relative"
"d/huanghe/npc/peng.c","npc","NPC","create","lifecycle_or_spawn|source_relative"
"d/huanghe/npc/qian.c","npc","NPC","create","lifecycle_or_spawn|source_relative"
"d/huanghe/npc/qiaofu.c","npc","NPC","create","lifecycle_or_spawn|source_relative"
"d/huanghe/npc/sha.c","npc","NPC","create","lifecycle_or_spawn"
"d/huanghe/npc/shen.c","npc","NPC","create","lifecycle_or_spawn"
"d/huanghe/npc/wu.c","npc","NPC","create","lifecycle_or_spawn"
"d/huanghe/npc/wudong.c","npc","NPC","create","random|closure|lifecycle_or_spawn"
"d/huanghe/npc/xiucai.c","npc","NPC","create|recognize_apprentice|accept_object","local_behavior|lifecycle_or_spawn"
"d/huanghe/npc/xixiabing.c","npc","NPC","create","random|lifecycle_or_spawn"
"d/huanghe/npc/zu.c","unclassified_review","KNOWER","create","lifecycle_or_spawn"
"d/huashan/npc/dayou.c","npc","NPC|F_GUARDER","create","lifecycle_or_spawn"
"d/huashan/npc/doctor.c","npc","NPC","create|init|do_accept|accept_fight","local_behavior|lifecycle_or_spawn"
"d/huashan/npc/gao-genming.c","npc","NPC|F_GUARDER","create|permit_pass","local_behavior|closure|lifecycle_or_spawn"
"d/huashan/npc/girldizi.c","npc","NPC","create","lifecycle_or_spawn"
"d/huashan/npc/haoke.c","npc","NPC","create","lifecycle_or_spawn"
"d/huashan/npc/lao-denuo.c","npc","NPC|F_GUARDER","create|permit_pass|relay_emote","local_behavior|random|closure|lifecycle_or_spawn"
"d/huashan/npc/liang-fa.c","npc","NPC","create","closure|lifecycle_or_spawn"
"d/huashan/npc/lin-pingzhi.c","npc","NPC","create|die","local_behavior|closure|lifecycle_or_spawn"
"d/huashan/npc/obj/green_water_sword.c","weapon","SWORD","create","source_relative"
"d/huashan/npc/obj/letter.c","item","ITEM","create","source_relative"
"d/huashan/npc/ren-yingying.c","npc","NPC","create|accept_fight|init|greeting|goway","local_behavior|lifecycle_or_spawn"
"d/huashan/npc/shi-daizi.c","npc","NPC","create","closure|lifecycle_or_spawn"
"d/huashan/npc/teller.c","unclassified_review","KNOWER","create|do_forge|accept_object|destroy","local_behavior|closure|lifecycle_or_spawn|source_relative"
"d/huashan/npc/youke.c","npc","NPC","create","random"
"d/huashan/npc/yue-lingshan.c","npc","NPC","create|accept_fight","local_behavior|lifecycle_or_spawn|source_relative"
"d/huashan/obj/longquan.c","weapon","SWORD","create","source_relative"
"d/huashan/obj/paper.c","item","ITEM","create","source_relative"
"d/huashan/obj/rice.c","food|item","ITEM|F_FOOD","create","source_relative"
"d/huashan/obj/soup.c","drink|item","ITEM|F_LIQUID","create","source_relative"
"d/huashan/tsr_dugu-jiujian.c","item","ITEM","create|init_data|openlock|get_result","local_behavior|random|lifecycle_or_spawn|source_relative"
"d/huashan/tsr_room_dugu-jiujian.c","unclassified_review","","init|do_move","local_behavior|random"
"d/item/npc/zhang.c","unclassified_review","KNOWER","create|init|ask_me|do_summon|do_show|accept_object|fight_ob|accept_fight|accept_ansuan|receive_damage|receive_wound","local_behavior|closure|lifecycle_or_spawn"
"d/item/obj/butian.c","item","ITEM","create","source_relative"
"d/item/obj/chanhs.c","item","ITEM","create","source_relative"
"d/item/obj/hantie.c","item","ITEM","create","source_relative"
"d/item/obj/jingtie.c","item","ITEM","create","source_relative"
"d/item/obj/tiancs.c","item","ITEM","create","source_relative"
"d/item/obj/wujins.c","item","ITEM","create","source_relative"
"d/item/obj/xuantie.c","item","ITEM","create","source_relative"
"d/jingzhou/afang.c","merchant","KNOWER|F_DEALER","create|init|greeting","local_behavior|random|lifecycle_or_spawn|source_relative"
"d/jingzhou/jing.c","npc","NPC","create","lifecycle_or_spawn|source_relative"
"d/jingzhou/npc/afang.c","merchant","KNOWER|F_DEALER","create|init|greeting","local_behavior|random|lifecycle_or_spawn"
"d/jingzhou/npc/bing.c","npc","NPC","create|init|accept_fight","local_behavior|lifecycle_or_spawn|source_relative"
"d/jingzhou/npc/boy.c","npc","NPC","create","lifecycle_or_spawn|source_relative"
"d/jingzhou/npc/dingdian.c","npc","NPC","create|accept_object|destroying","local_behavior|lifecycle_or_spawn"
"d/jingzhou/npc/girl.c","npc","NPC","create","lifecycle_or_spawn|source_relative"
"d/jingzhou/npc/guanjia.c","npc","NPC","create","lifecycle_or_spawn"
"d/jingzhou/npc/huatuo.c","npc|merchant","NPC|F_DEALER","create|init","local_behavior|lifecycle_or_spawn"
"d/jingzhou/npc/huoji.c","npc|merchant","NPC|F_DEALER","create|init","local_behavior|lifecycle_or_spawn"
"d/jingzhou/npc/jing.c","npc","NPC","create","lifecycle_or_spawn|source_relative"
"d/jingzhou/npc/juyou.c","npc","NPC","create|accept_object|destroying","local_behavior|lifecycle_or_spawn|source_relative"
"d/jingzhou/npc/kid.c","npc","NPC","create","lifecycle_or_spawn"
"d/jingzhou/npc/obj/baozi.c","food|item","ITEM|F_FOOD","create","source_relative"
"d/jingzhou/npc/obj/cloth.c","armor","CLOTH","create","source_relative"
"d/jingzhou/npc/obj/gangdao.c","weapon","BLADE","create","source_relative"
"d/jingzhou/npc/obj/gangjian.c","weapon","SWORD","create","source_relative"
"d/jingzhou/npc/obj/gfkey.c","item","ITEM","create","create_only_review"
"d/jingzhou/npc/obj/jitui.c","food|weapon","HAMMER|F_FOOD","create|finish_eat","local_behavior|source_relative|mixed_roles"
"d/jingzhou/npc/obj/jiudai.c","drink|item","ITEM|F_LIQUID","create","source_relative"
"d/jingzhou/npc/obj/juhua.c","item","ITEM","create","source_relative"
"d/jingzhou/npc/obj/juhua1.c","item","ITEM","create","source_relative"
"d/jingzhou/npc/obj/junfu.c","armor","CLOTH","create","source_relative"
"d/jingzhou/npc/obj/necklace.c","armor","NECK","create","source_relative"
"d/jingzhou/npc/obj/pink_cloth.c","unclassified_review","","","local_behavior"
"d/jingzhou/npc/obj/yayifu.c","armor","CLOTH","create","source_relative"
"d/jingzhou/npc/qian.c","npc","NPC|F_BANKER","create|init","local_behavior|lifecycle_or_spawn"
"d/jingzhou/npc/shuanghua.c","npc","NPC","create|init|greeting|accept_kill|ask_me","local_behavior|closure|lifecycle_or_spawn|source_relative"
"d/jingzhou/npc/smith.c","unclassified_review","""/inherit/char/smith.c""","create","lifecycle_or_spawn"
"d/jingzhou/npc/wan.c","npc","NPC","create","lifecycle_or_spawn|source_relative"
"d/jingzhou/npc/xiaoxiang.c","npc","NPC","create","lifecycle_or_spawn"
"d/jingzhou/npc/yayi.c","npc","NPC","create","lifecycle_or_spawn|source_relative"
"d/jingzhou/obj/armor.c","armor","CLOTH","create","source_relative"
"d/jingzhou/obj/baozi.c","food|item","ITEM|F_FOOD","create","source_relative"
"d/jingzhou/obj/beixin.c","armor","CLOTH","create","source_relative"
"d/jingzhou/obj/caoxie.c","armor","BOOTS","create","source_relative"
"d/jingzhou/obj/changjian.c","weapon","SWORD","create","source_relative"
"d/jingzhou/obj/cloth.c","armor","CLOTH","create","source_relative"
"d/jingzhou/obj/cycle.c","armor","NECK","create","source_relative"
"d/jingzhou/obj/dagger.c","weapon","DAGGER","create","source_relative"
"d/jingzhou/obj/duanjian.c","weapon","SWORD","create","source_relative"
"d/jingzhou/obj/fake-zi.c","item","ITEM","setup|init|create|do_eat","local_behavior|source_relative"
"d/jingzhou/obj/flower_shoe.c","armor","BOOTS","create","source_relative"
"d/jingzhou/obj/gangdao.c","weapon","BLADE","create","source_relative"
"d/jingzhou/obj/gangjian.c","weapon","SWORD","create","source_relative"
"d/jingzhou/obj/goldarmor.c","armor","CLOTH","create","source_relative"
"d/jingzhou/obj/goupi.c","armor","CLOTH","create","source_relative"
"d/jingzhou/obj/gourou.c","food|item","ITEM|F_FOOD","create","source_relative"
"d/jingzhou/obj/guiyuan.c","item","ITEM","setup|init|create|do_eat","local_behavior|source_relative"
"d/jingzhou/obj/hammer.c","weapon","HAMMER","create","source_relative"
"d/jingzhou/obj/hdjiudai.c","drink|item","ITEM|F_LIQUID","create","source_relative"
"d/jingzhou/obj/huwan.c","armor","WRISTS","create","source_relative"
"d/jingzhou/obj/huyao.c","armor","WAIST","create","source_relative"
"d/jingzhou/obj/jiaohuaji.c","food|item","ITEM|F_FOOD","create","source_relative"
"d/jingzhou/obj/jinchuang.c","item","ITEM","setup|init|create|do_eat","local_behavior|source_relative"
"d/jingzhou/obj/jitui.c","food|weapon","HAMMER|F_FOOD","create|finish_eat","local_behavior|source_relative|mixed_roles"
"d/jingzhou/obj/jiudai.c","drink|item","ITEM|F_LIQUID","create","source_relative"
"d/jingzhou/obj/junfu.c","armor","CLOTH","create","source_relative"
"d/jingzhou/obj/kaoya.c","food|item","ITEM|F_FOOD","create","source_relative"
"d/jingzhou/obj/lvju.c","item","ITEM","create","create_only_review"
"d/jingzhou/obj/mabudai.c","item","ITEM","create|is_container","local_behavior|source_relative"
"d/jingzhou/obj/mian.c","food|item","ITEM|F_FOOD","create","source_relative"
"d/jingzhou/obj/mianju.c","item","ITEM","create|init|do_pretend","local_behavior|source_relative"
"d/jingzhou/obj/necklace.c","armor","NECK","create","source_relative"
"d/jingzhou/obj/peanut.c","food|item","ITEM|F_FOOD","create","source_relative"
"d/jingzhou/obj/pink_cloth.c","armor","CLOTH","create","source_relative"
"d/jingzhou/obj/pixue.c","armor","BOOTS","create","source_relative"
"d/jingzhou/obj/shanshen.c","item","ITEM","setup|init|create|do_eat","local_behavior|source_relative"
"d/jingzhou/obj/shield.c","armor","SHIELD","create","source_relative"
"d/jingzhou/obj/shoutao.c","armor","HANDS","create","source_relative"
"d/jingzhou/obj/shouwu.c","item","ITEM","setup|init|create|do_eat","local_behavior|source_relative"
"d/jingzhou/obj/silverarmor.c","armor","CLOTH","create","source_relative"
"d/jingzhou/obj/surcoat.c","armor","SURCOAT","create","source_relative"
"d/jingzhou/obj/tiejia.c","armor","CLOTH","create","source_relative"
"d/jingzhou/obj/tieshou.c","armor","HANDS","create","source_relative"
"d/jingzhou/obj/tofu.c","food|item","ITEM|F_FOOD","create","source_relative"
"d/jingzhou/obj/toukui.c","armor","HEAD","create","source_relative"
"d/jingzhou/obj/xblade.c","weapon","BLADE","create|init|do_wield","local_behavior|source_relative"
"d/jingzhou/obj/xuedao-jing.c","item","ITEM","create","source_relative"
"d/jingzhou/obj/yangjing.c","item","ITEM","create|init|do_eat","local_behavior|source_relative"
"d/jingzhou/obj/yangxin.c","item","ITEM","setup|init|create|do_eat","local_behavior|source_relative"
"d/jingzhou/obj/yaoshi.c","item","ITEM","create","create_only_review"
"d/jingzhou/obj/yayifu.c","armor","CLOTH","create","source_relative"
"d/jingzhou/obj/zaisheng.c","item","ITEM","setup|init|create|do_eat","local_behavior|source_relative"
"d/jingzhou/obj/zhitao.c","armor","HANDS","create","source_relative"
"d/jingzhou/obj/zhubang.c","weapon","STAFF","create","source_relative"
"d/jinshe/obj/bigbox.c","item","ITEM","create|init|do_open","local_behavior"
"d/jinshe/obj/jinshe-jian.c","weapon","SWORD","create","create_only_review"
"d/jinshe/obj/jinshe-zhui.c","weapon","THROWING","create","source_relative"
"d/jinshe/obj/skeleton.c","item","ITEM","create|init|do_mai","local_behavior|lifecycle_or_spawn|source_relative"
"d/jinshe/obj/smallbox.c","item","ITEM","create|init|do_open","local_behavior|lifecycle_or_spawn|source_relative"
"d/jueqing/npc/chushi.c","npc","NPC","create","lifecycle_or_spawn"
"d/jueqing/npc/dizi1.c","npc","NPC","create","lifecycle_or_spawn"
"d/jueqing/npc/dizi2.c","npc","NPC|F_GUARDER","create","lifecycle_or_spawn"
"d/jueqing/npc/lve.c","npc","NPC","create","lifecycle_or_spawn"
"d/jueqing/npc/obj/lvshan.c","armor","CLOTH","create","source_relative"
"d/jueqing/npc/obj/mantou.c","food|item","ITEM|F_FOOD","create","source_relative"
"d/jueqing/npc/obj/water.c","drink|item","ITEM|F_LIQUID","create","source_relative"
"d/kaifeng/npc/baozheng.c","npc","NPC","create","lifecycle_or_spawn"
"d/kaifeng/npc/fujiazi.c","npc","NPC","create","lifecycle_or_spawn"
"d/kaifeng/npc/gaoyanei.c","npc","NPC","create|accept_fight","local_behavior|lifecycle_or_spawn"
"d/kaifeng/npc/guanbing.c","npc","NPC","create|init|accept_fight","local_behavior|lifecycle_or_spawn"
"d/kaifeng/npc/hanzi.c","npc|merchant","NPC|F_VENDOR","create|init","local_behavior|lifecycle_or_spawn|source_relative"
"d/kaifeng/npc/honghua1.c","npc","NPC","create","lifecycle_or_spawn"
"d/kaifeng/npc/honghua2.c","npc","NPC","create","lifecycle_or_spawn"
"d/kaifeng/npc/hufa.c","npc","NPC","create","lifecycle_or_spawn|source_relative"
"d/kaifeng/npc/huizhang.c","npc|merchant","NPC|F_DEALER","create|init","local_behavior|lifecycle_or_spawn"
"d/kaifeng/npc/jiansi.c","npc","NPC","create","lifecycle_or_spawn|source_relative"
"d/kaifeng/npc/kong.c","npc","NPC","create","lifecycle_or_spawn"
"d/kaifeng/npc/lisi.c","npc","NPC","create","lifecycle_or_spawn"
"d/kaifeng/npc/liucaizhu.c","npc","NPC","create","lifecycle_or_spawn"
"d/kaifeng/npc/liuzhanggui.c","npc|merchant","NPC|F_DEALER","create|init","local_behavior|lifecycle_or_spawn|source_relative"
"d/kaifeng/npc/luyuhou.c","npc","NPC","create","lifecycle_or_spawn"
"d/kaifeng/npc/luzhisheng.c","npc","NPC","create","lifecycle_or_spawn|source_relative"
"d/kaifeng/npc/obj/baicai.c","food|item","ITEM|F_FOOD","create","source_relative"
"d/kaifeng/npc/obj/bibohu.c","item","ITEM","create","source_relative"
"d/kaifeng/npc/obj/caidao.c","weapon","BLADE","create","source_relative"
"d/kaifeng/npc/obj/caikuang.c","item","ITEM","create|is_container","local_behavior|lifecycle_or_spawn|source_relative"
"d/kaifeng/npc/obj/chaihe1.c","weapon","STAFF","create","source_relative"
"d/kaifeng/npc/obj/cheng-cloth.c","armor","CLOTH","create","source_relative"
"d/kaifeng/npc/obj/chuihuo.c","weapon","STAFF","create","source_relative"
"d/kaifeng/npc/obj/ciwan.c","item","ITEM","create","source_relative"
"d/kaifeng/npc/obj/dao-cloth.c","armor","CLOTH","create","source_relative"
"d/kaifeng/npc/obj/dayu.c","item","ITEM","create","source_relative"
"d/kaifeng/npc/obj/fozhu.c","armor","HEAD","create","source_relative"
"d/kaifeng/npc/obj/guanyin.c","item","ITEM","create","source_relative"
"d/kaifeng/npc/obj/guanyu.c","item","ITEM","create","source_relative"
"d/kaifeng/npc/obj/jindi.c","weapon","SWORD","create","source_relative"
"d/kaifeng/npc/obj/jing1.c","item","ITEM","create","random|source_relative"
"d/kaifeng/npc/obj/jing2.c","item","ITEM","create","random|source_relative"
"d/kaifeng/npc/obj/jing3.c","item","ITEM","create","random|source_relative"
"d/kaifeng/npc/obj/jing4.c","item","ITEM","create","random|source_relative"
"d/kaifeng/npc/obj/jinzhen.c","weapon","THROWING","create","source_relative"
"d/kaifeng/npc/obj/luowenhai.c","item","ITEM","create","source_relative"
"d/kaifeng/npc/obj/milexiang.c","item","ITEM","create","source_relative"
"d/kaifeng/npc/obj/qingcai.c","food|item","ITEM|F_FOOD","create","source_relative"
"d/kaifeng/npc/obj/rulaixiang.c","item","ITEM","create","source_relative"
"d/kaifeng/npc/obj/sanqingxiang.c","item","ITEM","create","source_relative"
"d/kaifeng/npc/obj/tiebian.c","weapon","STAFF","create","source_relative"
"d/kaifeng/npc/obj/tiefutu.c","item","ITEM","create","source_relative"
"d/kaifeng/npc/obj/tiejiang.c","weapon","STAFF","create","source_relative"
"d/kaifeng/npc/obj/xuan-cloth.c","armor","CLOTH","create","source_relative"
"d/kaifeng/npc/obj/yudixiang.c","item","ITEM","create","source_relative"
"d/kaifeng/npc/obj/zaopeng.c","drink|item","ITEM|F_LIQUID","create","source_relative"
"d/kaifeng/npc/oldseng.c","npc","NPC","create","lifecycle_or_spawn|source_relative"
"d/kaifeng/npc/oldwomen.c","npc","NPC","create|init|greeting","local_behavior|closure|lifecycle_or_spawn"
"d/kaifeng/npc/pihuoshang.c","npc|merchant","NPC|F_DEALER","create|init","local_behavior|lifecycle_or_spawn"
"d/kaifeng/npc/popi.c","npc","NPC","create","lifecycle_or_spawn"
"d/kaifeng/npc/qigai.c","npc","NPC","create","lifecycle_or_spawn"
"d/kaifeng/npc/qingyi.c","npc","NPC","create","lifecycle_or_spawn"
"d/kaifeng/npc/shaohuo.c","npc","NPC","create","lifecycle_or_spawn|source_relative"
"d/kaifeng/npc/shike.c","npc","NPC","create","lifecycle_or_spawn"
"d/kaifeng/npc/suzhai.c","npc","NPC","create","lifecycle_or_spawn|source_relative"
"d/kaifeng/npc/woman.c","npc","NPC","create","lifecycle_or_spawn"
"d/kaifeng/npc/wulai.c","npc","NPC","create","lifecycle_or_spawn"
"d/kaifeng/npc/xianghuo.c","npc","NPC","create","lifecycle_or_spawn|source_relative"
"d/kaifeng/npc/xiaosheng.c","npc","NPC","create","lifecycle_or_spawn"
"d/kaifeng/npc/xinyan.c","npc","NPC","create","lifecycle_or_spawn"
"d/kaifeng/npc/zhanglong.c","npc","NPC","create|do_halt|accept_fight|accept_kill|accept_hit|init|catch_ob|catch_killer|return_back|attack|scan","local_behavior|random|lifecycle_or_spawn"
"d/kaifeng/npc/zhangsan.c","npc","NPC","create","lifecycle_or_spawn"
"d/kaifeng/npc/zhangzao.c","npc","NPC","create","lifecycle_or_spawn"
"d/kaifeng/npc/zhaohu.c","npc","NPC","create|do_halt|accept_fight|accept_kill|accept_hit|init|catch_ob|catch_killer|return_back|attack|scan","local_behavior|random|lifecycle_or_spawn"
"d/kaifeng/npc/zhifa.c","npc","NPC","create","lifecycle_or_spawn|source_relative"
"d/kaifeng/npc/zhike.c","npc","NPC","create|init|greeting","local_behavior|lifecycle_or_spawn"
"d/kaifeng/npc/zhiqing.c","npc","NPC","create","lifecycle_or_spawn|source_relative"
"d/kaifeng/npc/zhukao3.c","npc","NPC","create","lifecycle_or_spawn"
"d/kaifeng/obj/rice.c","food|item","ITEM|F_FOOD","create","source_relative"
"d/kaifeng/obj/soup.c","drink|item","ITEM|F_LIQUID","create","source_relative"
"d/kunlun/npc/kl-dizi1.c","npc","NPC","create","lifecycle_or_spawn"
"d/kunlun/npc/kl-dizi2.c","npc","NPC","create","lifecycle_or_spawn"
"d/kunlun/npc/kl-dizi3.c","npc","NPC","create","lifecycle_or_spawn"
"d/kunlun/npc/kl-dizi4.c","npc","NPC","create","lifecycle_or_spawn"
"d/kunlun/npc/puren.c","npc","NPC","create","lifecycle_or_spawn"
"d/kunlun/npc/seller.c","merchant","KNOWER|F_VENDOR","create|init","local_behavior|lifecycle_or_spawn"
"d/kunlun/obj/cloth.c","armor","CLOTH","create","source_relative"
"d/kunlun/obj/da-shitou.c","weapon","HAMMER","create","source_relative"
"d/kunlun/obj/dawancha.c","drink|item","ITEM|F_LIQUID","create","source_relative"
"d/kunlun/obj/force-book.c","item","ITEM","create","random|source_relative"
"d/kunlun/obj/fuchen.c","weapon","WHIP","create","source_relative"
"d/kunlun/obj/guzheng.c","item","ITEM","create","source_relative"
"d/kunlun/obj/jwqin.c","item","ITEM|MI_QIN","create|init","local_behavior|source_relative"
"d/kunlun/obj/kaoya.c","food|item","ITEM|F_FOOD","create","source_relative"
"d/kunlun/obj/lyj-book.c","item","ITEM","create|init|do_study","local_behavior|random|source_relative"
"d/kunlun/obj/pao1.c","armor","CLOTH","create","source_relative"
"d/kunlun/obj/pao2.c","armor","CLOTH","create","source_relative"
"d/kunlun/obj/pao3.c","armor","CLOTH","create","source_relative"
"d/kunlun/obj/pao4.c","armor","CLOTH","create","source_relative"
"d/kunlun/obj/rice.c","food|item","ITEM|F_FOOD","create","source_relative"
"d/kunlun/obj/sangmending.c","weapon","THROWING","create","random|source_relative"
"d/kunlun/obj/sword.c","weapon","SWORD","create","source_relative"
"d/kunlun/obj/w-cloth.c","armor","CLOTH","create","source_relative"
"d/kunlun/obj/weiqi.c","item","ITEM","create","source_relative"
"d/kunlun/obj/xiangcha.c","item","ITEM","create|init|do_drink","local_behavior|source_relative"
"d/kunming/npc/chaxiaoer.c","merchant","KNOWER|F_DEALER","create|init|greeting","local_behavior|random|lifecycle_or_spawn|source_relative"
"d/kunming/npc/laoban.c","npc","NPC","create|accept_object","local_behavior"
"d/kunming/npc/liu.c","npc|merchant","NPC|F_DEALER","create|init|unconcious|die","local_behavior|lifecycle_or_spawn"
"d/kunming/npc/obj/armor.c","armor","CLOTH","create","source_relative"
"d/kunming/npc/obj/baozi.c","food|item","ITEM|F_FOOD","create","source_relative"
"d/kunming/npc/obj/changjian.c","weapon","SWORD","create","source_relative"
"d/kunming/npc/obj/gangdao.c","weapon","BLADE","create","source_relative"
"d/kunming/npc/obj/guanfu.c","armor","CLOTH","create","source_relative"
"d/kunming/npc/obj/huasheng.c","food|item","ITEM|F_FOOD","create","source_relative"
"d/kunming/npc/obj/huoqiang.c","weapon","HAMMER","create","source_relative"
"d/kunming/npc/obj/jitui.c","food|weapon","HAMMER|F_FOOD","create|finish_eat","local_behavior|source_relative|mixed_roles"
"d/kunming/npc/obj/jiudai.c","drink|item","ITEM|F_LIQUID","create","source_relative"
"d/kunming/npc/obj/niurou.c","food|item","ITEM|F_FOOD","create","source_relative"
"d/kunming/npc/obj/wan.c","drink|item","ITEM|F_LIQUID","create","source_relative"
"d/kunming/npc/obj/yan.c","item","ITEM","create","source_relative"
"d/kunming/npc/obj/yantong.c","weapon","STAFF","create|init|do_fire","local_behavior|source_relative"
"d/kunming/npc/qinbing.c","npc","NPC","create","lifecycle_or_spawn|source_relative"
"d/kunming/npc/wusangui.c","npc","NPC","create|init|greeting|unconcious","local_behavior|lifecycle_or_spawn|source_relative"
"d/kunming/npc/xiaoer.c","merchant","KNOWER|F_DEALER","create|init|greeting","local_behavior|random|lifecycle_or_spawn"
"d/kunming/obj/book14_1.c","item","ITEM","init|create|do_tear","local_behavior|source_relative"
"d/kunming/obj/pingfeng.c","item","ITEM","create","source_relative"
"d/lanzhou/huasen.c","food|item","ITEM|F_FOOD","create","source_relative"
"d/lanzhou/npc/boy.c","npc","NPC","create","lifecycle_or_spawn|source_relative"
"d/lanzhou/npc/cainong.c","npc|merchant","NPC|F_VENDOR","create|init","local_behavior|lifecycle_or_spawn|source_relative"
"d/lanzhou/npc/girl.c","npc","NPC","create","lifecycle_or_spawn|source_relative"
"d/lanzhou/npc/kid.c","npc","NPC","create","lifecycle_or_spawn|source_relative"
"d/lanzhou/npc/liumang.c","npc","NPC","create","lifecycle_or_spawn"
"d/lanzhou/npc/liumangtou.c","npc","NPC","create","lifecycle_or_spawn"
"d/lanzhou/npc/obj/bottle.c","drink|item","ITEM|F_LIQUID","create","source_relative"
"d/lanzhou/npc/obj/cloth.c","armor","CLOTH","create","source_relative"
"d/lanzhou/npc/obj/gourou.c","food|item","ITEM|F_FOOD","create","source_relative"
"d/lanzhou/npc/obj/huasen.c","food|item","ITEM|F_FOOD","create","source_relative"
"d/lanzhou/npc/obj/jiouhulu.c","drink|item","ITEM|F_LIQUID","create","source_relative"
"d/lanzhou/npc/obj/jiudai.c","drink|item","ITEM|F_LIQUID","create","source_relative"
"d/lanzhou/npc/obj/kaoya.c","food|item","ITEM|F_FOOD","create","source_relative"
"d/lanzhou/npc/obj/maoniurou.c","food|item","F_FOOD|ITEM","create","source_relative"
"d/lanzhou/npc/obj/shoes.c","armor","BOOTS","create","source_relative"
"d/lanzhou/npc/obj/stick.c","weapon","STAFF","create","source_relative"
"d/lanzhou/npc/obj/tangbo.c","food|item","ITEM|F_FOOD","create","source_relative"
"d/lanzhou/npc/obj/tanghulu.c","food|item","ITEM|F_FOOD","create","source_relative"
"d/lanzhou/npc/qian.c","npc","NPC|F_BANKER","create|init","local_behavior|lifecycle_or_spawn"
"d/lanzhou/npc/xiaoer.c","merchant","KNOWER|F_DEALER","create|init|greeting","local_behavior|random|lifecycle_or_spawn"
"d/lanzhou/npc/xiaoer2.c","merchant","KNOWER|F_DEALER","create|init|greeting","local_behavior|random|lifecycle_or_spawn|source_relative"
"d/lanzhou/npc/xiaoer3.c","merchant","KNOWER|F_DEALER","create|init|greeting","local_behavior|random|lifecycle_or_spawn|source_relative"
"d/lanzhou/npc/xiaofan.c","merchant","KNOWER|F_VENDOR","create|init","local_behavior|lifecycle_or_spawn|source_relative"
"d/lanzhou/obj/bottle.c","drink|item","ITEM|F_LIQUID","create","source_relative"
"d/lanzhou/obj/huasen.c","food|item","ITEM|F_FOOD","create","source_relative"
"d/lanzhou/obj/jiouhulu.c","drink|item","ITEM|F_LIQUID","create","source_relative"
"d/lanzhou/obj/jiudai.c","drink|item","ITEM|F_LIQUID","create","source_relative"
"d/lanzhou/obj/kaoya.c","food|item","ITEM|F_FOOD","create","source_relative"
"d/lanzhou/obj/shoes.c","armor","BOOTS","create","source_relative"
"d/lanzhou/obj/stick.c","weapon","STAFF","create","source_relative"
"d/lanzhou/obj/tangbo.c","food|item","ITEM|F_FOOD","create","source_relative"
"d/lanzhou/obj/tanghulu.c","food|item","ITEM|F_FOOD","create","source_relative"
"d/lingjiu/npc/jiuyi.c","unclassified_review","KNOWER","create","create_only_review"
"d/lingjiu/npc/lisao.c","npc","NPC","create","lifecycle_or_spawn"
"d/lingjiu/npc/obj/baiyunwan.c","item","ITEM","create|do_effect","local_behavior|source_relative"
"d/lingjiu/npc/obj/diaogan.c","weapon","CLUB","create","source_relative"
"d/lingjiu/npc/obj/jieyao.c","item","ITEM","create|do_effect","local_behavior|source_relative"
"d/lingjiu/npc/obj/jinzhen.c","weapon","THROWING","create","source_relative"
"d/lingjiu/npc/obj/yuping.c","item","ITEM","create","lifecycle_or_spawn|source_relative"
"d/lingjiu/obj/changpao.c","armor","CLOTH","create","source_relative"
"d/lingjiu/obj/doupeng.c","armor","CLOTH","create","source_relative"
"d/lingjiu/obj/gao.c","food|item","ITEM|F_FOOD","create","source_relative"
"d/lingjiu/obj/key.c","item","ITEM","create","source_relative"
"d/lingjiu/obj/qingyi.c","armor","CLOTH","create","source_relative"
"d/lingjiu/obj/suanmei.c","drink|item","ITEM|F_LIQUID","create","source_relative"
"d/lingxiao/npc/a-xiu.c","npc","NPC","create|attempt_apprentice","local_behavior|closure|lifecycle_or_spawn"
"d/lingxiao/npc/cheng.c","npc","NPC","create|attempt_apprentice|ask_pai","local_behavior|closure|lifecycle_or_spawn"
"d/lingxiao/npc/daifu.c","npc|merchant","NPC|F_DEALER","create|init","local_behavior|lifecycle_or_spawn"
"d/lingxiao/npc/dizi.c","npc","NPC","create","lifecycle_or_spawn"
"d/lingxiao/npc/feng.c","npc","NPC","create|attempt_apprentice|accept_fight|accept_hit","local_behavior|closure|lifecycle_or_spawn"
"d/lingxiao/npc/laoban.c","npc|merchant","NPC|F_DEALER","create|init|die","local_behavior|lifecycle_or_spawn"
"d/lingxiao/npc/liang.c","npc","NPC","create|attempt_apprentice","local_behavior|closure|lifecycle_or_spawn"
"d/lingxiao/npc/liao.c","npc","NPC","create|attempt_apprentice","local_behavior|closure|lifecycle_or_spawn"
"d/lingxiao/npc/qi.c","npc","NPC","create|attempt_apprentice","local_behavior|closure|lifecycle_or_spawn"
"d/lingxiao/npc/shi.c","npc","NPC","create|attempt_apprentice|init","local_behavior|closure|lifecycle_or_spawn"
"d/lingxiao/npc/su.c","npc","NPC","create|attempt_apprentice","local_behavior|closure|lifecycle_or_spawn"
"d/lingxiao/npc/sun.c","npc","NPC","create|attempt_apprentice","local_behavior|closure|lifecycle_or_spawn"
"d/lingxiao/npc/wang-wanyi.c","npc","NPC","create|attempt_apprentice","local_behavior|closure|lifecycle_or_spawn"
"d/lingxiao/npc/yan.c","npc","NPC|F_GUARDER","create|attempt_apprentice","local_behavior|closure|lifecycle_or_spawn"
"d/lingxiao/npc/yaoniang.c","npc","NPC","create","lifecycle_or_spawn"
"d/lingxiao/npc/zhu.c","npc","NPC","create|attempt_apprentice","local_behavior|closure|lifecycle_or_spawn"
"d/lingxiao/obj/ban.c","item","ITEM","create","random|source_relative"
"d/lingxiao/obj/book-bamboo.c","item","ITEM","create","source_relative"
"d/lingxiao/obj/book-iron.c","armor","HANDS","create|init|do_study","local_behavior|source_relative"
"d/lingxiao/obj/book-silk.c","item","ITEM","create","source_relative"
"d/lingxiao/obj/book-stone.c","item","ITEM","create","random|source_relative"
"d/lingxiao/obj/ganjiang.c","weapon","SWORD","create","source_relative"
"d/lingxiao/obj/hanyu.c","item","ITEM","create","source_relative"
"d/lingxiao/obj/mei.c","item","ITEM","create","random|source_relative"
"d/lingxiao/obj/moye.c","weapon","SWORD","create","source_relative"
"d/lingxiao/obj/rice.c","food|item","ITEM|F_FOOD","create","source_relative"
"d/lingxiao/obj/soup.c","drink|item","ITEM|F_LIQUID","create","source_relative"
"d/lingzhou/npc/daodianhuoji.c","npc|merchant","NPC|F_DEALER","create|init","local_behavior|lifecycle_or_spawn"
"d/lingzhou/npc/gongweishi.c","npc","NPC","create","random|lifecycle_or_spawn"
"d/lingzhou/npc/hao.c","npc","NPC","create","random|lifecycle_or_spawn"
"d/lingzhou/npc/laodaoshi.c","npc","NPC","create","lifecycle_or_spawn"
"d/lingzhou/npc/nan.c","npc","NPC","create","lifecycle_or_spawn"
"d/lingzhou/npc/nuerhai.c","npc","NPC","create|init|ask_me|do_join","local_behavior|random|lifecycle_or_spawn"
"d/lingzhou/npc/obj/kaoyangtui.c","food|item","ITEM|F_FOOD","create","source_relative"
"d/lingzhou/npc/obj/paomo.c","food|item","ITEM|F_FOOD","create","source_relative"
"d/lingzhou/npc/shiwushi.c","npc","NPC","create","random|lifecycle_or_spawn"
"d/lingzhou/npc/xiaoer.c","unclassified_review","KNOWER","create|init|greeting|accept_object","local_behavior|random|lifecycle_or_spawn"
"d/lingzhou/npc/xiaoer2.c","merchant","KNOWER|F_DEALER","create|init|greeting","local_behavior|random|lifecycle_or_spawn|source_relative"
"d/lingzhou/npc/xiaowei.c","npc","NPC","create","random|lifecycle_or_spawn"
"d/lingzhou/npc/xixiabing.c","npc","NPC","create","random|lifecycle_or_spawn"
"d/lingzhou/npc/ye.c","npc","NPC","create","lifecycle_or_spawn"
"d/lingzhou/npc/yipinwushi.c","npc","NPC","create","random|lifecycle_or_spawn"
"d/lingzhou/npc/yun.c","npc","NPC","create","lifecycle_or_spawn"
"d/lingzhou/npc/zhangfang.c","npc","NPC","create","lifecycle_or_spawn"
"d/luoyang/npc/han.c","npc|merchant","NPC|F_VENDOR","create|init","local_behavior|lifecycle_or_spawn|source_relative"
"d/luoyang/npc/hu.c","npc","NPC|F_BANKER","create|init","local_behavior"
"d/luoyang/npc/huanong.c","npc|merchant","NPC|F_DEALER","create|init","local_behavior|lifecycle_or_spawn|source_relative"
"d/luoyang/npc/lang.c","npc","NPC|F_MASTER","create","identity_or_persistence|random|closure|lifecycle_or_spawn"
"d/luoyang/npc/laobao.c","npc","NPC","create|init|greeting","local_behavior|lifecycle_or_spawn"
"d/luoyang/npc/liangcao.c","npc","NPC","create","lifecycle_or_spawn"
"d/luoyang/npc/libai.c","npc|merchant","NPC|F_DEALER","create|init","local_behavior|closure|lifecycle_or_spawn"
"d/luoyang/npc/lu.c","npc|merchant","NPC|F_VENDOR","create|init","local_behavior|lifecycle_or_spawn"
"d/luoyang/npc/lvzhu.c","npc","NPC","create","closure|lifecycle_or_spawn"
"d/luoyang/npc/obj/armor1.c","armor","CLOTH","create|owner_is_killed","local_behavior|source_relative"
"d/luoyang/npc/obj/blade1.c","weapon","BLADE","create|owner_is_killed","local_behavior|source_relative"
"d/luoyang/npc/obj/club1.c","weapon","CLUB","create|owner_is_killed","local_behavior|source_relative"
"d/luoyang/npc/obj/dagger1.c","weapon","DAGGER","create|owner_is_killed","local_behavior|source_relative"
"d/luoyang/npc/obj/finger.c","armor","HANDS","create|owner_is_killed","local_behavior|source_relative"
"d/luoyang/npc/obj/guo1.c","food|item","ITEM|F_FOOD","create","source_relative"
"d/luoyang/npc/obj/guo2.c","food|item","ITEM|F_FOOD","create","source_relative"
"d/luoyang/npc/obj/guo3.c","food|item","ITEM|F_FOOD","create","source_relative"
"d/luoyang/npc/obj/guo4.c","food|item","ITEM|F_FOOD","create","source_relative"
"d/luoyang/npc/obj/guo5.c","food|item","ITEM|F_FOOD","create","source_relative"
"d/luoyang/npc/obj/hammer1.c","weapon","HAMMER","create|owner_is_killed","local_behavior|source_relative"
"d/luoyang/npc/obj/hand.c","armor","HANDS","create|owner_is_killed","local_behavior|source_relative"
"d/luoyang/npc/obj/head1.c","armor","HEAD","create|owner_is_killed","local_behavior|source_relative"
"d/luoyang/npc/obj/huazhong.c","food|item","ITEM|F_FOOD","create|init|do_zhonghua","local_behavior|source_relative"
"d/luoyang/npc/obj/staff1.c","weapon","STAFF","create|owner_is_killed","local_behavior|source_relative"
"d/luoyang/npc/obj/sword1.c","weapon","SWORD","create|owner_is_killed","local_behavior|source_relative"
"d/luoyang/npc/obj/taoci.c","item","ITEM","create","source_relative"
"d/luoyang/npc/obj/taoci2.c","item","ITEM","create","source_relative"
"d/luoyang/npc/obj/taoci3.c","item","ITEM","create","source_relative"
"d/luoyang/npc/obj/taoci4.c","item","ITEM","create","source_relative"
"d/luoyang/npc/obj/taoci5.c","item","ITEM","create","source_relative"
"d/luoyang/npc/obj/taoci6.c","item","ITEM","create","source_relative"
"d/luoyang/npc/obj/taoci7.c","item","ITEM","create","source_relative"
"d/luoyang/npc/obj/taoci8.c","item","ITEM","create","source_relative"
"d/luoyang/npc/obj/wanlun1.c","armor","WRISTS","create|owner_is_killed","local_behavior|source_relative"
"d/luoyang/npc/obj/whip1.c","weapon","WHIP","create|owner_is_killed","local_behavior|source_relative"
"d/luoyang/npc/qi.c","npc|merchant","NPC|F_DEALER","create|init|unconcious|die","local_behavior|lifecycle_or_spawn"
"d/luoyang/npc/qin.c","npc|merchant","NPC|F_VENDOR","create|init","local_behavior|lifecycle_or_spawn|source_relative"
"d/luoyang/npc/shudianboss.c","npc|merchant","NPC|F_VENDOR","create|init","local_behavior|lifecycle_or_spawn"
"d/luoyang/npc/smith.c","unclassified_review","""/inherit/char/smith.c""","create","lifecycle_or_spawn"
"d/luoyang/npc/tianlong.c","npc","NPC","create","random|closure|lifecycle_or_spawn"
"d/luoyang/npc/xiao.c","npc|merchant","NPC|F_DEALER","create|init","local_behavior|lifecycle_or_spawn"
"d/luoyang/npc/xiaofan.c","npc|merchant","NPC|F_VENDOR","create|init","local_behavior|lifecycle_or_spawn|source_relative"
"d/luoyang/npc/zaotang.c","npc","NPC","create","lifecycle_or_spawn"
"d/luoyang/npc/zhou.c","npc|merchant","NPC|F_DEALER","create|init","local_behavior|lifecycle_or_spawn"
"d/luoyang/npc/zhu.c","npc|merchant","NPC|F_DEALER","create|init","local_behavior"
"d/luoyang/npc/zhu2.c","npc|merchant","NPC|F_DEALER","create|init","local_behavior"
"d/meizhuang/npc/chushi.c","npc","NPC","create|init|do_serve","local_behavior|lifecycle_or_spawn"
"d/meizhuang/npc/huyuan.c","npc","NPC","create","lifecycle_or_spawn"
"d/meizhuang/npc/jiading.c","npc","NPC","create","lifecycle_or_spawn|source_relative"
"d/meizhuang/npc/obj/heiyi.c","armor","CLOTH","create","source_relative"
"d/meizhuang/npc/obj/lingpai.c","item","ITEM","setup|create","local_behavior|source_relative"
"d/meizhuang/npc/obj/panguan-bi.c","weapon","DAGGER","create","source_relative"
"d/meizhuang/npc/obj/qingyi.c","armor","CLOTH","create","source_relative"
"d/meizhuang/npc/ren.c","npc","NPC|F_MASTER","create|ask_bijian|do_accept","local_behavior|identity_or_persistence|closure|lifecycle_or_spawn"
"d/meizhuang/npc/shi.c","npc","NPC|F_MASTER|F_GUARDER","create|attempt_apprentice","local_behavior|identity_or_persistence|closure|lifecycle_or_spawn"
"d/meizhuang/obj/guanmu.c","item","ITEM","create","source_relative"
"d/meizhuang/obj/hongchou.c","item","ITEM","setup|init|create|do_tear","local_behavior|lifecycle_or_spawn|source_relative"
"d/meizhuang/obj/honghua.c","item","ITEM","create","source_relative"
"d/meizhuang/obj/maobi.c","weapon","DAGGER","create","source_relative"
"d/meizhuang/obj/panguanbi.c","weapon","DAGGER","create","source_relative"
"d/meizhuang/obj/qin.c","weapon","SWORD|MI_QIN","create|init","local_behavior|source_relative"
"d/meizhuang/obj/qipan.c","weapon","HAMMER","create","source_relative"
"d/meizhuang/obj/qizi.c","weapon","THROWING","create","source_relative"
"d/meizhuang/obj/sea-wood.c","weapon","SWORD","create","source_relative"
"d/meizhuang/obj/tizi.c","item","ITEM","setup|init|create|do_climb","local_behavior|source_relative"
"d/meizhuang/obj/xiao.c","weapon","DAGGER","create","source_relative"
"d/meizhuang/obj/yaoshi.c","item","ITEM","create","create_only_review"
"d/meizhuang/obj/zhuguo.c","item","ITEM","create|do_effect","local_behavior|source_relative"
"d/mingjiao/npc/baiguishou.c","npc","NPC","create","lifecycle_or_spawn"
"d/mingjiao/npc/bigmonkey.c","animal","QUARRY","create|init|do_lifeheal|unconcious","local_behavior|random|lifecycle_or_spawn"
"d/mingjiao/npc/changjinpeng.c","npc","NPC","create","lifecycle_or_spawn"
"d/mingjiao/npc/chengchaofeng.c","npc","NPC","create","lifecycle_or_spawn"
"d/mingjiao/npc/fenggongying.c","npc","NPC","create","lifecycle_or_spawn"
"d/mingjiao/npc/gaoshanwang.c","npc","NPC","create","lifecycle_or_spawn"
"d/mingjiao/npc/hu.c","npc","NPC|F_MASTER","create|ask_me|recover","local_behavior|identity_or_persistence|closure|lifecycle_or_spawn"
"d/mingjiao/npc/jieyinshi.c","npc","NPC|F_GUARDER","create","lifecycle_or_spawn|local_include"
"d/mingjiao/npc/litianyuan.c","npc","NPC","create","lifecycle_or_spawn"
"d/mingjiao/npc/menwei1.c","npc","NPC|F_GUARDER","create|unconcious","local_behavior|lifecycle_or_spawn"
"d/mingjiao/npc/miaozuwushi.c","npc","NPC","create|init|greeting","local_behavior|lifecycle_or_spawn"
"d/mingjiao/npc/monkey.c","npc","NPC","create","create_only_review"
"d/mingjiao/npc/pengyingyu.c","npc","NPC|F_UNIQUE|F_GUARDER|F_COAGENT","create|init|unconcious","local_behavior|identity_or_persistence|lifecycle_or_spawn"
"d/mingjiao/npc/sheep.c","npc","NPC","create","create_only_review"
"d/mingjiao/npc/shuobude.c","npc","NPC|F_UNIQUE|F_GUARDER|F_COAGENT","create|init|unconcious","local_behavior|identity_or_persistence|lifecycle_or_spawn"
"d/mingjiao/npc/tangyang.c","npc","NPC|F_UNIQUE","create","identity_or_persistence|lifecycle_or_spawn"
"d/mingjiao/npc/tuoba.c","npc","NPC|F_GUARDER|F_UNIQUE","create|unconcious","local_behavior|identity_or_persistence|lifecycle_or_spawn|local_include"
"d/mingjiao/npc/wensong.c","npc","NPC|F_UNIQUE","create","identity_or_persistence|lifecycle_or_spawn"
"d/mingjiao/npc/xinran.c","npc","NPC|F_UNIQUE","create","identity_or_persistence|lifecycle_or_spawn|local_include"
"d/mingjiao/npc/yanyuan.c","npc","NPC|F_UNIQUE","create","identity_or_persistence|lifecycle_or_spawn"
"d/mingjiao/npc/yinwufu.c","npc","NPC|F_UNIQUE","create","identity_or_persistence|lifecycle_or_spawn"
"d/mingjiao/npc/yinwulu.c","npc","NPC|F_UNIQUE","create","identity_or_persistence|lifecycle_or_spawn"
"d/mingjiao/npc/yinwushou.c","npc","NPC|F_UNIQUE","create","identity_or_persistence|lifecycle_or_spawn"
"d/mingjiao/npc/yinyewang.c","npc","NPC|F_UNIQUE","create","identity_or_persistence|lifecycle_or_spawn"
"d/mingjiao/npc/zhangzhong.c","npc","NPC|F_UNIQUE|F_GUARDER|F_COAGENT","create|init|unconcious","local_behavior|identity_or_persistence|lifecycle_or_spawn"
"d/mingjiao/npc/zhoudian.c","npc","NPC|F_GUARDER|F_COAGENT|F_UNIQUE","create|init|unconcious","local_behavior|identity_or_persistence|lifecycle_or_spawn"
"d/mingjiao/npc/zhuangzheng.c","npc","NPC|F_UNIQUE","create","identity_or_persistence|lifecycle_or_spawn"
"d/mingjiao/obj/bag.c","item","ITEM","create|init|do_open","local_behavior|lifecycle_or_spawn|source_relative"
"d/mingjiao/obj/baipao.c","armor","CLOTH","create","source_relative"
"d/mingjiao/obj/beixin.c","armor","CLOTH","create","source_relative"
"d/mingjiao/obj/changbian.c","weapon","WHIP","create","source_relative"
"d/mingjiao/obj/changjian.c","weapon","SWORD","create","source_relative"
"d/mingjiao/obj/chanzhang.c","weapon","STAFF","create","source_relative"
"d/mingjiao/obj/dahuan-dan.c","item","ITEM","setup|init|create|do_eat","local_behavior|source_relative"
"d/mingjiao/obj/fish.c","food|item","F_FOOD|ITEM","create|finish_eat","local_behavior|source_relative"
"d/mingjiao/obj/gangdao.c","weapon","BLADE","create","source_relative"
"d/mingjiao/obj/hulu.c","drink|item","ITEM|F_LIQUID","create","source_relative"
"d/mingjiao/obj/huwan.c","armor","WRISTS","create","source_relative"
"d/mingjiao/obj/huyao.c","armor","WAIST","create","source_relative"
"d/mingjiao/obj/jiedao.c","weapon","BLADE","create","source_relative"
"d/mingjiao/obj/jinchuang-yao.c","item","ITEM","setup|init|create|do_eat","local_behavior|source_relative"
"d/mingjiao/obj/jing.c","item","ITEM","create","source_relative"
"d/mingjiao/obj/langyabang.c","weapon","STAFF","create","source_relative"
"d/mingjiao/obj/mutang.c","weapon","BLADE","create","source_relative"
"d/mingjiao/obj/muzhang.c","weapon","STAFF","create","source_relative"
"d/mingjiao/obj/qimeigun.c","weapon","CLUB","create","source_relative"
"d/mingjiao/obj/qingshui-hulu.c","drink|item","ITEM|F_LIQUID","create","source_relative"
"d/mingjiao/obj/sengxie.c","armor","BOOTS","create","source_relative"
"d/mingjiao/obj/shigu.c","weapon","HAMMER","create","source_relative"
"d/mingjiao/obj/shoutao.c","armor","HANDS","create","source_relative"
"d/mingjiao/obj/tie-ling.c","item","ITEM","create|init|dest","local_behavior|lifecycle_or_spawn|source_relative"
"d/mingjiao/obj/tieshou.c","armor","HANDS","create","source_relative"
"d/mingjiao/obj/tieyanling.c","item","ITEM","create","source_relative"
"d/mingjiao/obj/toukui.c","armor","HEAD","create","source_relative"
"d/mingjiao/obj/tuijianxin-1.c","item","ITEM","create","source_relative"
"d/mingjiao/obj/tuijianxin-2.c","item","ITEM","create","source_relative"
"d/mingjiao/obj/tuijianxin-3.c","item","ITEM","create","source_relative"
"d/mingjiao/obj/tuijianxin-4.c","item","ITEM","create","source_relative"
"d/mingjiao/obj/weibo.c","armor","NECK","create","source_relative"
"d/mingjiao/obj/xiaohuan-dan.c","item","ITEM","create|do_effect","local_behavior|source_relative"
"d/mingjiao/obj/yangdt.c","item","ITEM","create","source_relative"
"d/mingjiao/obj/yangfr.c","item","ITEM","create","source_relative"
"d/mingjiao/obj/yaodai.c","armor","WAIST","create|is_container","local_behavior|source_relative"
"d/mingjiao/obj/yixin.c","item","ITEM","create|long","local_behavior|source_relative"
"d/mingjiao/obj/zhitao.c","armor","HANDS","create","source_relative"
"d/mingjiao/yuan/li4.c","npc","NPC|F_UNIQUE","create","identity_or_persistence|random|lifecycle_or_spawn|source_relative"
"d/mingjiao/yuan/obj/arrow.c","weapon","THROWING","is_arrow|create","local_behavior|source_relative"
"d/mingjiao/yuan/qian2.c","npc","NPC|F_UNIQUE","create","identity_or_persistence|random|lifecycle_or_spawn|source_relative"
"d/mingjiao/yuan/sun3.c","npc","NPC|F_UNIQUE","create","identity_or_persistence|random|lifecycle_or_spawn|source_relative"
"d/mingjiao/yuan/wang8.c","npc","NPC|F_UNIQUE","create","identity_or_persistence|random|lifecycle_or_spawn|source_relative"
"d/mingjiao/yuan/wu6.c","npc","NPC|F_UNIQUE","create","identity_or_persistence|random|lifecycle_or_spawn|source_relative"
"d/mingjiao/yuan/zhao1.c","npc","NPC|F_UNIQUE","create","identity_or_persistence|random|lifecycle_or_spawn|source_relative"
"d/mingjiao/yuan/zhaomin.c","npc","NPC|F_UNIQUE","create","identity_or_persistence|random|closure|lifecycle_or_spawn"
"d/mingjiao/yuan/zheng7.c","npc","NPC|F_UNIQUE","create","identity_or_persistence|random|lifecycle_or_spawn|source_relative"
"d/mingjiao/yuan/zhou5.c","npc","NPC|F_UNIQUE","create","identity_or_persistence|random|lifecycle_or_spawn|source_relative"
"d/motianya/npc/dingdang.c","npc","NPC","create","create_only_review"
"d/motianya/npc/qiaofu.c","merchant","KNOWER|F_DEALER","create","lifecycle_or_spawn"
"d/motianya/npc/shizhongyu.c","npc","NPC","create|die","local_behavior|lifecycle_or_spawn"
"d/motianya/npc/xieyan.c","npc","NPC","create|accept_object|recognize_apprentice|ask_me","local_behavior|closure|lifecycle_or_spawn"
"d/pk/npc/wu.c","npc","NPC|F_MASTER|F_QUESTER","create|recognize_apprentice|ask_skill|ask_dao|attempt_apprentice|init|ask_me|do_sign|do_join|unconcious","local_behavior|identity_or_persistence|closure|lifecycle_or_spawn|local_include"
"d/qingcheng/npc/fang.c","npc","NPC","create","lifecycle_or_spawn"
"d/qingcheng/npc/hai.c","npc","NPC","create","lifecycle_or_spawn"
"d/qingcheng/npc/hong.c","npc","NPC","create","lifecycle_or_spawn"
"d/qingcheng/npc/hou.c","npc","NPC","create","lifecycle_or_spawn"
"d/qingcheng/npc/ji.c","npc","NPC","create","lifecycle_or_spawn"
"d/qingcheng/npc/jia.c","npc","NPC","create|init|greeting","local_behavior|lifecycle_or_spawn"
"d/qingcheng/npc/luo.c","npc","NPC","create","lifecycle_or_spawn"
"d/qingcheng/npc/shen.c","npc","NPC","create","lifecycle_or_spawn"
"d/qingcheng/npc/yu.c","npc","NPC","create|init|greeting","local_behavior|lifecycle_or_spawn"
"d/qingcheng/npc/yuyan.c","npc","NPC","create","lifecycle_or_spawn"
"d/quanzhen/npc/bing.c","npc","NPC","create|init|accept_fight","local_behavior|lifecycle_or_spawn"
"d/quanzhen/npc/boy.c","npc","NPC","create","lifecycle_or_spawn|source_relative"
"d/quanzhen/npc/cunmin.c","npc","NPC","create","lifecycle_or_spawn|source_relative"
"d/quanzhen/npc/daotong.c","npc","NPC","create","lifecycle_or_spawn|source_relative"
"d/quanzhen/npc/daotong1.c","npc","NPC","create","lifecycle_or_spawn|source_relative"
"d/quanzhen/npc/dibao.c","npc","NPC","create","lifecycle_or_spawn|source_relative"
"d/quanzhen/npc/dipi.c","npc","NPC","create","lifecycle_or_spawn|source_relative"
"d/quanzhen/npc/girl.c","npc","NPC","create","lifecycle_or_spawn|source_relative"
"d/quanzhen/npc/guanjia.c","npc","NPC","create","lifecycle_or_spawn"
"d/quanzhen/npc/huogong.c","npc","NPC","create","lifecycle_or_spawn|source_relative"
"d/quanzhen/npc/jiading.c","npc","NPC","create","lifecycle_or_spawn"
"d/quanzhen/npc/kid.c","npc","NPC","create","lifecycle_or_spawn|source_relative"
"d/quanzhen/npc/liumang.c","npc","NPC","create","lifecycle_or_spawn"
"d/quanzhen/npc/obj/baozi.c","food|item","ITEM|F_FOOD","create","source_relative"
"d/quanzhen/npc/obj/bottle.c","drink|item","ITEM|F_LIQUID","create","source_relative"
"d/quanzhen/npc/obj/cloth.c","armor","CLOTH","create","source_relative"
"d/quanzhen/npc/obj/daodejing-i.c","item","ITEM","create","random|source_relative"
"d/quanzhen/npc/obj/daodejing-ii.c","item","ITEM","create","random|source_relative"
"d/quanzhen/npc/obj/egg.c","food|item","ITEM|F_FOOD","create","source_relative"
"d/quanzhen/npc/obj/gangdao.c","weapon","BLADE","create","source_relative"
"d/quanzhen/npc/obj/gangjian.c","weapon","SWORD","create","source_relative"
"d/quanzhen/npc/obj/gao.c","item","ITEM","create|do_effect","local_behavior|random|source_relative"
"d/quanzhen/npc/obj/goupi.c","armor","CLOTH","create","source_relative"
"d/quanzhen/npc/obj/grayrobe.c","armor","CLOTH","create","source_relative"
"d/quanzhen/npc/obj/greenrobe.c","armor","CLOTH","create","source_relative"
"d/quanzhen/npc/obj/greyrobe.c","armor","CLOTH","create","source_relative"
"d/quanzhen/npc/obj/jinduan.c","armor","CLOTH","create","source_relative"
"d/quanzhen/npc/obj/jitui.c","food|weapon","HAMMER|F_FOOD","create|finish_eat","local_behavior|source_relative|mixed_roles"
"d/quanzhen/npc/obj/jiudai.c","drink|item","ITEM|F_LIQUID","create","source_relative"
"d/quanzhen/npc/obj/junfu.c","armor","CLOTH","create","source_relative"
"d/quanzhen/npc/obj/kaoya.c","food|item","ITEM|F_FOOD","create","source_relative"
"d/quanzhen/npc/obj/shanshen.c","item","ITEM","create|do_effect","local_behavior|source_relative"
"d/quanzhen/npc/obj/shouwu.c","item","ITEM","create|do_effect","local_behavior|random|source_relative"
"d/quanzhen/npc/obj/stick.c","weapon","STAFF","create","source_relative"
"d/quanzhen/npc/obj/tie-ling.c","item","ITEM","create|init|dest","local_behavior|lifecycle_or_spawn|source_relative"
"d/quanzhen/npc/obj/tiejia.c","armor","CLOTH","create","source_relative"
"d/quanzhen/npc/poorman.c","npc","NPC","create","closure|lifecycle_or_spawn|source_relative"
"d/quanzhen/npc/punk.c","npc","NPC","create","lifecycle_or_spawn|source_relative"
"d/quanzhen/npc/seller.c","merchant","KNOWER|F_VENDOR","create|init|ask_me|accept_object","local_behavior|closure|lifecycle_or_spawn|source_relative"
"d/quanzhen/npc/wujiang.c","npc","NPC","create|init","local_behavior|random|lifecycle_or_spawn|source_relative"
"d/quanzhen/npc/xiangke.c","npc","NPC","create","random|lifecycle_or_spawn|source_relative"
"d/quanzhen/npc/xiaoer.c","merchant","KNOWER|F_DEALER","create|init|greeting","local_behavior|random|lifecycle_or_spawn|source_relative"
"d/quanzhen/npc/xiaoer1.c","merchant","KNOWER|F_DEALER","create|init|greeting","local_behavior|random|lifecycle_or_spawn|source_relative"
"d/quanzhen/npc/youfang.c","npc","NPC","create","closure|lifecycle_or_spawn"
"d/quanzhen/npc/youke.c","npc","NPC","create","random|lifecycle_or_spawn|source_relative"
"d/quanzhen/npc/yuanwai.c","npc","NPC","create","lifecycle_or_spawn|source_relative"
"d/quanzhen/npc/zhanggui.c","npc|merchant","NPC|F_DEALER","create|init","local_behavior|lifecycle_or_spawn|source_relative"
"d/quanzhen/npc/zhangjing.c","npc","NPC","create|ask_me","local_behavior|closure|lifecycle_or_spawn|source_relative"
"d/quanzhen/npc/zhangli.c","npc","NPC","create|ask_me","local_behavior|closure|lifecycle_or_spawn|source_relative"
"d/quanzhen/npc/zhangyao.c","npc","NPC","create|accept_object","local_behavior|lifecycle_or_spawn|source_relative"
"d/quanzhen/npc/zhangyuan.c","npc","NPC","create","lifecycle_or_spawn|source_relative"
"d/quanzhen/npc/zhike.c","npc","NPC","create","lifecycle_or_spawn|source_relative"
"d/quanzhen/obj/bowl.c","drink|item","ITEM|F_LIQUID","create","source_relative"
"d/quanzhen/obj/fuling.c","item","ITEM","create|do_effect","local_behavior|source_relative"
"d/quanzhen/obj/rice.c","food|item","ITEM|F_FOOD","create","source_relative"
"d/quanzhou/npc/boy.c","npc","NPC","create","lifecycle_or_spawn|source_relative"
"d/quanzhou/npc/chen.c","npc|merchant","NPC|F_DEALER","create|init|greeting","local_behavior|random|lifecycle_or_spawn"
"d/quanzhou/npc/chuanfu.c","unclassified_review","KNOWER","create|unconcious","local_behavior|lifecycle_or_spawn"
"d/quanzhou/npc/girl.c","npc","NPC","create|init|greeting","local_behavior|lifecycle_or_spawn|source_relative"
"d/quanzhou/npc/hongmao.c","npc","NPC","create|init|greeting","local_behavior|random|lifecycle_or_spawn|source_relative"
"d/quanzhou/npc/liu.c","npc","NPC","create|init|greeting","local_behavior|random|lifecycle_or_spawn"
"d/quanzhou/npc/obj/cloth.c","armor","CLOTH","create","source_relative"
"d/quanzhou/npc/obj/fuchen.c","weapon","WHIP","create","source_relative"
"d/quanzhou/npc/obj/huoqiang.c","weapon","STAFF","create","source_relative"
"d/quanzhou/npc/obj/tiexiang.c","item","ITEM","setup|init|create|do_climb","local_behavior|source_relative"
"d/quanzhou/npc/obj/wodao.c","weapon","BLADE","create","source_relative"
"d/quanzhou/npc/obj/xiuhua.c","weapon","SWORD","create","source_relative"
"d/quanzhou/npc/obj/yadan.c","food|item","ITEM|F_FOOD","create","source_relative"
"d/quanzhou/npc/obj/zongzi.c","food|item","ITEM|F_FOOD","create","source_relative"
"d/quanzhou/npc/wokou.c","npc","NPC","create|init|greeting","local_behavior|random|lifecycle_or_spawn|source_relative"
"d/quanzhou/npc/xiaoer.c","merchant","KNOWER|F_DEALER","create|init|greeting","local_behavior|random|lifecycle_or_spawn|source_relative"
"d/quanzhou/obj/cloth.c","armor","CLOTH","create","source_relative"
"d/quanzhou/obj/flower_shoe.c","armor","BOOTS","create","source_relative"
"d/quanzhou/obj/fuchen.c","weapon","WHIP","create","source_relative"
"d/quanzhou/obj/pink_cloth.c","armor","CLOTH","create","source_relative"
"d/quanzhou/obj/tiexiang.c","item","ITEM","setup|init|create|do_climb","local_behavior|source_relative"
"d/quanzhou/obj/xiuhua.c","weapon","PIN","create","source_relative"
"d/quanzhou/obj/yadan.c","food|item","ITEM|F_FOOD","create","source_relative"
"d/quanzhou/obj/zongzi.c","food|item","ITEM|F_FOOD","create","source_relative"
"d/register/npc/diyun.c","npc","NPC","create","lifecycle_or_spawn"
"d/register/npc/dizangwang.c","npc","NPC","create|init|greeting|attempt_apprentice","local_behavior|lifecycle_or_spawn"
"d/register/npc/hua.c","npc","NPC","create|init|check_leave","local_behavior|random|lifecycle_or_spawn"
"d/register/npc/li.c","npc","NPC","create|init|check_leave","local_behavior|random|lifecycle_or_spawn"
"d/register/npc/lu.c","npc","NPC","create|init|check_leave","local_behavior|random|lifecycle_or_spawn"
"d/register/npc/shuisheng.c","npc","NPC","create|init|greeting|do_register|do_decide","local_behavior|lifecycle_or_spawn"
"d/register/npc/wei.c","npc","NPC","create|init|check_leave","local_behavior|random|lifecycle_or_spawn"
"d/room/npc/jinlin.c","npc","NPC","create|accept_object|accept_ask","local_behavior|lifecycle_or_spawn"
"d/room/obj/advance.c","item","ITEM","create|long|query_autoload","local_behavior|source_relative"
"d/room/obj/card.c","item","ITEM","create|long|query_autoload","local_behavior|source_relative"
"d/room/obj/paper.c","item","ITEM","create|init|do_draw|do_clear|long|query_autoload|autoload","local_behavior|lifecycle_or_spawn|source_relative"
"d/room/obj/super.c","item","ITEM","create|long|query_autoload","local_behavior|source_relative"
"d/room/obj/ultracard.c","item","ITEM","create|query_autoload","local_behavior|source_relative"
"d/room/roomnpc/laopu.c","npc","NPC|F_GUARDER","create|init|do_unwield|do_wield|accept_object|accept_hit|accept_fight|accept_kill","local_behavior|random|closure|lifecycle_or_spawn|local_include"
"d/room/roomnpc/puren.c","npc","NPC","create|accept_object","local_behavior|random|local_include"
"d/room/roomnpc/shouwei.c","unclassified_review","CLASS_D ( ""generate"" ) + ""/chinese""|F_GUARDER|F_COAGENT","create|init|accept_object|accept_hit|accept_fight|accept_kill","local_behavior|random|local_include"
"d/room/roomnpc/teagirl.c","npc","NPC","create|init|do_tea|greeting|accept_object","local_behavior|random|lifecycle_or_spawn|local_include"
"d/room/roomnpc/yahuan.c","npc","NPC","create|init|greeting|accept_object","local_behavior|random|lifecycle_or_spawn|local_include"
"d/room/roomobj/mantou.c","food|item","ITEM|F_FOOD","create","source_relative"
"d/room/roomobj/pass.c","item","ITEM","create","source_relative"
"d/room/roomobj/rice.c","food|item","ITEM|F_FOOD","create","source_relative"
"d/room/roomobj/soup.c","drink|item","ITEM|F_LIQUID","create","source_relative"
"d/shaolin/npc/chuanfu1.c","npc","NPC","create|accept_object|goto_peer|unconcious","local_behavior|closure|source_relative"
"d/shaolin/npc/chuanfu2.c","npc","NPC","create|accept_object|goto_peer|unconcious","local_behavior|closure|source_relative"
"d/shaolin/npc/da-shou.c","npc","NPC","is_ghost|create|init|beat_faint","local_behavior|lifecycle_or_spawn"
"d/shaolin/npc/datie-seng.c","npc","NPC","create|ask_qiao|ask_armor|reset","local_behavior|random|closure|lifecycle_or_spawn"
"d/shaolin/npc/lao-qiao.c","npc","NPC","create","create_only_review"
"d/shaolin/npc/miao.c","npc","NPC","create|ask_me|recognize_apprentice","local_behavior|closure|lifecycle_or_spawn"
"d/shaolin/npc/saodi-seng.c","npc","NPC","create|my_move","local_behavior|random|closure|lifecycle_or_spawn"
"d/shaolin/npc/seng-bing1.c","npc","NPC","create|init","local_behavior|lifecycle_or_spawn"
"d/shaolin/npc/seng-bing2.c","npc","NPC","create|init","local_behavior|random|closure|lifecycle_or_spawn"
"d/shaolin/npc/seng-bing3.c","npc","NPC","create|init","local_behavior|lifecycle_or_spawn"
"d/shaolin/npc/shang1.c","npc","NPC","create","lifecycle_or_spawn"
"d/shaolin/npc/shang2.c","npc","NPC","create","lifecycle_or_spawn"
"d/shaolin/npc/shang3.c","npc","NPC","create","lifecycle_or_spawn"
"d/shaolin/npc/shaofan-seng.c","npc","NPC","create","create_only_review"
"d/shaolin/npc/tiao-fu.c","npc","NPC","create","lifecycle_or_spawn"
"d/shaolin/npc/xiang-ke.c","npc","NPC","create","random"
"d/shaolin/npc/xiao-bei.c","npc","NPC","create","create_only_review"
"d/shaolin/npc/xiao-ci.c","npc","NPC","create","create_only_review"
"d/shaolin/npc/xiao-er.c","unclassified_review","KNOWER","create|init|greeting|accept_object","local_behavior|random|lifecycle_or_spawn"
"d/shaolin/npc/xiao-er2.c","merchant","KNOWER|F_DEALER","create|init|greeting","local_behavior|random|lifecycle_or_spawn"
"d/shaolin/npc/xiao-fan.c","npc|merchant","NPC|F_VENDOR","create|init","local_behavior|lifecycle_or_spawn"
"d/shaolin/npc/xiao-hai.c","npc","NPC","create","lifecycle_or_spawn"
"d/shaolin/npc/xiao-ku.c","npc","NPC","create","create_only_review"
"d/shaolin/npc/xiao-nan.c","npc","NPC","create","create_only_review"
"d/shaolin/npc/xiao-tong.c","npc","NPC","create","create_only_review"
"d/shaolin/npc/xingzhe.c","npc","NPC","create|random_move","local_behavior|random|closure|lifecycle_or_spawn"
"d/shaolin/npc/yu-zu.c","npc","NPC","create|accept_object|close_door","local_behavior|lifecycle_or_spawn"
"d/shaolin/obj/allow-letter.c","item","ITEM","create","source_relative"
"d/shaolin/obj/basi-shanyao.c","food|item","ITEM|F_FOOD","create","source_relative"
"d/shaolin/obj/beixin.c","armor","CLOTH","create","source_relative"
"d/shaolin/obj/bocai-fentiao.c","food|item","ITEM|F_FOOD","create","source_relative"
"d/shaolin/obj/changbian.c","weapon","WHIP","create","source_relative"
"d/shaolin/obj/changjian.c","weapon","SWORD","create","source_relative"
"d/shaolin/obj/chanzhang.c","weapon","STAFF","create","source_relative"
"d/shaolin/obj/cheng-cloth.c","armor","CLOTH","create","source_relative"
"d/shaolin/obj/cloth.c","armor","CLOTH","create","source_relative"
"d/shaolin/obj/damo-ling.c","item","ITEM","create","source_relative"
"d/shaolin/obj/dao-cloth.c","armor","CLOTH","create","source_relative"
"d/shaolin/obj/fake-gold.c","item","ITEM","create","source_relative"
"d/shaolin/obj/fojing10.c","item","ITEM","create","random|source_relative"
"d/shaolin/obj/fojing11.c","item","ITEM","create","random|source_relative"
"d/shaolin/obj/fojing20.c","item","ITEM","create","random|source_relative"
"d/shaolin/obj/fojing21.c","item","ITEM","create","random|source_relative"
"d/shaolin/obj/food.c","food|item","ITEM|F_FOOD","create","source_relative"
"d/shaolin/obj/fumo-zhang.c","weapon","STAFF|F_NOCLONE","create","identity_or_persistence"
"d/shaolin/obj/furong-huagu.c","food|item","ITEM|F_FOOD","create","source_relative"
"d/shaolin/obj/guide.c","item","ITEM","create","source_relative"
"d/shaolin/obj/heisuo.c","weapon","WHIP","create","source_relative"
"d/shaolin/obj/hui-cloth.c","armor","CLOTH","create","source_relative"
"d/shaolin/obj/hulu.c","drink|item","ITEM|F_LIQUID","create","source_relative"
"d/shaolin/obj/huwan.c","armor","WRISTS","create","source_relative"
"d/shaolin/obj/huyao.c","armor","WAIST","create","source_relative"
"d/shaolin/obj/jiaxin-biji.c","food|item","ITEM|F_FOOD","create","source_relative"
"d/shaolin/obj/jiedao.c","weapon","BLADE","create","source_relative"
"d/shaolin/obj/jinchuang-yao.c","item","ITEM","create|do_effect","local_behavior|source_relative"
"d/shaolin/obj/jingang-zhao.c","armor","CLOTH|F_NOCLONE","create","identity_or_persistence"
"d/shaolin/obj/liuli-qiezi.c","food|item","ITEM|F_FOOD","create","source_relative"
"d/shaolin/obj/mala-doufu.c","food|item","ITEM|F_FOOD","create","source_relative"
"d/shaolin/obj/map.c","item","ITEM","create","source_relative"
"d/shaolin/obj/mizhi-tianou.c","food|item","ITEM|F_FOOD","create","source_relative"
"d/shaolin/obj/muchui.c","weapon","HAMMER","create","source_relative"
"d/shaolin/obj/mudao.c","weapon","BLADE","create","source_relative"
"d/shaolin/obj/qimeigun.c","weapon","CLUB","create","source_relative"
"d/shaolin/obj/qing-cloth.c","armor","CLOTH","create","source_relative"
"d/shaolin/obj/qingshui-hulu.c","drink|item","ITEM|F_LIQUID","create","source_relative"
"d/shaolin/obj/sengxie.c","armor","BOOTS","create","source_relative"
"d/shaolin/obj/shanhu-baicai.c","food|item","ITEM|F_FOOD","create","source_relative"
"d/shaolin/obj/shoutao.c","armor","HANDS","create","source_relative"
"d/shaolin/obj/soup.c","drink|item","ITEM|F_LIQUID","create","source_relative"
"d/shaolin/obj/suji.c","food|item","ITEM|F_FOOD","create","source_relative"
"d/shaolin/obj/suya.c","food|item","ITEM|F_FOOD","create","source_relative"
"d/shaolin/obj/test.c","armor","CLOTH","create","source_relative"
"d/shaolin/obj/tie-ling.c","item","ITEM","create|init|dest","local_behavior|lifecycle_or_spawn|source_relative"
"d/shaolin/obj/tieshou.c","armor","HANDS","create","source_relative"
"d/shaolin/obj/toukui.c","armor","HEAD","create","source_relative"
"d/shaolin/obj/tuijianxin-1.c","item","ITEM","create","source_relative"
"d/shaolin/obj/tuijianxin-2.c","item","ITEM","create","source_relative"
"d/shaolin/obj/tuijianxin-3.c","item","ITEM","create","source_relative"
"d/shaolin/obj/tuijianxin-4.c","item","ITEM","create","source_relative"
"d/shaolin/obj/weibo.c","armor","NECK","create","source_relative"
"d/shaolin/obj/xu-cloth.c","armor","CLOTH","create","source_relative"
"d/shaolin/obj/xuan-cloth.c","armor","CLOTH","create","source_relative"
"d/shaolin/obj/yaodai.c","armor","WAIST","create|is_container","local_behavior|source_relative"
"d/shaolin/obj/zhitao.c","armor","HANDS","create","source_relative"
"d/shaolin/obj/zhujian.c","weapon","SWORD","create","source_relative"
"d/shenfeng/npc/aman.c","unclassified_review","KNOWER","create","lifecycle_or_spawn|source_relative"
"d/shenfeng/npc/dealer.c","unclassified_review","KNOWER","create","random|closure|lifecycle_or_spawn"
"d/shenfeng/npc/hasake.c","npc","NPC","create","lifecycle_or_spawn|source_relative"
"d/shenfeng/npc/ji.c","npc","NPC","create","lifecycle_or_spawn|source_relative"
"d/shenfeng/npc/jinxiangyu.c","merchant","KNOWER|F_DEALER","create|init|greeting","local_behavior|random|lifecycle_or_spawn"
"d/shenfeng/npc/obj/dogrou.c","food|item","ITEM|F_FOOD","create","source_relative"
"d/shenfeng/npc/obj/duandao.c","weapon","BLADE","create","source_relative"
"d/shenfeng/npc/obj/duanjian.c","weapon","SWORD","create","source_relative"
"d/shenfeng/npc/obj/hulu.c","drink|item","ITEM|F_LIQUID","create","source_relative"
"d/shenfeng/npc/obj/qcloth.c","armor","CLOTH","create","source_relative"
"d/shenfeng/npc/obj/ycloth.c","armor","CLOTH","create","source_relative"
"d/shenfeng/npc/seller.c","merchant","KNOWER|F_VENDOR","create|init","local_behavior|lifecycle_or_spawn"
"d/shenfeng/npc/su.c","npc","NPC","create","lifecycle_or_spawn|source_relative"
"d/shenfeng/obj/skeleton.c","item","ITEM","create","source_relative"
"d/shenfeng/obj/skeleton1.c","item","ITEM","create|init|do_move","local_behavior|source_relative"
"d/shenfeng/obj/skeleton2.c","item","ITEM","create|init|do_move","local_behavior|source_relative"
"d/shenfeng/obj/skeleton3.c","item","ITEM","create","source_relative"
"d/shenfeng/obj/yudao.c","weapon","BLADE","create","source_relative"
"d/shenfeng/obj/yufu.c","weapon","HAMMER","create","source_relative"
"d/shenfeng/obj/yujian.c","weapon","SWORD","create","source_relative"
"d/shenlong/npc/boy.c","npc","NPC","create","random|lifecycle_or_spawn|local_include"
"d/shenlong/npc/boy2.c","npc","NPC","create","random|lifecycle_or_spawn|local_include"
"d/shenlong/npc/boy3.c","npc","NPC","create","random|lifecycle_or_spawn|local_include"
"d/shenlong/npc/boy4.c","npc","NPC","create","random|lifecycle_or_spawn|local_include"
"d/shenlong/npc/chuanfu.c","unclassified_review","KNOWER","create|chu_hai|accept_object|goto_shenlong|unconcious","local_behavior|closure|lifecycle_or_spawn"
"d/shenlong/npc/dizi.c","npc","NPC","create","random|lifecycle_or_spawn|local_include"
"d/shenlong/npc/fangyi.c","npc","NPC","create","random|lifecycle_or_spawn|local_include"
"d/shenlong/npc/girl.c","npc","NPC","create","random|lifecycle_or_spawn|local_include"
"d/shenlong/npc/mujianping.c","npc","NPC","create","random|lifecycle_or_spawn|local_include"
"d/shenlong/npc/old.c","npc","NPC","create","random|lifecycle_or_spawn|local_include"
"d/shenlong/npc/yunsumei.c","npc","NPC","create","random|lifecycle_or_spawn|local_include"
"d/shenlong/npc/zhang3.c","npc","NPC|F_UNIQUE|F_MASTER","create|init","local_behavior|identity_or_persistence|lifecycle_or_spawn|local_include"
"d/shenlong/obj/baihua.c","item","ITEM","create|do_effect","local_behavior|random|source_relative"
"d/shenlong/obj/hua.c","item","ITEM","create|do_effect","local_behavior|source_relative"
"d/shenlong/obj/hua2.c","item","ITEM","create|do_effect","local_behavior|source_relative"
"d/shenlong/obj/hua3.c","item","ITEM","create|do_effect","local_behavior|source_relative"
"d/shenlong/obj/hua4.c","item","ITEM","create|do_effect","local_behavior|source_relative"
"d/shenlong/obj/jiudai.c","drink|item","ITEM|F_LIQUID","create","source_relative"
"d/shenlong/obj/mitao.c","food|item","ITEM|F_FOOD","create","source_relative"
"d/shenlong/obj/usedgao.c","item","ITEM","init|create|dest","local_behavior|lifecycle_or_spawn|source_relative"
"d/shenlong/obj/xionghuang.c","item","ITEM","create|do_effect","local_behavior|source_relative"
"d/sky/npc/beichou.c","npc","NPC","create","closure|lifecycle_or_spawn"
"d/sky/npc/hua.c","npc","NPC|F_UNIQUE|F_COAGENT","create","identity_or_persistence|closure|lifecycle_or_spawn|source_relative"
"d/sky/npc/kou.c","npc","NPC|F_UNIQUE|F_COAGENT","create|kill_ob","local_behavior|identity_or_persistence|closure|lifecycle_or_spawn|source_relative"
"d/sky/npc/li.c","npc","NPC|F_UNIQUE|F_COAGENT","create","identity_or_persistence|closure|lifecycle_or_spawn|source_relative"
"d/sky/npc/li2.c","npc","NPC|F_UNIQUE|F_COAGENT","create","identity_or_persistence|closure|lifecycle_or_spawn|source_relative"
"d/sky/npc/obj/chijian.c","weapon","SWORD","create","source_relative"
"d/sky/npc/obj/chiyoujian.c","weapon","SWORD","create","source_relative"
"d/sky/npc/obj/cloth1.c","armor","CLOTH","create","source_relative"
"d/sky/npc/obj/cloth2.c","armor","CLOTH","create","source_relative"
"d/sky/npc/obj/cloth3.c","armor","CLOTH","create","source_relative"
"d/sky/npc/obj/feidao.c","weapon","THROWING","create","source_relative"
"d/sky/npc/obj/hands.c","armor","HANDS","create","source_relative"
"d/sky/npc/obj/jingzhongyue.c","weapon","BLADE","create|hit_ob","local_behavior|source_relative"
"d/sky/npc/obj/pangukai.c","armor","ARMOR","create","source_relative"
"d/sky/npc/obj/renou.c","item","ITEM","setup|create","local_behavior"
"d/sky/npc/tie.c","npc","NPC|F_GUARDER","create","closure|lifecycle_or_spawn"
"d/sky/npc/xu.c","npc","NPC|F_UNIQUE|F_COAGENT","create|kill_ob","local_behavior|identity_or_persistence|closure|lifecycle_or_spawn|source_relative"
"d/sky/obj/heshibi.c","item","ITEM","setup|init|create|do_eat|xiqu1|xiqu2|xiqu3|xiqu4|xiqu5|xiqu6|xiqu7","local_behavior|random|lifecycle_or_spawn|source_relative"
"d/sky/obj/jue.c","item","ITEM","create","source_relative"
"d/sky/obj/miji1.c","item","ITEM","create","source_relative"
"d/sky/obj/miji2.c","item","ITEM","create","source_relative"
"d/sky/obj/miji3.c","item","ITEM","create","source_relative"
"d/sky/obj/sheli.c","item","ITEM","setup|init|create|do_eat|xiqu1|xiqu2|xiqu3|xiqu4|xiqu5|xiqu6|xiqu7","local_behavior|random|lifecycle_or_spawn|source_relative"
"d/sky/obj/shenjiu.c","item","ITEM","create|init|do_eat","local_behavior|random|source_relative"
"d/sky/obj/tianxiadan.c","item","ITEM","create|do_effect","local_behavior|source_relative"
"d/sky/obj/yishu.c","item","ITEM","create","source_relative"
"d/songshan/npc/bo.c","npc","NPC","create","lifecycle_or_spawn"
"d/songshan/npc/chushi.c","npc","NPC","create","lifecycle_or_spawn"
"d/songshan/npc/deng.c","npc","NPC","create","lifecycle_or_spawn"
"d/songshan/npc/di.c","npc","NPC","create","lifecycle_or_spawn"
"d/songshan/npc/ding.c","npc","NPC","create","lifecycle_or_spawn"
"d/songshan/npc/fei.c","npc","NPC","create","lifecycle_or_spawn"
"d/songshan/npc/gao.c","npc","NPC","create","lifecycle_or_spawn"
"d/songshan/npc/lu.c","npc","NPC","create","lifecycle_or_spawn"
"d/songshan/npc/seller.c","merchant","KNOWER|F_VENDOR","create|init","local_behavior|lifecycle_or_spawn"
"d/songshan/npc/sha.c","npc","NPC","create","lifecycle_or_spawn"
"d/songshan/npc/shi.c","npc","NPC","create","lifecycle_or_spawn"
"d/songshan/npc/tang.c","npc","NPC","create","lifecycle_or_spawn"
"d/songshan/npc/wan.c","npc","NPC","create","lifecycle_or_spawn"
"d/songshan/npc/yao.c","npc","NPC","create","lifecycle_or_spawn"
"d/songshan/npc/zhong.c","npc","NPC","create","lifecycle_or_spawn"
"d/songshan/npc/zuo.c","npc","NPC","create","lifecycle_or_spawn"
"d/suzhou/npc/feng.c","npc","NPC","create","lifecycle_or_spawn"
"d/suzhou/npc/gongzi.c","npc","NPC","create|init|greeting","local_behavior|random|lifecycle_or_spawn"
"d/suzhou/npc/huoji.c","npc|merchant","NPC|F_DEALER","create|init","local_behavior|lifecycle_or_spawn"
"d/suzhou/npc/jiaoxi.c","npc|merchant","NPC|F_DEALER","create|recognize_apprentice|accept_object","local_behavior"
"d/suzhou/npc/kid.c","npc","NPC","create","lifecycle_or_spawn"
"d/suzhou/npc/lady1.c","npc","NPC","create","lifecycle_or_spawn"
"d/suzhou/npc/lady2.c","npc","NPC","create","lifecycle_or_spawn"
"d/suzhou/npc/lady3.c","npc","NPC","create|init|greeting","local_behavior|lifecycle_or_spawn"
"d/suzhou/npc/lady4.c","npc","NPC","create","lifecycle_or_spawn"
"d/suzhou/npc/nigu1.c","npc","NPC","create|init|greeting","local_behavior|lifecycle_or_spawn"
"d/suzhou/npc/nigu2.c","npc","NPC","create","create_only_review"
"d/suzhou/npc/obj/doufu.c","food|item","ITEM|F_FOOD","create","source_relative"
"d/suzhou/npc/obj/huotui.c","food|item","ITEM|F_FOOD","create","source_relative"
"d/suzhou/npc/obj/potato.c","food|item","ITEM|F_FOOD","create","source_relative"
"d/suzhou/npc/obj/soup.c","drink|item","ITEM|F_LIQUID","create","source_relative"
"d/suzhou/npc/obj/xianggu.c","food|item","ITEM|F_FOOD","create","source_relative"
"d/suzhou/npc/obj/xiaren.c","food|item","ITEM|F_FOOD","create","source_relative"
"d/suzhou/npc/obj/yayifu.c","armor","CLOTH","create","source_relative"
"d/suzhou/npc/piaoyou.c","npc","NPC","create","random|lifecycle_or_spawn"
"d/suzhou/npc/seller.c","npc|merchant","NPC|F_VENDOR","create|init|greeting","local_behavior|lifecycle_or_spawn"
"d/suzhou/npc/shiye.c","npc","NPC","create","lifecycle_or_spawn"
"d/suzhou/npc/sun.c","npc","NPC|F_BANKER","create|init","local_behavior"
"d/suzhou/npc/wang.c","npc|merchant","NPC|F_DEALER","create|init|die","local_behavior|lifecycle_or_spawn"
"d/suzhou/npc/yayi.c","npc","NPC","create","lifecycle_or_spawn|source_relative"
"d/suzhou/obj/box.c","item","ITEM","create|is_container|init|do_put","local_behavior|random|lifecycle_or_spawn|source_relative"
"d/taishan/npc/chi.c","npc","NPC|F_MASTER","create","identity_or_persistence|lifecycle_or_spawn"
"d/taishan/npc/dao-ke.c","npc","NPC","create|init","local_behavior|lifecycle_or_spawn"
"d/taishan/npc/jian-ke.c","npc","NPC","create|init","local_behavior|lifecycle_or_spawn"
"d/taishan/npc/jianchu.c","npc","NPC","create","lifecycle_or_spawn"
"d/taishan/npc/jiang.c","npc","NPC","create|accept_fight|checking","local_behavior|lifecycle_or_spawn"
"d/taishan/npc/seng-ren.c","npc","NPC","create|accept_object","local_behavior|lifecycle_or_spawn"
"d/taishan/npc/shu-sheng.c","npc","NPC","create","create_only_review"
"d/taishan/npc/tangzi.c","npc","NPC","create","closure|lifecycle_or_spawn"
"d/taishan/npc/tianbai.c","npc","NPC","create","lifecycle_or_spawn"
"d/taishan/npc/tianmen.c","npc","NPC","create","lifecycle_or_spawn"
"d/taishan/npc/tiansong.c","npc","NPC","create","lifecycle_or_spawn"
"d/taishan/npc/tianyi.c","npc","NPC","create","lifecycle_or_spawn"
"d/taishan/npc/tiao-fu.c","npc","NPC","create","random|lifecycle_or_spawn"
"d/taishan/npc/wei-shi1.c","npc","NPC","create|init","local_behavior|lifecycle_or_spawn"
"d/taishan/npc/wei-shi2.c","npc","NPC","create|init","local_behavior|lifecycle_or_spawn"
"d/taishan/npc/wei-shi3.c","npc","NPC","create|init","local_behavior|lifecycle_or_spawn"
"d/taishan/npc/xiao-fan.c","npc|merchant","NPC|F_VENDOR","create|init","local_behavior|lifecycle_or_spawn"
"d/taishan/npc/xiaoer.c","unclassified_review","KNOWER","create|init|greeting|accept_object","local_behavior|random|lifecycle_or_spawn"
"d/taishan/npc/yujizi.c","npc","NPC","create","lifecycle_or_spawn"
"d/taishan/npc/yuqingzi.c","npc","NPC","create","lifecycle_or_spawn"
"d/taishan/npc/yuyinzi.c","npc","NPC","create","lifecycle_or_spawn"
"d/tangmen/obj/feidao.c","weapon","THROWING","create","source_relative"
"d/tangmen/obj/jili.c","weapon","THROWING","create","source_relative"
"d/taohua/npc/binu.c","npc","NPC","create","lifecycle_or_spawn"
"d/taohua/npc/cheng.c","npc","NPC","create","lifecycle_or_spawn"
"d/taohua/npc/chuanfu.c","npc","NPC","create|chu_hai|accept_object|goto_taohua|unconcious","local_behavior|closure|lifecycle_or_spawn"
"d/taohua/npc/puren.c","npc","NPC","create","lifecycle_or_spawn"
"d/taohua/npc/shitong.c","npc","NPC","create","lifecycle_or_spawn"
"d/taohua/npc/shoumu.c","npc","NPC","create","lifecycle_or_spawn"
"d/taohua/npc/yapu.c","npc","NPC","create","lifecycle_or_spawn"
"d/taohua/obj/bagua.c","item","ITEM","create|init|do_break","local_behavior|source_relative"
"d/taohua/obj/baichou.c","unclassified_review","EQUIP","create","source_relative"
"d/taohua/obj/baipao.c","unclassified_review","EQUIP","create","source_relative"
"d/taohua/obj/baiyi.c","unclassified_review","EQUIP","create","source_relative"
"d/taohua/obj/bupao.c","armor","CLOTH","create","source_relative"
"d/taohua/obj/cha.c","drink|item","ITEM|F_LIQUID","create","source_relative"
"d/taohua/obj/cubupao.c","armor","CLOTH","create","source_relative"
"d/taohua/obj/gao.c","food|item","ITEM|F_FOOD","create","source_relative"
"d/taohua/obj/huaban.c","weapon","THROWING","create","source_relative"
"d/taohua/obj/jindai.c","armor","HEAD","create","source_relative"
"d/taohua/obj/mingzhu.c","item","ITEM","create","create_only_review"
"d/taohua/obj/ruanwei.c","armor","ARMOR","create","source_relative"
"d/taohua/obj/shizi.c","weapon","THROWING","create","source_relative"
"d/taohua/obj/shudai.c","armor","HEAD","create","source_relative"
"d/taohua/obj/taojian.c","weapon","SWORD","create","source_relative"
"d/taohua/obj/xiang.c","item","ITEM","create|init|do_array|remove_effect","local_behavior|lifecycle_or_spawn|source_relative"
"d/taohua/obj/yuxiao.c","weapon","XSWORD","create","source_relative"
"d/taohua/obj/zhuxiao.c","item","ITEM|MI_XIAO","create|init","local_behavior|source_relative"
"d/tianlongsi/npc/hutaseng1.c","npc","NPC","create","create_only_review"
"d/tianlongsi/npc/laoniansengren.c","npc|merchant","NPC|F_DEALER","create|init|greeting|ask_me","local_behavior|closure|lifecycle_or_spawn"
"d/tianlongsi/npc/saodiseng.c","unclassified_review","KNOWER","create","lifecycle_or_spawn"
"d/tianlongsi/npc/xiaoshami.c","npc","NPC","create","lifecycle_or_spawn"
"d/tianlongsi/obj/box.c","item","ITEM","create|init|do_open","local_behavior|source_relative"
"d/tianlongsi/obj/xiang.c","item","ITEM","create|init|do_dian","local_behavior|source_relative"
"d/tianlongsi/obj/xianglu.c","item","ITEM","create|init|do_pushin","local_behavior|random|lifecycle_or_spawn|source_relative"
"d/tiezhang/npc/bangzhon.c","npc","NPC","create","lifecycle_or_spawn|source_relative"
"d/tiezhang/npc/dizi.c","npc","NPC","create|init|hiting_ob|moving_ob","local_behavior|random|lifecycle_or_spawn|source_relative"
"d/tiezhang/npc/dizi1.c","npc","NPC","create|init|hiting_ob|moving_ob","local_behavior|random|lifecycle_or_spawn|source_relative"
"d/tiezhang/npc/gu.c","npc","NPC","create|ask_wumu|ask_yishu|ask_jiannan|recognize_apprentice","local_behavior|closure|lifecycle_or_spawn"
"d/tiezhang/npc/heiyi.c","npc","NPC","create","lifecycle_or_spawn|source_relative"
"d/tiezhang/npc/huiyi.c","npc","NPC","create","lifecycle_or_spawn|source_relative"
"d/tiezhang/npc/mayi.c","npc","NPC","create","lifecycle_or_spawn|source_relative"
"d/tiezhang/npc/obj/black-cloth.c","armor","CLOTH","create","source_relative"
"d/tiezhang/npc/obj/green-cloth.c","armor","CLOTH","create","source_relative"
"d/tiezhang/npc/obj/hupi.c","armor","CLOTH","create","source_relative"
"d/tiezhang/npc/xiaoer.c","merchant","KNOWER|F_DEALER","create|init|greeting","local_behavior|random|lifecycle_or_spawn"
"d/tiezhang/npc/xiaotong.c","npc","NPC","create","create_only_review"
"d/tiezhang/npc/yahuan.c","npc","NPC","create","create_only_review"
"d/tiezhang/obj/axe.c","weapon","AXE","create","source_relative"
"d/tiezhang/obj/changbian.c","weapon","WHIP","create","source_relative"
"d/tiezhang/obj/fan.c","food|item","ITEM|F_FOOD","create","source_relative"
"d/tiezhang/obj/gangdao.c","weapon","BLADE","create","source_relative"
"d/tiezhang/obj/gangjian.c","weapon","SWORD","create","source_relative"
"d/tiezhang/obj/gangzhang.c","weapon","STAFF","create","source_relative"
"d/tiezhang/obj/haigu-1.c","item","ITEM","setup|init|create|do_move","local_behavior|source_relative"
"d/tiezhang/obj/haigu.c","item","ITEM","setup|init|create|do_move","local_behavior|lifecycle_or_spawn|source_relative"
"d/tiezhang/obj/haigu1.c","item","ITEM","create|init","local_behavior|lifecycle_or_spawn|source_relative"
"d/tiezhang/obj/haigu2.c","item","ITEM","create|init","local_behavior|lifecycle_or_spawn|source_relative"
"d/tiezhang/obj/hsnr.c","food|item","ITEM|F_FOOD","create","source_relative"
"d/tiezhang/obj/hupi.c","armor","CLOTH","create","source_relative"
"d/tiezhang/obj/qingshui-hulu.c","drink|item","ITEM|F_LIQUID","create","source_relative"
"d/tiezhang/obj/ruzhu.c","food|item","ITEM|F_FOOD","create","source_relative"
"d/tiezhang/obj/shanshui.c","item","ITEM","create|init|do_jiao","local_behavior|source_relative"
"d/tiezhang/obj/wumu-yishu.c","item","ITEM","init|create|do_du","local_behavior|source_relative"
"d/tiezhang/obj/ycj.c","weapon","SWORD","setup|init|create|do_jian","local_behavior|source_relative"
"d/tiezhang/obj/zhangpu.c","item","ITEM","setup|init|create|do_du","local_behavior|random|source_relative"
"d/tiezhang/obj/zitie.c","item","ITEM","setup|create","local_behavior|source_relative"
"d/tulong/obj/duan1.c","weapon","SWORD","create","source_relative"
"d/tulong/obj/duan2.c","weapon","BLADE","create","source_relative"
"d/tulong/obj/miji.c","item","ITEM|F_UNIQUE","setup|init|create|do_du","local_behavior|identity_or_persistence|source_relative"
"d/tulong/obj/tulongdao.c","weapon","BLADE|F_UNIQUE|F_NOCLONE","create|hit_ob|init|do_open","local_behavior|identity_or_persistence|lifecycle_or_spawn|source_relative"
"d/tulong/obj/yishu.c","item","ITEM|F_UNIQUE","setup|init|create|do_du","local_behavior|identity_or_persistence|source_relative"
"d/tulong/obj/yitianjian.c","weapon","SWORD","create|hit_ob","local_behavior|source_relative"
"d/tulong/obj/zhenjing.c","item","ITEM|F_UNIQUE","setup|init|create|do_du","local_behavior|identity_or_persistence|source_relative"
"d/tulong/tulong/npc/bai.c","npc","NPC","create","random|lifecycle_or_spawn"
"d/tulong/tulong/npc/chang.c","npc","NPC","create|accept_ansuan|init|put|do_get|do_bi|accept_fight|accept_hit|accept_kill","local_behavior|random|closure|lifecycle_or_spawn"
"d/tulong/tulong/npc/guo.c","npc","NPC","create|accept_fight|accept_hit|accept_kill|accept_ansuan|begin|die|init|do_get|do_bi","local_behavior|random|lifecycle_or_spawn"
"d/tulong/tulong/npc/huiyue.c","npc","NPC|F_MASTER|F_COAGENT","create","identity_or_persistence|closure|lifecycle_or_spawn|local_include|source_relative"
"d/tulong/tulong/npc/jiaozhong1.c","npc","NPC","create","random|lifecycle_or_spawn"
"d/tulong/tulong/npc/jiaozhong2.c","npc","NPC","create","random|lifecycle_or_spawn"
"d/tulong/tulong/npc/liuyun.c","npc","NPC|F_MASTER|F_GUARDER","create","identity_or_persistence|closure|lifecycle_or_spawn|local_include|source_relative"
"d/tulong/tulong/npc/mai.c","npc","NPC","create|accept_fight|accept_hit|accept_kill|accept_ansuan|begin|die|unconcious|guo|init|do_get","local_behavior|random|lifecycle_or_spawn"
"d/tulong/tulong/npc/miaofeng.c","npc","NPC|F_MASTER|F_COAGENT","create","identity_or_persistence|closure|lifecycle_or_spawn|local_include|source_relative"
"d/tulong/tulong/npc/obj/bosi.c","armor","CLOTH","create","source_relative"
"d/tulong/tulong/npc/obj/flag.c","weapon","CLUB","create","source_relative"
"d/tulong/tulong/npc/obj/hammer.c","weapon","HAMMER","create","source_relative"
"d/tulong/tulong/npc/obj/jiaofu.c","armor","CLOTH","create","source_relative"
"d/tulong/tulong/npc/obj/ling.c","weapon","SWORD","create","source_relative"
"d/tulong/tulong/npc/qqq.c","npc","NPC","create|accept_ansuan|init|put|do_get|do_bi|accept_fight|accept_hit|accept_kill","local_behavior|random|closure|lifecycle_or_spawn"
"d/tulong/tulong/npc/yin.c","npc","NPC","create|init|do_yun|accept_fight|accept_hit|accept_kill|accept_ansuan|receive_damage|receive_wound","local_behavior|random|lifecycle_or_spawn"
"d/tulong/tulong/npc/yuan.c","npc","NPC","create|accept_fight|accept_hit|accept_kill|accept_ansuan|begin|die|unconcious|init|do_get","local_behavior|random|lifecycle_or_spawn"
"d/tulong/tulong/npc/zhang.c","npc","NPC|F_MASTER","create|accept_fight|accept_hit|accept_kill|accept_ansuan|receive_damage|receive_wound|begin|biwu|biwu2|biwu3|shu|end|storm|storm2|storm3|storm4|storm5|storm6|arrive|init|do_get","local_behavior|identity_or_persistence|random|lifecycle_or_spawn"
"d/tulong/tulong/obj/ding.c","item","ITEM","create|is_container","local_behavior|source_relative"
"d/tulong/tulong/obj/ling1.c","weapon","SWORD","init|create|do_du","local_behavior|source_relative"
"d/tulong/tulong/obj/stone.c","weapon","HAMMER","create","source_relative"
"d/tulong/tulong/obj/xuantie-ling.c","item","ITEM","create","source_relative"
"d/tulong/yitian/npc/18jingang-4bo.c","npc","NPC","create|init","local_behavior|random|closure|lifecycle_or_spawn"
"d/tulong/yitian/npc/18jingang-4zhang.c","npc","NPC","create|init","local_behavior|random|closure|lifecycle_or_spawn"
"d/tulong/yitian/npc/18jingang-5dao.c","npc","NPC","create|init","local_behavior|random|closure|lifecycle_or_spawn"
"d/tulong/yitian/npc/18jingang-5jian.c","npc","NPC","create|init","local_behavior|random|closure|lifecycle_or_spawn"
"d/tulong/yitian/npc/ada.c","npc","NPC","create|init|accept_fight|accept_hit|accept_kill|accept_ansuan|begin|unconcious","local_behavior|closure|lifecycle_or_spawn"
"d/tulong/yitian/npc/ada2.c","npc","NPC","create","closure|lifecycle_or_spawn|source_relative"
"d/tulong/yitian/npc/aer.c","npc","NPC|F_MASTER","create|init|accept_fight|accept_hit|accept_kill|accept_ansuan|begin|die","local_behavior|identity_or_persistence|closure|lifecycle_or_spawn"
"d/tulong/yitian/npc/asan.c","npc","NPC|F_MASTER","create|init|accept_fight|accept_hit|accept_kill|accept_ansuan|begin|die","local_behavior|identity_or_persistence|closure|lifecycle_or_spawn"
"d/tulong/yitian/npc/bing1.c","npc","NPC","create|init|accept_fight","local_behavior|lifecycle_or_spawn"
"d/tulong/yitian/npc/bing2.c","npc","NPC","create|init|accept_fight","local_behavior|lifecycle_or_spawn"
"d/tulong/yitian/npc/he.c","npc","NPC|F_MASTER","create|init|accept_fight|accept_hit|accept_kill|accept_ansuan|begin|die","local_behavior|identity_or_persistence|closure|lifecycle_or_spawn"
"d/tulong/yitian/npc/hebiweng.c","npc","NPC","create","closure|lifecycle_or_spawn"
"d/tulong/yitian/npc/huiyue.c","npc","NPC|F_MASTER","create|init","local_behavior|identity_or_persistence|closure|lifecycle_or_spawn"
"d/tulong/yitian/npc/li4.c","npc","NPC|F_UNIQUE","create","identity_or_persistence|random|closure|lifecycle_or_spawn"
"d/tulong/yitian/npc/liuyun.c","npc","NPC|F_MASTER","create|init","local_behavior|identity_or_persistence|closure|lifecycle_or_spawn"
"d/tulong/yitian/npc/luzhangke.c","npc","NPC","create","closure|lifecycle_or_spawn"
"d/tulong/yitian/npc/miaofeng.c","npc","NPC|F_MASTER","create|init","local_behavior|identity_or_persistence|closure|lifecycle_or_spawn"
"d/tulong/yitian/npc/obj/gong.c","armor","HANDS","create","source_relative"
"d/tulong/yitian/npc/obj/jian.c","weapon","SWORD","create","source_relative"
"d/tulong/yitian/npc/obj/jiaofu.c","armor","CLOTH","create","source_relative"
"d/tulong/yitian/npc/obj/spear.c","weapon","CLUB","create","source_relative"
"d/tulong/yitian/npc/obj/tiezhang.c","weapon","STAFF","create","source_relative"
"d/tulong/yitian/npc/obj/tongbo.c","weapon","HAMMER","create","source_relative"
"d/tulong/yitian/npc/qian2.c","npc","NPC|F_UNIQUE","create","identity_or_persistence|random|closure|lifecycle_or_spawn"
"d/tulong/yitian/npc/sun3.c","npc","NPC|F_UNIQUE","create","identity_or_persistence|random|closure|lifecycle_or_spawn"
"d/tulong/yitian/npc/wang8.c","npc","NPC|F_UNIQUE","create","identity_or_persistence|random|closure|lifecycle_or_spawn"
"d/tulong/yitian/npc/wu6.c","npc","NPC|F_UNIQUE","create","identity_or_persistence|random|closure|lifecycle_or_spawn"
"d/tulong/yitian/npc/zhao.c","npc","NPC|F_UNIQUE","create|init|do_yun|do_get|accept_fight|accept_hit|accept_kill|accept_ansuan|receive_damage|receive_wound|greeting","local_behavior|identity_or_persistence|random|closure|lifecycle_or_spawn"
"d/tulong/yitian/npc/zhao1.c","npc","NPC|F_UNIQUE","create","identity_or_persistence|random|closure|lifecycle_or_spawn"
"d/tulong/yitian/npc/zhaomin2.c","npc","NPC","create","random|closure|lifecycle_or_spawn"
"d/tulong/yitian/npc/zheng7.c","npc","NPC|F_UNIQUE","create","identity_or_persistence|random|closure|lifecycle_or_spawn"
"d/tulong/yitian/npc/zhou5.c","npc","NPC|F_UNIQUE","create","identity_or_persistence|random|closure|lifecycle_or_spawn"
"d/tulong/yitian/obj/shelf.c","item","ITEM","create|is_container","local_behavior|source_relative"
"d/village/npc/boy.c","npc","NPC","create","lifecycle_or_spawn|source_relative"
"d/village/npc/cuihua.c","npc","NPC","create","lifecycle_or_spawn|source_relative"
"d/village/npc/dibao.c","npc","NPC","create","lifecycle_or_spawn|source_relative"
"d/village/npc/dipi.c","npc","NPC","create","lifecycle_or_spawn|source_relative"
"d/village/npc/girl.c","npc","NPC","create","lifecycle_or_spawn|source_relative"
"d/village/npc/kid.c","npc","NPC","create","lifecycle_or_spawn|source_relative"
"d/village/npc/obj/bottle.c","drink|item","ITEM|F_LIQUID","create","source_relative"
"d/village/npc/obj/cloth.c","armor","CLOTH","create","source_relative"
"d/village/npc/obj/egg.c","food|item","ITEM|F_FOOD","create","source_relative"
"d/village/npc/obj/hammer.c","weapon","HAMMER","create","source_relative"
"d/village/npc/obj/hothammer.c","weapon","HAMMER","create","source_relative"
"d/village/npc/obj/shoes.c","armor","BOOTS","create","source_relative"
"d/village/npc/obj/stick.c","weapon","STAFF","create","source_relative"
"d/village/npc/obj/youlong.c","weapon","SWORD","create","source_relative"
"d/village/npc/oldwoman.c","npc","NPC","create","lifecycle_or_spawn|source_relative"
"d/village/npc/poorman.c","npc","NPC","create","closure|lifecycle_or_spawn|source_relative"
"d/village/npc/punk.c","npc","NPC","create|ask_me","local_behavior|closure|lifecycle_or_spawn|source_relative"
"d/village/npc/seller.c","merchant","KNOWER|F_VENDOR","create|init","local_behavior|lifecycle_or_spawn|source_relative"
"d/village/npc/smith.c","unclassified_review","""/inherit/char/smith.c""","create|init|accept_object","local_behavior|closure|lifecycle_or_spawn|source_relative"
"d/village/npc/wang.c","npc","NPC","create|init|ask_me|do_bihua","local_behavior|closure|lifecycle_or_spawn"
"d/village/npc/xiejian.c","npc","NPC","create","lifecycle_or_spawn"
"d/village/obj/zhujian.c","weapon","SWORD","create","source_relative"
"d/wanjiegu/npc/fuer.c","npc","NPC","create","lifecycle_or_spawn"
"d/wanjiegu/npc/gan.c","npc","NPC","create","lifecycle_or_spawn"
"d/wanjiegu/npc/haoke.c","npc","NPC","create","lifecycle_or_spawn"
"d/wanjiegu/npc/monk.c","npc","NPC","create|savemu","local_behavior|closure|lifecycle_or_spawn|source_relative"
"d/wanjiegu/npc/mu.c","npc","NPC","create|accept_object|do_give","local_behavior|random|lifecycle_or_spawn"
"d/wanjiegu/npc/obj/belt.c","unclassified_review","EQUIP","create","source_relative"
"d/wanjiegu/npc/obj/blake-cloth.c","unclassified_review","EQUIP","create","source_relative"
"d/wanjiegu/npc/obj/boots.c","unclassified_review","EQUIP","create","source_relative"
"d/wanjiegu/npc/obj/bu-shoes.c","unclassified_review","EQUIP","create","source_relative"
"d/wanjiegu/npc/obj/cloth.c","unclassified_review","EQUIP","create","source_relative"
"d/wanjiegu/npc/obj/color-dress.c","unclassified_review","EQUIP","create","source_relative"
"d/wanjiegu/npc/obj/dress.c","unclassified_review","EQUIP","create","source_relative"
"d/wanjiegu/npc/obj/feature.c","armor","CLOTH","create|query_autoload","local_behavior|source_relative"
"d/wanjiegu/npc/obj/fu-cloth.c","unclassified_review","EQUIP","create","source_relative"
"d/wanjiegu/npc/obj/gui-dress.c","unclassified_review","EQUIP","create","source_relative"
"d/wanjiegu/npc/obj/hat.c","unclassified_review","EQUIP","create","source_relative"
"d/wanjiegu/npc/obj/jade-belt.c","unclassified_review","EQUIP","create","source_relative"
"d/wanjiegu/npc/obj/liu-dress.c","unclassified_review","EQUIP","create","source_relative"
"d/wanjiegu/npc/obj/marry-dress.c","unclassified_review","EQUIP","create","source_relative"
"d/wanjiegu/npc/obj/mini-dress.c","unclassified_review","EQUIP","create","source_relative"
"d/wanjiegu/npc/obj/moon-dress.c","unclassified_review","EQUIP","create","source_relative"
"d/wanjiegu/npc/obj/muyu.c","weapon","HAMMER","create","source_relative"
"d/wanjiegu/npc/obj/pink-cloth.c","armor","CLOTH","create","source_relative"
"d/wanjiegu/npc/obj/pink-dress.c","unclassified_review","EQUIP","create","source_relative"
"d/wanjiegu/npc/obj/qi-dress.c","unclassified_review","EQUIP","create","source_relative"
"d/wanjiegu/npc/obj/qing-cloth.c","unclassified_review","EQUIP","create","source_relative"
"d/wanjiegu/npc/obj/red-dress.c","unclassified_review","EQUIP","create","source_relative"
"d/wanjiegu/npc/obj/scarf.c","unclassified_review","EQUIP","create","source_relative"
"d/wanjiegu/npc/obj/sha-dress.c","unclassified_review","EQUIP","create","source_relative"
"d/wanjiegu/npc/obj/shoes.c","unclassified_review","EQUIP","create","source_relative"
"d/wanjiegu/npc/obj/shoes2.c","unclassified_review","EQUIP","create","source_relative"
"d/wanjiegu/npc/obj/tie-gan.c","weapon","SWORD","create","source_relative"
"d/wanjiegu/npc/obj/xian-cloth.c","unclassified_review","EQUIP","create","source_relative"
"d/wanjiegu/npc/obj/xiu-cloth.c","unclassified_review","EQUIP","create","source_relative"
"d/wanjiegu/npc/obj/xiu-scarf.c","unclassified_review","EQUIP","create","source_relative"
"d/wanjiegu/npc/obj/yan-dress.c","unclassified_review","EQUIP","create","source_relative"
"d/wanjiegu/npc/obj/zi-dress.c","unclassified_review","EQUIP","create","source_relative"
"d/wanjiegu/npc/xier.c","npc","NPC","create","lifecycle_or_spawn"
"d/wanjiegu/npc/zhong.c","npc","NPC","create|init","local_behavior|lifecycle_or_spawn"
"d/wanjiegu/npc/zhongling.c","npc","NPC","create|init|accept_object|die","local_behavior|lifecycle_or_spawn"
"d/wanjiegu/obj/cao.c","item","ITEM","create","source_relative"
"d/wanjiegu/obj/flower.c","item","ITEM","create","source_relative"
"d/wanjiegu/obj/mortar.c","item","ITEM","create","source_relative"
"d/wanjiegu/obj/x-drug.c","item","ITEM","create","source_relative"
"d/wudang/npc/baibian.c","npc","NPC","create|init|pretending","local_behavior|random|closure|lifecycle_or_spawn"
"d/wudang/npc/guest.c","npc","NPC","create","random"
"d/wudang/npc/mengmian.c","npc","NPC","create|init|greeting","local_behavior|random|lifecycle_or_spawn"
"d/wudang/npc/tufei1.c","npc","NPC","create","lifecycle_or_spawn"
"d/wudang/npc/tufei2.c","npc","NPC","create","lifecycle_or_spawn"
"d/wudang/npc/tufeitou.c","npc","NPC","create","lifecycle_or_spawn"
"d/wudang/npc/turou.c","food|item","ITEM|F_FOOD","create","source_relative"
"d/wudang/npc/xiao_louluo.c","npc","NPC","create","lifecycle_or_spawn"
"d/wudang/npc/xiao_tufei.c","npc","NPC","create","lifecycle_or_spawn"
"d/wudang/npc/xiaocui.c","npc","NPC","create","random|lifecycle_or_spawn"
"d/wudang/obj/baguafu.c","armor","CLOTH","create","source_relative"
"d/wudang/obj/bluecloth.c","armor","CLOTH","create","source_relative"
"d/wudang/obj/dawancha.c","drink|item","ITEM|F_LIQUID","create","source_relative"
"d/wudang/obj/greenrobe.c","armor","CLOTH","create","source_relative"
"d/wudang/obj/greyrobe.c","armor","CLOTH","create","source_relative"
"d/wudang/obj/mitao.c","food|item","ITEM|F_FOOD","create","source_relative"
"d/wudang/obj/nuerxiang.c","item","ITEM","create|init|do_drink","local_behavior|source_relative"
"d/wudang/obj/renshenguo.c","item","ITEM","init|destguo|create|do_effect","local_behavior|lifecycle_or_spawn|source_relative"
"d/wudang/obj/shitou.c","weapon","HAMMER","create","source_relative"
"d/wudang/obj/table.c","item","ITEM","create|is_container","local_behavior|source_relative"
"d/wudang/obj/whiterobe.c","armor","CLOTH","create","source_relative"
"d/wudang/obj/wuxingfu.c","armor","CLOTH","create","source_relative"
"d/wudang/obj/xiangcha.c","item","ITEM","create|do_effect","local_behavior|source_relative"
"d/wudu/npc/boy.c","npc","NPC","create","lifecycle_or_spawn"
"d/wudu/npc/cuilan.c","npc","NPC","create","lifecycle_or_spawn"
"d/wudu/npc/cunfu.c","npc","NPC","create","random|lifecycle_or_spawn"
"d/wudu/npc/cunmin.c","npc","NPC","create","random|lifecycle_or_spawn"
"d/wudu/npc/cunzhang.c","npc","NPC","create","lifecycle_or_spawn|source_relative"
"d/wudu/npc/daoren.c","npc","NPC","create|ask_me","local_behavior|closure|lifecycle_or_spawn"
"d/wudu/npc/dizi.c","npc","NPC","create","lifecycle_or_spawn|source_relative"
"d/wudu/npc/girl.c","npc","NPC","create","lifecycle_or_spawn"
"d/wudu/npc/jiaotu.c","npc","NPC","create","lifecycle_or_spawn"
"d/wudu/npc/kid.c","npc","NPC","create","lifecycle_or_spawn"
"d/wudu/npc/obj/baozi.c","food|item","ITEM|F_FOOD","create","source_relative"
"d/wudu/npc/obj/baozi2.c","food|item","ITEM|F_FOOD","create","source_relative"
"d/wudu/npc/obj/flagon.c","drink|item","ITEM|F_LIQUID","create","source_relative"
"d/wudu/npc/obj/ganggou.c","weapon","SWORD","create","source_relative"
"d/wudu/npc/obj/hanyan.c","weapon","SWORD","create","source_relative"
"d/wudu/npc/obj/jiandao.c","weapon","SWORD","create","source_relative"
"d/wudu/npc/obj/jinyi.c","armor","CLOTH","create","source_relative"
"d/wudu/npc/obj/jitui.c","food|weapon","HAMMER|F_FOOD","create|finish_eat","local_behavior|source_relative|mixed_roles"
"d/wudu/npc/obj/xingjunsan.c","item","ITEM","create","create_only_review"
"d/wudu/npc/oldman.c","npc","NPC","create","lifecycle_or_spawn"
"d/wudu/npc/qiaofu.c","npc","NPC","create","closure|lifecycle_or_spawn"
"d/wudu/npc/sun.c","merchant","KNOWER|F_DEALER","create|init|greeting","local_behavior|random|lifecycle_or_spawn|source_relative"
"d/wudu/npc/tian.c","npc","NPC","create|init|do_yao","local_behavior|lifecycle_or_spawn|source_relative"
"d/wudu/npc/tongzi.c","npc","NPC","create","lifecycle_or_spawn|source_relative"
"d/wudu/npc/xiansheng.c","npc","NPC","create","lifecycle_or_spawn"
"d/wudu/npc/xuetong.c","npc","NPC","create","lifecycle_or_spawn"
"d/wudu/npc/youngboy.c","npc","NPC","create","lifecycle_or_spawn"
"d/wudu/npc/zhuge.c","npc","NPC","create|ask_me","local_behavior|closure|lifecycle_or_spawn|source_relative"
"d/wudu/obj/baozi.c","food|item","ITEM|F_FOOD","create","source_relative"
"d/wudu/obj/baozi2.c","food|item","ITEM|F_FOOD","create","source_relative"
"d/wudu/obj/book2.c","item","ITEM","create","source_relative"
"d/wudu/obj/chuanxin.c","item","ITEM","create|do_effect","local_behavior"
"d/wudu/obj/duanchang.c","item","ITEM","create|do_effect","local_behavior"
"d/wudu/obj/dujing1.c","item","ITEM","create|init|do_read","local_behavior|source_relative"
"d/wudu/obj/dujing2.c","item","ITEM","create","source_relative"
"d/wudu/obj/flagon.c","drink|item","ITEM|F_LIQUID","create","source_relative"
"d/wudu/obj/fugu.c","item","ITEM","create|do_effect","local_behavior"
"d/wudu/obj/ganchai.c","item","ITEM","create|fire","local_behavior|lifecycle_or_spawn|source_relative"
"d/wudu/obj/ganggou.c","weapon","SWORD","create","source_relative"
"d/wudu/obj/hulu.c","drink|item","ITEM|F_LIQUID","create","source_relative"
"d/wudu/obj/huluobu.c","food|item","ITEM|F_FOOD","create","source_relative"
"d/wudu/obj/huoba.c","weapon","SWORD","create","source_relative"
"d/wudu/obj/jiandao.c","weapon","SWORD","create","source_relative"
"d/wudu/obj/jiedudan.c","item","ITEM","create|do_effect","local_behavior|source_relative"
"d/wudu/obj/jinfenggou.c","weapon","SWORD","create","source_relative"
"d/wudu/obj/jinsheduye.c","item","ITEM","create|do_effect","local_behavior"
"d/wudu/obj/jinyi.c","armor","CLOTH","create","source_relative"
"d/wudu/obj/jitui.c","food|weapon","HAMMER|F_FOOD","create|finish_eat","local_behavior|source_relative|mixed_roles"
"d/wudu/obj/qhcwan.c","drink|item","ITEM|F_LIQUID","create","source_relative"
"d/wudu/obj/qianrizui.c","item","ITEM","create","create_only_review"
"d/wudu/obj/qianzhumiji.c","item","ITEM|F_UNIQUE","setup|init|create|do_du|do_yanjiu|suck|zhugu|wan","local_behavior|identity_or_persistence|random|lifecycle_or_spawn|source_relative"
"d/wudu/obj/shexinzi.c","item","ITEM","create","create_only_review"
"d/wudu/obj/shibing.c","food|item","ITEM|F_FOOD","create","source_relative"
"d/wudu/obj/shourou1.c","food|item","ITEM|F_FOOD","create","source_relative"
"d/wudu/obj/shourou2.c","food|item","ITEM|F_FOOD","create","source_relative"
"d/wudu/obj/tieshao.c","item","ITEM","setup|create","local_behavior"
"d/wudu/obj/tiezhui.c","weapon","HAMMER","create","source_relative"
"d/wudu/obj/tongpai.c","item","ITEM","setup|init|create|do_read","local_behavior"
"d/wudu/obj/tudou.c","food|item","ITEM|F_FOOD","create","source_relative"
"d/wudu/obj/woodjian.c","weapon","SWORD","create","source_relative"
"d/wudu/obj/wuxing.c","item","ITEM","create|do_effect","local_behavior|source_relative"
"d/wudu/obj/xiang.c","item","ITEM","create","create_only_review"
"d/wudu/obj/xingjunsan.c","item","ITEM","create","create_only_review"
"d/wudu/obj/zhulou.c","armor","WAIST","create|is_container","local_behavior|source_relative"
"d/wudu/obj/zhulou2.c","armor","WAIST","create|is_container","local_behavior|random|lifecycle_or_spawn|source_relative"
"d/wuguan/npc/chushi.c","npc","NPC","create|init|do_serve","local_behavior|lifecycle_or_spawn"
"d/wuguan/npc/fan.c","npc","NPC|F_BANKER","create|init","local_behavior"
"d/wuguan/npc/guanjia1.c","npc","NPC","create|init|greeting","local_behavior|lifecycle_or_spawn"
"d/wuguan/npc/guanjia2.c","npc","NPC","create|init|greeting","local_behavior|lifecycle_or_spawn"
"d/wuguan/npc/guanjia3.c","npc","NPC","create|init|greeting","local_behavior|lifecycle_or_spawn"
"d/wuguan/npc/guanjia5.c","npc","NPC","create|init|greeting","local_behavior|lifecycle_or_spawn"
"d/wuguan/npc/guanjia6.c","npc","NPC","create|init|greeting","local_behavior|lifecycle_or_spawn"
"d/wuguan/npc/guojing.c","npc","NPC|F_COAGENT","create|init|attempt_apprentice|recognize_apprentice|unconcious","local_behavior|closure|lifecycle_or_spawn"
"d/wuguan/npc/puren1.c","npc","NPC","create","random|lifecycle_or_spawn"
"d/wuguan/npc/wudunru.c","unclassified_review","KNOWER|F_MASTER|F_GUARDER","create|heart_beat|init|do_yun|do_kill|do_join|accept_fight|accept_hit|accept_kill|accept_touxi|recover|receive_damage|receive_wound|unconcious|die","local_behavior|identity_or_persistence|random|closure|lifecycle_or_spawn"
"d/wuguan/npc/wusantong.c","npc","NPC","create|init|recognize_apprentice|greeting","local_behavior|closure|lifecycle_or_spawn"
"d/wuguan/npc/wuxiuwen.c","npc","NPC","create|init|give_tools|accept_object|greeting","local_behavior|closure|lifecycle_or_spawn"
"d/wuguan/npc/yahuan.c","npc","NPC","create","random|lifecycle_or_spawn"
"d/wuguan/npc/yelvqi.c","npc","NPC","create|init|ask_job|do_task|unconcious","local_behavior|random|closure|lifecycle_or_spawn"
"d/wuguan/npc/zhuziliu.c","npc","NPC","create|init|recognize_apprentice|greeting","local_behavior|closure|lifecycle_or_spawn"
"d/wuguan/obj/chaidao.c","weapon","BLADE","create","source_relative"
"d/wuguan/obj/chutou.c","weapon","HAMMER","create","source_relative"
"d/wuguan/obj/juzi.c","weapon","BLADE","create","source_relative"
"d/wuguan/obj/piao.c","weapon","HAMMER","create","source_relative"
"d/wuguan/obj/rice.c","food|item","ITEM|F_FOOD","create","source_relative"
"d/wuguan/obj/saozhou.c","weapon","HAMMER","create","source_relative"
"d/wuguan/obj/tea.c","drink|item","ITEM|F_LIQUID","create","source_relative"
"d/xiakedao/npc/boy.c","npc","NPC","create","lifecycle_or_spawn"
"d/xiakedao/npc/daoseng.c","npc","NPC","create","lifecycle_or_spawn"
"d/xiakedao/npc/diaoyu.c","npc","NPC","create","lifecycle_or_spawn"
"d/xiakedao/npc/dizi.c","npc","NPC|F_MASTER","create","identity_or_persistence|lifecycle_or_spawn"
"d/xiakedao/npc/dizi1.c","npc","NPC|F_MASTER","create|init|greeting","local_behavior|identity_or_persistence|random|lifecycle_or_spawn"
"d/xiakedao/npc/dizi2.c","npc","NPC|F_MASTER","create|init|greeting","local_behavior|identity_or_persistence|random|lifecycle_or_spawn|source_relative"
"d/xiakedao/npc/dizi3.c","npc","NPC|F_MASTER","create|init|greeting","local_behavior|identity_or_persistence|lifecycle_or_spawn|source_relative"
"d/xiakedao/npc/girl.c","npc","NPC","create","lifecycle_or_spawn"
"d/xiakedao/npc/kid.c","npc","NPC","create","lifecycle_or_spawn"
"d/xiakedao/npc/maliu.c","npc","NPC","create","lifecycle_or_spawn"
"d/xiakedao/npc/obj/baozi.c","food|item","ITEM|F_FOOD","create","source_relative"
"d/xiakedao/npc/obj/bcloth.c","armor","CLOTH","create","source_relative"
"d/xiakedao/npc/obj/jitui.c","food|weapon","HAMMER|F_FOOD","create|finish_eat","local_behavior|source_relative|mixed_roles"
"d/xiakedao/npc/obj/jiudai.c","drink|item","ITEM|F_LIQUID","create","source_relative"
"d/xiakedao/npc/obj/ycloth.c","armor","CLOTH","create","source_relative"
"d/xiakedao/npc/qiaofu.c","npc","NPC","create|accept_object|inquiry_dao","local_behavior|closure|lifecycle_or_spawn"
"d/xiakedao/npc/renter.c","npc","NPC|F_MASTER","create|ask_rent|accept_object|accept_ask|try_to_hire|create_all_helper|remove|move_or_destruct|reset","local_behavior|identity_or_persistence|random|closure|lifecycle_or_spawn"
"d/xiakedao/npc/shipopo.c","npc","NPC|F_UNIQUE","create","identity_or_persistence|lifecycle_or_spawn"
"d/xiakedao/npc/shipotian.c","npc","NPC","create|destroy","local_behavior|lifecycle_or_spawn"
"d/xiakedao/npc/shizhe.c","npc","NPC","create","create_only_review"
"d/xiakedao/npc/sun.c","npc","NPC","create","random|closure|lifecycle_or_spawn"
"d/xiakedao/npc/tongzi.c","npc","NPC|F_MASTER","create","identity_or_persistence"
"d/xiakedao/npc/wangwu.c","npc","NPC","create","lifecycle_or_spawn"
"d/xiakedao/npc/xiaoer2.c","merchant","KNOWER|F_DEALER","create|init|greeting","local_behavior|random|lifecycle_or_spawn|source_relative"
"d/xiakedao/npc/yufu.c","unclassified_review","KNOWER","create","create_only_review"
"d/xiakedao/obj/backleg.c","food|weapon","HAMMER|F_FOOD","create|finish_eat","local_behavior|local_include|source_relative|mixed_roles"
"d/xiakedao/obj/baihongjian.c","weapon","SWORD","create","source_relative"
"d/xiakedao/obj/birddie.c","food|item","ITEM|F_FOOD","create","source_relative"
"d/xiakedao/obj/cao.c","item","ITEM","create|do_effect","local_behavior|source_relative"
"d/xiakedao/obj/forleg.c","food|weapon","HAMMER|F_FOOD","create|finish_eat","local_behavior|local_include|source_relative|mixed_roles"
"d/xiakedao/obj/jiu.c","item","ITEM","init|create|do_drink","local_behavior|random|source_relative"
"d/xiakedao/obj/knife.c","weapon","BLADE","create","source_relative"
"d/xiakedao/obj/lazhu.c","item","ITEM","create|init|dest","local_behavior|lifecycle_or_spawn|source_relative"
"d/xiakedao/obj/mangguo.c","food|item","ITEM|F_FOOD","create","source_relative"
"d/xiakedao/obj/pigdie.c","item","ITEM|F_CUTABLE","create|long","local_behavior|source_relative"
"d/xiakedao/obj/qingcha.c","item","ITEM","create|do_effect","local_behavior|source_relative"
"d/xiakedao/obj/shane-bu.c","armor","NECK","create","source_relative"
"d/xiakedao/obj/shoupa.c","item","ITEM","create","source_relative"
"d/xiakedao/obj/stone.c","item","ITEM","create","source_relative"
"d/xiakedao/obj/tongpai1.c","item","ITEM","create","source_relative"
"d/xiakedao/obj/tongpai2.c","item","ITEM","create","source_relative"
"d/xiakedao/obj/xuantie.c","armor","NECK","create","source_relative"
"d/xiakedao/obj/yezi.c","food|item","ITEM|F_FOOD","create","source_relative"
"d/xiakedao/obj/zhou.c","item","ITEM","create|do_effect","local_behavior|random|source_relative"
"d/xiakedao/obj/zhutou.c","food|weapon","HAMMER|F_FOOD","create|finish_eat","local_behavior|local_include|source_relative|mixed_roles"
"d/xiangyang/npc/biaotou.c","npc","NPC","create","lifecycle_or_spawn"
"d/xiangyang/npc/bing.c","npc","NPC","create|init|accept_fight","local_behavior|lifecycle_or_spawn"
"d/xiangyang/npc/boy.c","npc","NPC","create","lifecycle_or_spawn"
"d/xiangyang/npc/gaoli.c","npc|merchant","NPC|F_DEALER","create|init","local_behavior|lifecycle_or_spawn"
"d/xiangyang/npc/girl.c","npc","NPC","create","lifecycle_or_spawn"
"d/xiangyang/npc/guo.c","npc","NPC","create|ask_rong","local_behavior|lifecycle_or_spawn"
"d/xiangyang/npc/guofu.c","npc","NPC|F_MASTER","create","identity_or_persistence|lifecycle_or_spawn"
"d/xiangyang/npc/huangzhen.c","npc","NPC|F_BANKER","create|init|do_join|do_unjoin|do_decide|do_yao","local_behavior|closure|lifecycle_or_spawn"
"d/xiangyang/npc/jia.c","npc","NPC","create","lifecycle_or_spawn"
"d/xiangyang/npc/jiading.c","npc","NPC","create","lifecycle_or_spawn"
"d/xiangyang/npc/kid.c","npc","NPC","create","lifecycle_or_spawn"
"d/xiangyang/npc/laoxiansheng.c","npc","NPC","create|recognize_apprentice|accept_object","local_behavior"
"d/xiangyang/npc/menggubing.c","npc","NPC","create","lifecycle_or_spawn"
"d/xiangyang/npc/mujiang.c","npc|merchant","NPC|F_VENDOR","create|init","local_behavior|lifecycle_or_spawn|source_relative"
"d/xiangyang/npc/obj/mudao.c","weapon","BLADE","create","source_relative"
"d/xiangyang/npc/obj/mugun.c","weapon","CLUB","create","source_relative"
"d/xiangyang/npc/obj/mujian.c","weapon","SWORD","create","source_relative"
"d/xiangyang/npc/pi.c","npc","NPC","create|init","local_behavior|random|lifecycle_or_spawn"
"d/xiangyang/npc/pian.c","npc","NPC","create|init","local_behavior|random|lifecycle_or_spawn"
"d/xiangyang/npc/poorman.c","npc","NPC","create","closure|lifecycle_or_spawn"
"d/xiangyang/npc/qiuhang.c","npc|merchant","NPC|F_DEALER","create|init|die","local_behavior|lifecycle_or_spawn"
"d/xiangyang/npc/shaofanshifu.c","npc|merchant","NPC|F_DEALER","create","lifecycle_or_spawn"
"d/xiangyang/npc/shudianboss.c","npc|merchant","NPC|F_VENDOR","create|init","local_behavior|lifecycle_or_spawn"
"d/xiangyang/npc/smith.c","unclassified_review","""/inherit/char/smith.c""","create","closure|lifecycle_or_spawn"
"d/xiangyang/npc/tuolei.c","npc","NPC|F_MASTER","create","identity_or_persistence|lifecycle_or_spawn"
"d/xiangyang/npc/wang.c","npc","NPC","create","lifecycle_or_spawn"
"d/xiangyang/npc/wudunru.c","unclassified_review","KNOWER","create","lifecycle_or_spawn"
"d/xiangyang/npc/wusantong.c","npc","NPC","create","lifecycle_or_spawn"
"d/xiangyang/npc/wuxiuwen.c","npc","NPC","create|ask_me_1|ask_me_2","local_behavior|closure|lifecycle_or_spawn"
"d/xiangyang/npc/xiaoer2.c","merchant","KNOWER|F_DEALER","create|init|greeting","local_behavior|random|lifecycle_or_spawn"
"d/xiangyang/npc/ya.c","npc","NPC","create|init","local_behavior|random|lifecycle_or_spawn"
"d/xiangyang/npc/yelvqi.c","npc","NPC","create","lifecycle_or_spawn"
"d/xiangyang/npc/zhuziliu.c","npc","NPC","create","lifecycle_or_spawn"
"d/xiangyang/npc/zuo.c","npc","NPC","create|init","local_behavior|random|lifecycle_or_spawn"
"d/xiangyang/obj/rice.c","food|item","ITEM|F_FOOD","create","source_relative"
"d/xiangyang/obj/soup.c","drink|item","ITEM|F_LIQUID","create","source_relative"
"d/xiaoyao/npc/mengmianr.c","npc","NPC","create","lifecycle_or_spawn|source_relative"
"d/xiaoyao/npc/obj/blade.c","weapon","BLADE","create","source_relative"
"d/xiaoyao/npc/obj/cloth.c","armor","CLOTH","create","source_relative"
"d/xiaoyao/npc/wangyuyan.c","npc","NPC","create|long|accept_hit|accept_fight|accept_kill","local_behavior|lifecycle_or_spawn|source_relative"
"d/xiaoyao/obj/blade.c","weapon","BLADE","create","source_relative"
"d/xiaoyao/obj/bowl.c","drink|item","ITEM|F_LIQUID","create","source_relative"
"d/xiaoyao/obj/menghan_yao.c","stack","COMBINED_ITEM","create","source_relative"
"d/xiaoyao/obj/putuan.c","item","ITEM","create|is_container","local_behavior|source_relative"
"d/xiaoyao/obj/rice.c","food|item","ITEM|F_FOOD","create","source_relative"
"d/xiyu/npc/afanti.c","npc","NPC","create|accept_object","local_behavior|random|lifecycle_or_spawn"
"d/xiyu/npc/alamuhan.c","npc","NPC","create","lifecycle_or_spawn"
"d/xiyu/npc/bing.c","npc","NPC","create|init|accept_fight","local_behavior|lifecycle_or_spawn"
"d/xiyu/npc/boshou.c","npc","NPC","create","lifecycle_or_spawn"
"d/xiyu/npc/caihua.c","npc","NPC","create|init|greeting|attempt_apprentice|accept_object","local_behavior|lifecycle_or_spawn"
"d/xiyu/npc/caiyaoren.c","npc","NPC","create","random|lifecycle_or_spawn"
"d/xiyu/npc/gushou.c","npc","NPC","create","lifecycle_or_spawn"
"d/xiyu/npc/haoshou.c","npc","NPC","create","lifecycle_or_spawn"
"d/xiyu/npc/herdsman.c","npc","NPC","create","random|lifecycle_or_spawn"
"d/xiyu/npc/kid.c","npc","NPC","create","lifecycle_or_spawn"
"d/xiyu/npc/maimaiti.c","npc|merchant","NPC|F_DEALER","create|init|greeting","local_behavior|random|lifecycle_or_spawn"
"d/xiyu/npc/shachong.c","npc","NPC","create|die","local_behavior|lifecycle_or_spawn|source_relative"
"d/xiyu/npc/shachongke.c","item","ITEM","create","source_relative"
"d/xiyu/npc/shaonv.c","npc","NPC","create|init|greeting|accept_object","local_behavior|random|lifecycle_or_spawn"
"d/xiyu/npc/trader.c","unclassified_review","KNOWER","create","random|closure|lifecycle_or_spawn"
"d/xiyu/npc/woman.c","npc","NPC","create","lifecycle_or_spawn"
"d/xiyu/npc/wujiang.c","npc","NPC","create|accept_fight","local_behavior|random|lifecycle_or_spawn"
"d/xiyu/obj/bilinzhen.c","weapon","THROWING","create","source_relative"
"d/xiyu/obj/changpao.c","armor","CLOTH","create","source_relative"
"d/xiyu/obj/dongbula.c","item","ITEM","create|init|do_play","local_behavior|random|source_relative"
"d/xiyu/obj/fire.c","item","ITEM","create|init|do_light","local_behavior|source_relative"
"d/xiyu/obj/hamigua.c","food|item","ITEM|F_FOOD","create","source_relative"
"d/xiyu/obj/horse.c","item","ITEM","setup|init|create|do_ride","local_behavior|source_relative"
"d/xiyu/obj/hu.c","drink|item","ITEM|F_LIQUID","create","source_relative"
"d/xiyu/obj/hulu.c","drink|item","ITEM|F_LIQUID","create","source_relative"
"d/xiyu/obj/junfu.c","armor","CLOTH","create","source_relative"
"d/xiyu/obj/lianxindan.c","weapon","THROWING","create","source_relative"
"d/xiyu/obj/menghan_yao.c","stack","COMBINED_ITEM","create","source_relative"
"d/xiyu/obj/nang.c","food|item","ITEM|F_FOOD","create","source_relative"
"d/xiyu/obj/sanxiaosan.c","item","ITEM","create|do_effect","local_behavior|source_relative"
"d/xiyu/obj/shedan.c","item","ITEM","init|create|do_eat","local_behavior"
"d/xiyu/obj/shoutao.c","armor","HANDS","create","source_relative"
"d/xiyu/obj/tongbo.c","item","ITEM","create","source_relative"
"d/xiyu/obj/tonggu.c","item","ITEM","create","source_relative"
"d/xiyu/obj/tonghao.c","item","ITEM","create","source_relative"
"d/xiyu/obj/xxjiudai.c","drink|item","ITEM|F_LIQUID","create","source_relative"
"d/xiyu/obj/xxqingxin-san.c","item","ITEM","create|do_effect","local_behavior|source_relative"
"d/xiyu/obj/yangrou.c","food|item","ITEM|F_FOOD","create","source_relative"
"d/xiyu/obj/yaochu.c","weapon","HAMMER","create","source_relative"
"d/xiyu/shamo1.c","unclassified_review","""/d/xiyu/shamo""","valid_leave","local_behavior"
"d/xiyu/shamo10.c","unclassified_review","""/d/xiyu/shamo""","valid_leave","local_behavior"
"d/xiyu/shamo2.c","unclassified_review","""/d/xiyu/shamo""","","local_behavior"
"d/xiyu/shamo3.c","unclassified_review","""/d/xiyu/shamo""","","local_behavior"
"d/xiyu/shamo4.c","unclassified_review","""/d/xiyu/shamo.c""","","local_behavior"
"d/xiyu/shamo5.c","unclassified_review","""/d/xiyu/shamo""","","local_behavior"
"d/xiyu/shamo6.c","unclassified_review","""/d/xiyu/shamo""","","local_behavior"
"d/xiyu/shamo7.c","unclassified_review","""/d/xiyu/shamo""","","local_behavior"
"d/xiyu/shamo8.c","unclassified_review","""/d/xiyu/shamo""","","local_behavior"
"d/xiyu/shamo9.c","unclassified_review","""/d/xiyu/shamo""","","local_behavior"
"d/xuedao/npc/caiyaoren.c","npc","NPC","create","random|lifecycle_or_spawn"
"d/xuedao/npc/x_lama.c","npc","NPC","create","lifecycle_or_spawn"
"d/xuedao/npc/yangzong.c","npc","NPC","create|init|greeting","local_behavior|lifecycle_or_spawn"
"d/xuedao/npc/zhuoma.c","unclassified_review","KNOWER","create|init|greeting","local_behavior|lifecycle_or_spawn"
"d/xuedao/obj/dachang.c","armor","CLOTH","create","source_relative"
"d/xueshan/npc/seng-bing1.c","npc","NPC","create|init","local_behavior|lifecycle_or_spawn"
"d/xueshan/npc/turou.c","food|item","ITEM|F_FOOD","create","source_relative"
"d/xueshan/npc/x_lama.c","npc","NPC","create","lifecycle_or_spawn"
"d/xueshan/npc/x_lama1.c","npc","NPC","create","lifecycle_or_spawn"
"d/xueshan/npc/xiang-ke.c","npc","NPC","create","create_only_review"
"d/xueshan/npc/xiaoer2.c","merchant","KNOWER|F_DEALER","create|init|greeting","local_behavior|random|lifecycle_or_spawn"
"d/xueshan/npc/zhike.c","unclassified_review","KNOWER","create","random|lifecycle_or_spawn"
"d/xueshan/obj/b-jiasha.c","armor","CLOTH","create","source_relative"
"d/xueshan/obj/c-jiasha.c","armor","CLOTH","create","source_relative"
"d/xueshan/obj/cha.c","item","ITEM","create|do_effect","local_behavior|source_relative"
"d/xueshan/obj/falun.c","weapon","HAMMER","create","source_relative"
"d/xueshan/obj/gangchu.c","weapon","HAMMER","create","source_relative"
"d/xueshan/obj/gushan.c","weapon","DAGGER","create","source_relative"
"d/xueshan/obj/jinlun.c","weapon","HAMMER","create","source_relative"
"d/xueshan/obj/mugun.c","weapon","STAFF","create","source_relative"
"d/xueshan/obj/nailao.c","food|item","ITEM|F_FOOD","create","source_relative"
"d/xueshan/obj/niupidai.c","drink|item","ITEM|F_LIQUID","create","source_relative"
"d/xueshan/obj/p-jiasha.c","armor","CLOTH","create","source_relative"
"d/xueshan/obj/qingke-m.c","food|item","ITEM|F_FOOD","create","source_relative"
"d/xueshan/obj/r-jiasha.c","armor","CLOTH","create","source_relative"
"d/xueshan/obj/senggun.c","weapon","STAFF","create","source_relative"
"d/xueshan/obj/sengmao.c","armor","HEAD","create","source_relative"
"d/xueshan/obj/xuelian.c","item","ITEM","create|do_effect","local_behavior|source_relative"
"d/xueshan/obj/y-jiasha.c","armor","CLOTH","create","source_relative"
"d/xueshan/obj/yinlun.c","weapon","HAMMER","create","source_relative"
"d/yanziwu/npc/abi.c","npc","NPC","create","lifecycle_or_spawn|source_relative"
"d/yanziwu/npc/azhu.c","npc","NPC","create|inquiry_tanqin|ask_me|recognize_apprentice","local_behavior|closure|lifecycle_or_spawn|source_relative"
"d/yanziwu/npc/bao.c","npc","NPC|F_GUARDER|F_COAGENT","create|attempt_apprentice","local_behavior|lifecycle_or_spawn"
"d/yanziwu/npc/deng.c","npc","NPC|F_GUARDER","create|attempt_apprentice","local_behavior|lifecycle_or_spawn"
"d/yanziwu/npc/feng.c","npc","NPC|F_GUARDER|F_COAGENT","create|attempt_apprentice","local_behavior|lifecycle_or_spawn"
"d/yanziwu/npc/gongye.c","npc","NPC|F_GUARDER","create|attempt_apprentice","local_behavior|lifecycle_or_spawn"
"d/yanziwu/npc/nanpu.c","npc","NPC","create","lifecycle_or_spawn"
"d/yanziwu/npc/obj/changjian.c","weapon","SWORD","create","source_relative"
"d/yanziwu/npc/obj/cloth.c","armor","CLOTH","create","source_relative"
"d/yanziwu/npc/obj/flower_shoe.c","armor","BOOTS","create","source_relative"
"d/yanziwu/npc/obj/goldring.c","armor","HANDS","create","source_relative"
"d/yanziwu/npc/obj/green_cloth.c","armor","CLOTH","create","source_relative"
"d/yanziwu/npc/obj/necklace.c","armor","NECK","create","source_relative"
"d/yanziwu/npc/obj/pink_cloth.c","armor","CLOTH","create","source_relative"
"d/yanziwu/npc/susu.c","npc","NPC","create|init|greeting|serve_tea|reset","local_behavior|random|lifecycle_or_spawn"
"d/yanziwu/npc/yahuan.c","npc","NPC","create|init|greeting","local_behavior|lifecycle_or_spawn"
"d/yanziwu/npc/yufu.c","unclassified_review","KNOWER","create","random|lifecycle_or_spawn"
"d/yanziwu/obj/cha.c","drink|item","ITEM|F_LIQUID","create","source_relative"
"d/yanziwu/obj/cloth.c","armor","CLOTH","create","source_relative"
"d/yanziwu/obj/dodgebook.c","item","ITEM","create","source_relative"
"d/yanziwu/obj/gao.c","food|item","ITEM|F_FOOD","create","source_relative"
"d/yanziwu/obj/heiyugao.c","item","ITEM","create|do_effect","local_behavior|source_relative"
"d/zhongzhou/npc/chushi.c","npc","NPC","create","lifecycle_or_spawn"
"d/zhongzhou/npc/dudajin.c","npc","NPC","create","lifecycle_or_spawn"
"d/zhongzhou/npc/fushang.c","npc","NPC","create","lifecycle_or_spawn"
"d/zhongzhou/npc/guanjia.c","npc","NPC","create","lifecycle_or_spawn"
"d/zhongzhou/npc/gugong.c","npc","NPC","create","lifecycle_or_spawn"
"d/zhongzhou/npc/jiading.c","npc","NPC","create","lifecycle_or_spawn"
"d/zhongzhou/npc/laogugong.c","npc","NPC","create","lifecycle_or_spawn"
"d/zhongzhou/npc/obj/baozi.c","food|item","ITEM|F_FOOD","create","source_relative"
"d/zhongzhou/npc/obj/beixin.c","armor","ARMOR","create","source_relative"
"d/zhongzhou/npc/obj/changjian.c","weapon","SWORD","create","source_relative"
"d/zhongzhou/npc/obj/gangdao.c","weapon","BLADE","create","source_relative"
"d/zhongzhou/npc/obj/goupi.c","armor","CLOTH","create","source_relative"
"d/zhongzhou/npc/obj/jitui.c","food|weapon","HAMMER|F_FOOD","create|finish_eat","local_behavior|source_relative|mixed_roles"
"d/zhongzhou/npc/obj/kusang.c","weapon","STAFF","create","source_relative"
"d/zhongzhou/npc/obj/lingpai.c","weapon","STAFF","create","source_relative"
"d/zhongzhou/npc/obj/yaofang.c","item","ITEM","create","source_relative"
"d/zhongzhou/npc/obj/zhaohun.c","weapon","STAFF","create","source_relative"
"d/zhongzhou/npc/poorman.c","npc","NPC","create","lifecycle_or_spawn"
"d/zhongzhou/npc/qiying.c","npc","NPC","create","create_only_review"
"d/zhongzhou/npc/smith.c","unclassified_review","""/inherit/char/smith.c""","create","lifecycle_or_spawn"
"d/zhongzhou/npc/wupanbing.c","npc|merchant","NPC|F_DEALER","create|init","local_behavior|lifecycle_or_spawn"
"d/zhongzhou/npc/yahuan.c","npc","NPC","create","lifecycle_or_spawn"
"d/zhongzhou/npc/yaodezhong.c","npc","NPC|F_BANKER","create|init","local_behavior|lifecycle_or_spawn"
"d/zhongzhou/npc/yayi.c","npc","NPC","create","lifecycle_or_spawn"
"d/zhongzhou/npc/yitai.c","npc","NPC","create","lifecycle_or_spawn"
"d/zhongzhou/npc/zhaolaoban.c","npc|merchant","NPC|F_DEALER","create|init","local_behavior|lifecycle_or_spawn"
"d/zhongzhou/npc/zhousongtian.c","npc|merchant","NPC|F_DEALER","create|init|unconcious|die","local_behavior|lifecycle_or_spawn"
"kungfu/class/duan/ba.c","npc","NPC|F_MASTER","create|attempt_apprentice","local_behavior|identity_or_persistence|closure|lifecycle_or_spawn|local_include"
"kungfu/class/duan/chu.c","npc","NPC|F_MASTER|F_GUARDER","create|attempt_apprentice","local_behavior|identity_or_persistence|closure|lifecycle_or_spawn|local_include"
"kungfu/class/duan/daobf.c","npc","NPC|F_MASTER","create|attempt_apprentice|recognize_apprentice|ask_skill1","local_behavior|identity_or_persistence|closure|lifecycle_or_spawn|local_include"
"kungfu/class/duan/duanyq.c","npc","NPC","create","closure|lifecycle_or_spawn"
"kungfu/class/duan/duanyu.c","npc","NPC","create|help_girl|accept_fight|accept_hit|accept_kill|unconcious|die|check_enemys","local_behavior|random|closure|lifecycle_or_spawn"
"kungfu/class/duan/duanzc.c","npc","NPC|F_MASTER|F_COAGENT|F_QUESTER","create|attempt_apprentice|ask_skill1|ask_skill2|ask_skill3|ask_skill4|unconcious","local_behavior|identity_or_persistence|closure|lifecycle_or_spawn|local_include"
"kungfu/class/duan/duanzm.c","npc","NPC|F_MASTER","create|attempt_apprentice|ask_skill1|ask_skill2|ask_skill3|ask_skill4|ask_maijing1|ask_maijing2","local_behavior|identity_or_persistence|closure|lifecycle_or_spawn|local_include"
"kungfu/class/duan/fan.c","npc","NPC|F_MASTER","create|attempt_apprentice","local_behavior|identity_or_persistence|closure|lifecycle_or_spawn|local_include"
"kungfu/class/duan/fu.c","npc","NPC|F_MASTER","create|attempt_apprentice","local_behavior|identity_or_persistence|closure|lifecycle_or_spawn|local_include"
"kungfu/class/duan/gao.c","npc","NPC|F_MASTER","create|attempt_apprentice","local_behavior|identity_or_persistence|closure|lifecycle_or_spawn|local_include"
"kungfu/class/duan/gu.c","npc","NPC|F_MASTER","create|attempt_apprentice|recognize_apprentice|ask_skill1","local_behavior|identity_or_persistence|closure|lifecycle_or_spawn|local_include"
"kungfu/class/duan/hua.c","npc","NPC|F_MASTER","create|attempt_apprentice|recognize_apprentice|ask_skill1","local_behavior|identity_or_persistence|closure|lifecycle_or_spawn|local_include"
"kungfu/class/duan/yideng.c","npc","NPC|F_MASTER","create|init|greeting|recognize_apprentice|ask_skill1|ask_skill2","local_behavior|identity_or_persistence|closure|lifecycle_or_spawn|local_include"
"kungfu/class/duan/zhu.c","npc","NPC|F_MASTER","create|attempt_apprentice|recognize_apprentice|ask_skill1","local_behavior|identity_or_persistence|closure|lifecycle_or_spawn|local_include"
"kungfu/class/emei/bei.c","npc","NPC|F_MASTER","create|attempt_apprentice","local_behavior|identity_or_persistence|closure|lifecycle_or_spawn|local_include"
"kungfu/class/emei/dao.c","npc","NPC","create|attempt_apprentice","local_behavior|closure|lifecycle_or_spawn|local_include"
"kungfu/class/emei/daoming.c","npc","NPC","create","lifecycle_or_spawn"
"kungfu/class/emei/ding.c","npc","NPC|F_MASTER","create|attempt_apprentice","local_behavior|identity_or_persistence|closure|lifecycle_or_spawn|local_include"
"kungfu/class/emei/fang.c","npc","NPC|F_MASTER","create|attempt_apprentice","local_behavior|identity_or_persistence|closure|lifecycle_or_spawn|local_include"
"kungfu/class/emei/feng.c","npc","NPC","create|attempt_apprentice|ask_yao|ask_jian","local_behavior|closure|lifecycle_or_spawn|local_include"
"kungfu/class/emei/fengling.c","npc","NPC|F_MASTER","create|attempt_apprentice|ask_skill1|ask_skill2","local_behavior|identity_or_persistence|closure|lifecycle_or_spawn|local_include"
"kungfu/class/emei/guoxiang.c","npc","NPC|F_MASTER","create|attempt_apprentice","local_behavior|identity_or_persistence|closure|lifecycle_or_spawn"
"kungfu/class/emei/he.c","npc","NPC|F_MASTER","create|attempt_apprentice","local_behavior|identity_or_persistence|closure|lifecycle_or_spawn|local_include"
"kungfu/class/emei/hui.c","npc","NPC|F_MASTER","create|attempt_apprentice","local_behavior|identity_or_persistence|closure|lifecycle_or_spawn|local_include"
"kungfu/class/emei/ji.c","npc","NPC","create|attempt_apprentice","local_behavior|closure|lifecycle_or_spawn"
"kungfu/class/emei/jia.c","npc","NPC|F_MASTER","create|attempt_apprentice","local_behavior|identity_or_persistence|closure|lifecycle_or_spawn|local_include"
"kungfu/class/emei/kong.c","npc","NPC|F_MASTER","create|attempt_apprentice","local_behavior|identity_or_persistence|closure|lifecycle_or_spawn|local_include"
"kungfu/class/emei/li.c","npc","NPC|F_MASTER","create|attempt_apprentice|ask_back|back_to_startroom","local_behavior|identity_or_persistence|closure|lifecycle_or_spawn|local_include"
"kungfu/class/emei/ling.c","npc","NPC|F_MASTER","create|attempt_apprentice","local_behavior|identity_or_persistence|closure|lifecycle_or_spawn|local_include"
"kungfu/class/emei/miejue.c","npc","NPC|F_MASTER|F_QUESTER|F_COAGENT","create|attempt_apprentice|ask_for_quit|ask_skill1|ask_skill2|ask_skill3|ask_skill4|ask_skill5|ask_skill6|ask_skill7|ask_skill8|ask_skill9|unconcious","local_behavior|identity_or_persistence|closure|lifecycle_or_spawn|local_include"
"kungfu/class/emei/su.c","npc","NPC|F_MASTER","create|attempt_apprentice","local_behavior|identity_or_persistence|closure|lifecycle_or_spawn|local_include"
"kungfu/class/emei/wenfang.c","npc","NPC","create","lifecycle_or_spawn"
"kungfu/class/emei/wenhui.c","npc","NPC","create|init|greeting","local_behavior|lifecycle_or_spawn"
"kungfu/class/emei/wenqing.c","npc","NPC","create|init|greeting","local_behavior|lifecycle_or_spawn"
"kungfu/class/emei/wenyin.c","npc","NPC","create","lifecycle_or_spawn"
"kungfu/class/emei/xian.c","npc","NPC|F_MASTER","create|attempt_apprentice","local_behavior|identity_or_persistence|closure|lifecycle_or_spawn|local_include"
"kungfu/class/emei/xin.c","npc","NPC|F_GUARDER|F_MASTER","create|attempt_apprentice","local_behavior|identity_or_persistence|closure|lifecycle_or_spawn|local_include"
"kungfu/class/emei/xu.c","npc","NPC|F_MASTER","create|attempt_apprentice","local_behavior|identity_or_persistence|closure|lifecycle_or_spawn|local_include"
"kungfu/class/emei/xuan.c","npc","NPC|F_MASTER","create|attempt_apprentice","local_behavior|identity_or_persistence|closure|lifecycle_or_spawn|local_include"
"kungfu/class/emei/zhao.c","npc","NPC|F_MASTER","create|attempt_apprentice","local_behavior|identity_or_persistence|closure|lifecycle_or_spawn|local_include"
"kungfu/class/emei/zhen.c","npc","NPC|F_MASTER","create|attempt_apprentice","local_behavior|identity_or_persistence|closure|lifecycle_or_spawn|local_include"
"kungfu/class/emei/zhou.c","npc","NPC|F_MASTER","create|attempt_apprentice","local_behavior|identity_or_persistence|closure|lifecycle_or_spawn|local_include"
"kungfu/class/gaibang/ada.c","npc","NPC|F_MASTER","create|attempt_apprentice|accept_fight|recognize_apprentice|ask_skill1|ask_skill2|ask_skill3","local_behavior|identity_or_persistence|closure|lifecycle_or_spawn"
"kungfu/class/gaibang/bai.c","npc","NPC|F_MASTER","create|attempt_apprentice|ask_skill1","local_behavior|identity_or_persistence|closure|lifecycle_or_spawn|local_include"
"kungfu/class/gaibang/hong.c","npc","NPC|F_MASTER|F_COAGENT","create|attempt_apprentice|recognize_apprentice|try_to_learn_db|try_to_learn_ds|ask_skill1|ask_skill2|ask_skill3|ask_skill4|ask_skill5|ask_skill6|ask_skill7|ask_skill8|ask_skill9|ask_skill10|ask_skill11|ask_me|accept_object|unconcious","local_behavior|identity_or_persistence|closure|lifecycle_or_spawn|local_include"
"kungfu/class/gaibang/jian.c","npc","NPC|F_MASTER|F_QUESTER|F_COAGENT","create|attempt_apprentice|ask_me|accept_object|unconcious","local_behavior|identity_or_persistence|random|closure|lifecycle_or_spawn|local_include"
"kungfu/class/gaibang/li.c","npc","NPC|F_MASTER|F_GUARDER","create|attempt_apprentice|ask_skill1|ask_skill2","local_behavior|identity_or_persistence|closure|lifecycle_or_spawn|local_include"
"kungfu/class/gaibang/liang.c","npc","NPC|F_MASTER|F_COAGENT","create|attempt_apprentice","local_behavior|identity_or_persistence|closure|lifecycle_or_spawn|local_include"
"kungfu/class/gaibang/lu.c","npc","NPC|F_MASTER|F_GUARDER","create|attempt_apprentice","local_behavior|identity_or_persistence|closure|lifecycle_or_spawn|local_include"
"kungfu/class/gaibang/ma.c","npc","NPC|F_MASTER|F_COAGENT","create|attempt_apprentice|ask_skill1","local_behavior|identity_or_persistence|closure|lifecycle_or_spawn|local_include"
"kungfu/class/gaibang/peng.c","npc","NPC|F_MASTER|F_GUARDER","create|attempt_apprentice|ask_skill1","local_behavior|identity_or_persistence|closure|lifecycle_or_spawn|local_include"
"kungfu/class/gaibang/quan.c","npc","NPC|F_MASTER|F_GUARDER","create|attempt_apprentice","local_behavior|identity_or_persistence|closure|lifecycle_or_spawn|local_include"
"kungfu/class/gaibang/wu.c","npc","NPC|F_MASTER|F_COAGENT","create|attempt_apprentice|ask_skill1|ask_skill2","local_behavior|identity_or_persistence|closure|lifecycle_or_spawn|local_include"
"kungfu/class/gaibang/xi.c","npc","NPC|F_MASTER|F_COAGENT","create|attempt_apprentice|ask_skill1","local_behavior|identity_or_persistence|closure|lifecycle_or_spawn|local_include"
"kungfu/class/generate/capturenpc1.c","unclassified_review","CLASS_D ( ""generate"" ) + ""/chinese""","create|accept_fight|accept_hit|accept_kill|accept_ansuan|accept_touxi|random_move|remove|die","local_behavior|random|closure|lifecycle_or_spawn"
"kungfu/class/generate/capturenpc2.c","unclassified_review","CLASS_D ( ""generate"" ) + ""/chinese""","create|accept_fight|accept_hit|accept_kill|accept_ansuan|accept_touxi|random_move|remove|die","local_behavior|random|closure|lifecycle_or_spawn"
"kungfu/class/generate/capturenpc3.c","unclassified_review","CLASS_D ( ""generate"" ) + ""/chinese""","create|accept_fight|accept_hit|accept_kill|accept_ansuan|accept_touxi|random_move|remove|die","local_behavior|random|closure|lifecycle_or_spawn"
"kungfu/class/generate/chinese.c","npc","NPC","create|from_wudang|from_shaolin|from_huashan|from_ouyang|from_gaibang|from_taohua|from_gumu|from_xingxiu|from_xueshan|from_xuedao|from_xiaoyao|from_shenlong|from_kunlun|from_yaowang|from_wudu|from_lingxiao|from_tiezhang|from_zhenyuan|from_wudang1|from_shaolin1|from_shaolin2|from_shaolin3|from_shaolin4|from_taohua1|from_xueshan1|from_xiaoyao1|from_emei|from_xuanming|from_mingjiao|from_lingjiu|from_honghua|from_quanzhen|from_quanzhen1|from_riyue|from_song|from_murong|from_murong1|from_hengshan|from_pixie","local_behavior|random|closure|lifecycle_or_spawn"
"kungfu/class/generate/demon.c","unclassified_review","CLASS_D ( ""generate"" ) + ""/chinese""","is_stay_in_room|create|set_from_me|kill_ob|die|accept_fight|accept_hit|accept_kill|random_move|init","local_behavior|random|closure|lifecycle_or_spawn"
"kungfu/class/generate/english.c","unclassified_review","CHALLENGER","create|challenge|unconcious|competition_with|lost","local_behavior|random|closure|lifecycle_or_spawn"
"kungfu/class/generate/european.c","unclassified_review","CHALLENGER","create|challenge|unconcious|competition_with|lost","local_behavior|random|closure|lifecycle_or_spawn"
"kungfu/class/generate/girl.c","npc","NPC","create|set_owner|long|do_name|do_nick|accept_ask|accept_object|accept_ansuan|accept_touxi|accept_fight|accept_hit|accept_kill|relay_emote|scan|description|query_autoload|autoload|move_or_destruct","local_behavior|random|closure|lifecycle_or_spawn"
"kungfu/class/generate/helper.c","unclassified_review","CLASS_D ( ""generate"" ) + ""/chinese""","create|init_man|kill_ob|accept_fight|accept_hit|accept_kill|destruct_by_owner|destruct_me|scan","local_behavior|random|closure|lifecycle_or_spawn"
"kungfu/class/generate/indian.c","unclassified_review","CHALLENGER","create|challenge|unconcious|competition_with|lost","local_behavior|random|closure|lifecycle_or_spawn"
"kungfu/class/generate/japanese.c","unclassified_review","CHALLENGER","create|challenge|unconcious|competition_with","local_behavior|random|closure|lifecycle_or_spawn"
"kungfu/class/generate/killed.c","unclassified_review","CLASS_D ( ""generate"" ) + ""/chinese""","is_stay_in_room|create|set_from_me|kill_ob|do_help_me|do_continue_help|filter_to_bonus|remove|random_place|unconcious|die|accept_fight|accept_hit|accept_kill|random_move","local_behavior|random|closure|lifecycle_or_spawn"
"kungfu/class/generate/killed_super.c","unclassified_review","CLASS_D ( ""generate"" ) + ""/super""","is_stay_in_room|create|set_from_me|kill_ob|do_help_me|do_continue_help|filter_to_bonus|remove|random_place|unconcious|die|accept_fight|accept_hit|accept_kill|random_move","local_behavior|random|closure|lifecycle_or_spawn"
"kungfu/class/generate/killer.c","unclassified_review","CLASS_D ( ""generate"" ) + ""/chinese""","create|set_from_me|accept_fight|accept_hit|accept_kill|accept_ansuan|accept_touxi|unconcious","local_behavior|random|lifecycle_or_spawn"
"kungfu/class/generate/questnpc.c","unclassified_review","CLASS_D ( ""generate"" ) + ""/chinese""","create|accept_fight|accept_hit|accept_kill|random_move|remove|die","local_behavior|random|closure|lifecycle_or_spawn"
"kungfu/class/generate/receiver.c","unclassified_review","CLASS_D ( ""generate"" ) + ""/chinese""","create|set_from_me|accept_fight|accept_hit|random_move|accept_object|destruct_me","local_behavior|random|closure|lifecycle_or_spawn"
"kungfu/class/generate/shennpc.c","unclassified_review","CLASS_D ( ""generate"" ) + ""/chinese""","create|accept_fight|accept_hit|accept_kill|accept_ansuan|accept_touxi|random_move|remove|die","local_behavior|random|closure|lifecycle_or_spawn"
"kungfu/class/generate/spekilled.c","unclassified_review","CLASS_D ( ""generate"" ) + ""/chinese""","is_stay_in_room|filter_listener|create|set_from_me|accept_fight|accept_hit|accept_kill|accept_ansuan|accept_touxi|die|random_move|init","local_behavior|random|closure|lifecycle_or_spawn"
"kungfu/class/generate/super.c","npc","NPC","create|from_jiuyin|from_jiuyang|from_liumai|from_taixuan|from_jiujian|from_kuihua|from_jiuyin1|from_xianglong|from_pixie|from_lingbo|from_hubo","local_behavior|random|closure|lifecycle_or_spawn"
"kungfu/class/generate/tracenpc.c","unclassified_review","CLASS_D ( ""generate"" ) + ""/chinese""","create|move|give_intercession|unconcious","local_behavior|random|closure|lifecycle_or_spawn"
"kungfu/class/gumu/li.c","npc","NPC|F_MASTER|F_QUESTER","create|do_look|attempt_apprentice|accept_ask|ask_zhen|reset","local_behavior|identity_or_persistence|random|closure|lifecycle_or_spawn|local_include"
"kungfu/class/gumu/lin.c","npc","NPC|F_MASTER|F_QUESTER","create|attempt_apprentice|accept_ask|ask_xinjing|unconcious","local_behavior|identity_or_persistence|closure|lifecycle_or_spawn|local_include"
"kungfu/class/gumu/longnv.c","npc","NPC|F_MASTER|F_COAGENT","create|attempt_apprentice|ask_zhen|accept_ask|reset|unconcious","local_behavior|identity_or_persistence|random|closure|lifecycle_or_spawn|local_include"
"kungfu/class/gumu/yang.c","npc","NPC|F_MASTER|F_GUARDER","create|attempt_apprentice|teach_sad|accept_ask|unconcious","local_behavior|identity_or_persistence|closure|lifecycle_or_spawn|local_include"
"kungfu/class/hell/dizangwang.c","npc","NPC","create|init|greeting|attempt_apprentice","local_behavior|lifecycle_or_spawn"
"kungfu/class/henshan/liu.c","npc","NPC|F_MASTER|F_GUARDER|F_COAGENT","create|attempt_apprentice|accept_ask|init","local_behavior|identity_or_persistence|closure|lifecycle_or_spawn|local_include"
"kungfu/class/henshan/lu.c","npc","NPC|F_MASTER","create|attempt_apprentice|accept_ask","local_behavior|identity_or_persistence|closure|lifecycle_or_spawn|local_include"
"kungfu/class/henshan/mi.c","npc","NPC|F_MASTER|F_GUARDER","create|attempt_apprentice|accept_ask","local_behavior|identity_or_persistence|closure|lifecycle_or_spawn|local_include"
"kungfu/class/henshan/mo.c","npc","NPC|F_MASTER|F_QUESTER|F_COAGENT","create|attempt_apprentice|accept_ask|unconcious","local_behavior|identity_or_persistence|closure|lifecycle_or_spawn|local_include"
"kungfu/class/henshan/xiang.c","npc","NPC|F_MASTER","create|attempt_apprentice|accept_ask","local_behavior|identity_or_persistence|closure|lifecycle_or_spawn|local_include"
"kungfu/class/honghua/chang1.c","npc","NPC|F_MASTER","create|attempt_apprentice|ask_skill1","local_behavior|identity_or_persistence|closure|lifecycle_or_spawn|local_include"
"kungfu/class/honghua/chang2.c","npc","NPC|F_MASTER","create|attempt_apprentice","local_behavior|identity_or_persistence|closure|lifecycle_or_spawn|local_include"
"kungfu/class/honghua/chen.c","npc","NPC|F_MASTER|F_COAGENT","create|attempt_apprentice|try_to_learn_quan|ask_skill1|ask_skill2|ask_skill3|ask_skill4|ask_skill5|ask_skill6|ask_jiansuo","local_behavior|identity_or_persistence|closure|lifecycle_or_spawn|local_include"
"kungfu/class/honghua/jiang.c","npc","NPC|F_MASTER|F_GUARDER","create|attempt_apprentice|hit_ob|kill_ob","local_behavior|identity_or_persistence|closure|lifecycle_or_spawn|local_include"
"kungfu/class/honghua/lu.c","npc","NPC|F_MASTER|F_COAGENT","create|attempt_apprentice|recognize_apprentice|ask_skill1|ask_skill2|ask_skill3|ask_zhen|ask_jian","local_behavior|identity_or_persistence|closure|lifecycle_or_spawn"
"kungfu/class/honghua/luo.c","npc","NPC|F_MASTER","create|attempt_apprentice|ask_skill1","local_behavior|identity_or_persistence|closure|lifecycle_or_spawn|local_include"
"kungfu/class/honghua/shi.c","npc","NPC|F_MASTER","create|attempt_apprentice","local_behavior|identity_or_persistence|closure|lifecycle_or_spawn|local_include"
"kungfu/class/honghua/wen.c","npc","NPC|F_MASTER|F_QUESTER|F_GUARDER","create|attempt_apprentice|ask_skill1|unconcious","local_behavior|identity_or_persistence|closure|lifecycle_or_spawn|local_include"
"kungfu/class/honghua/wuchen.c","npc","NPC|F_MASTER|F_COAGENT","create|attempt_apprentice|ask_skill1|ask_skill2|ask_skill3","local_behavior|identity_or_persistence|closure|lifecycle_or_spawn|local_include"
"kungfu/class/honghua/yang.c","npc","NPC|F_MASTER|F_GUARDER","create|attempt_apprentice|hit_ob|kill_ob","local_behavior|identity_or_persistence|closure|lifecycle_or_spawn|local_include"
"kungfu/class/honghua/yu.c","npc","NPC|F_MASTER|F_GUARDER","create|attempt_apprentice","local_behavior|identity_or_persistence|closure|lifecycle_or_spawn|local_include"
"kungfu/class/honghua/zhao.c","npc","NPC|F_MASTER|F_COAGENT","create|attempt_apprentice|ask_skill1|ask_bi","local_behavior|identity_or_persistence|closure|lifecycle_or_spawn|local_include"
"kungfu/class/hu/cheng.c","npc","NPC","create|recognize_apprentice","local_behavior|lifecycle_or_spawn"
"kungfu/class/hu/hufei.c","npc","NPC|F_MASTER|F_COAGENT|F_QUESTER","create|attempt_apprentice|try_to_learn_baishengdao|try_to_learn_hujiadao|try_to_learn_sixiangbu|ask_skill1|ask_skill2|ask_skill3|ask_skill4|ask_skill5|ask_skill6|ask_skill7|ask_skill8|ask_skill9|ask_skill10|ask_skill11|ask_baodao|ask_jundao|ask_quanjing|ask_daopu|unconcious","local_behavior|identity_or_persistence|closure|lifecycle_or_spawn|local_include"
"kungfu/class/hu/huyizhi.c","npc","NPC|F_MASTER","create|ask_me|accept_ask","local_behavior|identity_or_persistence|closure|lifecycle_or_spawn"
"kungfu/class/hu/pingsi.c","npc","NPC|F_GUARDER","create|ask_me","local_behavior|closure|lifecycle_or_spawn"
"kungfu/class/huashan/ai-laozhe.c","npc","NPC|F_MASTER","create|attempt_apprentice","local_behavior|identity_or_persistence|closure|lifecycle_or_spawn|local_include"
"kungfu/class/huashan/cheng-buyou.c","npc","NPC|F_MASTER","create|attempt_apprentice|accept_ask|learn_kuangfeng|unconcious","local_behavior|identity_or_persistence|closure|lifecycle_or_spawn"
"kungfu/class/huashan/cong-buqi.c","npc","NPC|F_MASTER","create|attempt_apprentice","local_behavior|identity_or_persistence|closure|lifecycle_or_spawn"
"kungfu/class/huashan/feng-buping.c","npc","NPC|F_MASTER|F_GUARDER","create|accept_ask|attempt_apprentice","local_behavior|identity_or_persistence|closure|lifecycle_or_spawn"
"kungfu/class/huashan/feng.c","npc","NPC|F_MASTER","create|teach_lonely_sword|attempt_apprentice|check_skill|recognize_apprentice|accept_ask","local_behavior|identity_or_persistence|random|closure|lifecycle_or_spawn"
"kungfu/class/huashan/gao-laozhe.c","npc","NPC|F_MASTER","create|attempt_apprentice","local_behavior|identity_or_persistence|closure|lifecycle_or_spawn|local_include"
"kungfu/class/huashan/lao.c","npc","NPC|F_GUARDER|F_MASTER","create|permit_pass|attempt_apprentice|accept_ask|unconcious","local_behavior|identity_or_persistence|closure|lifecycle_or_spawn|local_include"
"kungfu/class/huashan/linghu.c","npc","NPC|F_MASTER","create|recognize_apprentice|attempt_apprentice|ask_me|reset|unconcious|learn_chongling","local_behavior|identity_or_persistence|closure|lifecycle_or_spawn|local_include"
"kungfu/class/huashan/yue-buqun.c","npc","NPC|F_MASTER|F_COAGENT|F_QUESTER","is_bad|is_good|create|check_weapon|unwield_weapon|attempt_apprentice|do_recruit|recruit_apprentice|reset|do_xunshan|accept_ask|unconcious","local_behavior|identity_or_persistence|random|closure|lifecycle_or_spawn|local_include"
"kungfu/class/huashan/yue-wife.c","npc","NPC|F_MASTER","create|attempt_apprentice|do_recruit|recruit_apprentice|reset|accept_ask|unconcious","local_behavior|identity_or_persistence|closure|lifecycle_or_spawn|local_include"
"kungfu/class/jueqing/chi.c","npc","NPC|F_MASTER|F_QUESTER","create|attempt_apprentice|accept_ask|unconcious","local_behavior|identity_or_persistence|closure|lifecycle_or_spawn|local_include"
"kungfu/class/jueqing/fan.c","npc","NPC|F_MASTER|F_GUARDER","create|attempt_apprentice|accept_ask|unconcious","local_behavior|identity_or_persistence|closure|lifecycle_or_spawn|local_include"
"kungfu/class/jueqing/zhi.c","npc","NPC|F_MASTER|F_QUESTER|F_COAGENT","create|attempt_apprentice|accept_ask|unconcious","local_behavior|identity_or_persistence|closure|lifecycle_or_spawn|local_include"
"kungfu/class/kunlun/banshuxian.c","npc","NPC|F_MASTER|F_GUARDER","create|attempt_apprentice|ask_skill1|ask_skill2","local_behavior|identity_or_persistence|closure|lifecycle_or_spawn|local_include"
"kungfu/class/kunlun/gaozecheng.c","npc","NPC|F_MASTER","create|attempt_apprentice","local_behavior|identity_or_persistence|closure|lifecycle_or_spawn|local_include"
"kungfu/class/kunlun/hetaichong.c","npc","NPC|F_MASTER|F_COAGENT|F_QUESTER","create|attempt_apprentice|ask_skill1|ask_skill2|ask_skill3|ask_skill4|ask_skill5|ask_jian|ask_jing|unconcious","local_behavior|identity_or_persistence|closure|lifecycle_or_spawn|local_include"
"kungfu/class/kunlun/hezudao.c","npc","NPC|F_MASTER","create|attempt_apprentice|ask_skill1|ask_skill2|ask_skill3|ask_skill4|ask_jian|accept_object|init|greeting","local_behavior|identity_or_persistence|random|closure|lifecycle_or_spawn|local_include"
"kungfu/class/kunlun/jiangtao.c","npc","NPC|F_MASTER","create|attempt_apprentice","local_behavior|identity_or_persistence|closure|lifecycle_or_spawn|local_include"
"kungfu/class/kunlun/weisiniang.c","npc","NPC|F_MASTER","create|attempt_apprentice","local_behavior|identity_or_persistence|closure|lifecycle_or_spawn|local_include"
"kungfu/class/kunlun/xihuazi.c","npc","NPC|F_MASTER|F_GUARDER","create|attempt_apprentice","local_behavior|identity_or_persistence|closure|lifecycle_or_spawn|local_include"
"kungfu/class/kunlun/zhanchun.c","npc","NPC|F_MASTER","create|attempt_apprentice","local_behavior|identity_or_persistence|closure|lifecycle_or_spawn|local_include"
"kungfu/class/lingjiu/cheng.c","npc","NPC|F_MASTER","create|attempt_apprentice","local_behavior|identity_or_persistence|closure|lifecycle_or_spawn|local_include"
"kungfu/class/lingjiu/duanmu.c","npc","NPC|F_MASTER|F_QUESTER","create|recognize_apprentice|ask_me|attempt_apprentice|unconcious","local_behavior|identity_or_persistence|closure|lifecycle_or_spawn|local_include"
"kungfu/class/lingjiu/fumingyi.c","npc","NPC|F_MASTER","create|attempt_apprentice","local_behavior|identity_or_persistence|closure|lifecycle_or_spawn|local_include"
"kungfu/class/lingjiu/jujian.c","npc","NPC|F_MASTER|F_GUARDER","create|attempt_apprentice","local_behavior|identity_or_persistence|closure|lifecycle_or_spawn|local_include"
"kungfu/class/lingjiu/lanjian.c","npc","NPC|F_MASTER|F_GUARDER","create|attempt_apprentice","local_behavior|identity_or_persistence|closure|lifecycle_or_spawn|local_include"
"kungfu/class/lingjiu/li.c","npc","NPC|F_MASTER|F_QUESTER","create|recognize_apprentice|ask_skill|ask_skill2|attempt_apprentice|unconcious","local_behavior|identity_or_persistence|closure|lifecycle_or_spawn|local_include"
"kungfu/class/lingjiu/meijian.c","npc","NPC|F_MASTER|F_GUARDER","create|attempt_apprentice","local_behavior|identity_or_persistence|closure|lifecycle_or_spawn|local_include"
"kungfu/class/lingjiu/sang.c","npc","NPC|F_MASTER|F_QUESTER","create|recognize_apprentice|ask_skill|ask_me|attempt_apprentice","local_behavior|identity_or_persistence|closure|lifecycle_or_spawn|local_include"
"kungfu/class/lingjiu/shisao.c","npc","NPC|F_MASTER","create|attempt_apprentice","local_behavior|identity_or_persistence|closure|lifecycle_or_spawn|local_include"
"kungfu/class/lingjiu/xuzhu.c","npc","NPC|F_MASTER|F_COAGENT|F_QUESTER","create|attempt_apprentice|ask_skill1|ask_skill2|ask_skill3|ask_skill4|ask_skill5|ask_skill6|ask_skill7|ask_skill8|unconcious","local_behavior|identity_or_persistence|closure|lifecycle_or_spawn|local_include"
"kungfu/class/lingjiu/yupopo.c","npc","NPC|F_MASTER","create|attempt_apprentice","local_behavior|identity_or_persistence|closure|lifecycle_or_spawn|local_include"
"kungfu/class/lingjiu/zhujian.c","npc","NPC|F_MASTER|F_GUARDER","create|attempt_apprentice","local_behavior|identity_or_persistence|closure|lifecycle_or_spawn|local_include"
"kungfu/class/lingjiu/zhuo.c","npc","NPC|F_MASTER|F_QUESTER","create|recognize_apprentice|ask_me|attempt_apprentice|unconcious","local_behavior|identity_or_persistence|closure|lifecycle_or_spawn|local_include"
"kungfu/class/lingjiu/zuo.c","npc","NPC|F_MASTER|F_QUESTER","create|recognize_apprentice|ask_me|attempt_apprentice|unconcious","local_behavior|identity_or_persistence|closure|lifecycle_or_spawn|local_include"
"kungfu/class/lingxiao/baiwanjian.c","npc","NPC|F_MASTER|F_QUESTER|F_COAGENT","create|attempt_apprentice|ask_skill1|ask_skill2|ask_skill3|ask_skill4|ask_skill5|ask_skill6|unconcious","local_behavior|identity_or_persistence|closure|lifecycle_or_spawn|local_include"
"kungfu/class/lingxiao/baizizai.c","npc","NPC|F_MASTER|F_COAGENT","create|attempt_apprentice|ask_skill1|ask_skill2","local_behavior|identity_or_persistence|closure|lifecycle_or_spawn|local_include"
"kungfu/class/lingxiao/gengwanzhong.c","npc","NPC|F_MASTER","create|attempt_apprentice","local_behavior|identity_or_persistence|closure|lifecycle_or_spawn|local_include"
"kungfu/class/lingxiao/huawanzi.c","npc","NPC|F_MASTER","create|attempt_apprentice","local_behavior|identity_or_persistence|closure|lifecycle_or_spawn|local_include"
"kungfu/class/lingxiao/huyanwanshan.c","npc","NPC|F_MASTER","create|attempt_apprentice","local_behavior|identity_or_persistence|closure|lifecycle_or_spawn|local_include"
"kungfu/class/lingxiao/kewanjun.c","npc","NPC|F_MASTER","create|attempt_apprentice","local_behavior|identity_or_persistence|closure|lifecycle_or_spawn|local_include"
"kungfu/class/lingxiao/luwantong.c","npc","NPC|F_MASTER|F_GUARDER","create|attempt_apprentice","local_behavior|identity_or_persistence|closure|lifecycle_or_spawn|local_include"
"kungfu/class/lingxiao/shipopo.c","npc","NPC|F_MASTER","create|attempt_apprentice|ask_skill1","local_behavior|identity_or_persistence|closure|lifecycle_or_spawn|local_include"
"kungfu/class/lingxiao/shiqing.c","npc","NPC","create|recognize_apprentice|ask_skill1|ask_skill2|ask_jian","local_behavior|closure|lifecycle_or_spawn"
"kungfu/class/lingxiao/wangwanren.c","npc","NPC|F_MASTER","create|attempt_apprentice","local_behavior|identity_or_persistence|closure|lifecycle_or_spawn|local_include"
"kungfu/class/lingxiao/wenwanfu.c","npc","NPC|F_MASTER","create|attempt_apprentice|kill_ob","local_behavior|identity_or_persistence|closure|lifecycle_or_spawn|local_include"
"kungfu/class/lingxiao/zhangwanfeng.c","npc","NPC|F_MASTER","create|attempt_apprentice","local_behavior|identity_or_persistence|closure|lifecycle_or_spawn|local_include"
"kungfu/class/meizhuang/danqing.c","npc","NPC|F_MASTER","create|attempt_apprentice|ask_skill1|ask_riyue","local_behavior|identity_or_persistence|closure|lifecycle_or_spawn|local_include"
"kungfu/class/meizhuang/ding.c","npc","NPC|F_MASTER|F_GUARDER","create|attempt_apprentice|ask_skill1","local_behavior|identity_or_persistence|closure|lifecycle_or_spawn|local_include"
"kungfu/class/meizhuang/heibai.c","npc","NPC|F_MASTER|F_QUESTER|F_COAGENT","create|attempt_apprentice|ask_skill1|ask_skill2|ask_skill3|ask_qipan|ask_riyue|accept_object|unconcious","local_behavior|identity_or_persistence|closure|lifecycle_or_spawn|local_include"
"kungfu/class/meizhuang/huang.c","npc","NPC|F_MASTER|F_COAGENT","create|attempt_apprentice|ask_skill1|ask_skill2|ask_skill3|ask_xiao|ask_qin|ask_riyue|accept_object","local_behavior|identity_or_persistence|closure|lifecycle_or_spawn|local_include"
"kungfu/class/meizhuang/tubi.c","npc","NPC|F_MASTER","create|attempt_apprentice|ask_skill1|ask_skill2|ask_riyue","local_behavior|identity_or_persistence|closure|lifecycle_or_spawn|local_include"
"kungfu/class/miao/lan.c","npc","NPC","create|attempt_apprentice","local_behavior|lifecycle_or_spawn"
"kungfu/class/miao/miao.c","npc","NPC|F_MASTER|F_COAGENT|F_QUESTER","create|attempt_apprentice|try_to_learn_miaojiajian|try_to_learn_tianlongjian|try_to_learn_chongtianzhang|ask_skill1|ask_skill2|ask_skill3|ask_skill4|ask_skill5|ask_skill6|ask_skill7|ask_skill8|ask_skill9|ask_skill10|ask_jian|ask_jianpu1|ask_jianpu2|unconcious","local_behavior|identity_or_persistence|closure|lifecycle_or_spawn|local_include"
"kungfu/class/miao/neng.c","npc","NPC","create|attempt_apprentice","local_behavior|lifecycle_or_spawn"
"kungfu/class/miao/wen.c","npc","NPC|F_GUARDER","create|attempt_apprentice","local_behavior|lifecycle_or_spawn"
"kungfu/class/miao/ying.c","npc","NPC","create|attempt_apprentice","local_behavior|lifecycle_or_spawn"
"kungfu/class/mingjiao/daijisi.c","npc","NPC|F_MASTER|F_GUARDER|F_COAGENT","create|attempt_apprentice|accept_ask|unconcious","local_behavior|identity_or_persistence|closure|lifecycle_or_spawn|local_include"
"kungfu/class/mingjiao/fanyao.c","npc","NPC|F_COAGENT|F_GUARDER","create|unconcious","local_behavior|closure|lifecycle_or_spawn|local_include"
"kungfu/class/mingjiao/lengqian.c","npc","NPC|F_MASTER|F_GUARDER|F_COAGENT","create|attempt_apprentice|accept_ask|unconcious","local_behavior|identity_or_persistence|closure|lifecycle_or_spawn|local_include"
"kungfu/class/mingjiao/weiyixiao.c","npc","NPC|F_MASTER|F_GUARDER|F_COAGENT","create|attempt_apprentice|accept_ask|unconcious","local_behavior|identity_or_persistence|closure|lifecycle_or_spawn|local_include"
"kungfu/class/mingjiao/xiaozhao.c","npc","NPC|F_UNIQUE|F_GUARDER","create|ask_wuji|ask_jian|ask_gold|ask_ge|ask_qiankun","local_behavior|identity_or_persistence|random|closure|lifecycle_or_spawn"
"kungfu/class/mingjiao/xiexun.c","npc","NPC|F_MASTER|F_GUARDER|F_COAGENT","create|attempt_apprentice|accept_ask|unconcious","local_behavior|identity_or_persistence|closure|lifecycle_or_spawn|local_include"
"kungfu/class/mingjiao/yangxiao.c","npc","NPC|F_COAGENT|F_MASTER|F_GUARDER","create|attempt_apprentice|accept_ask|unconcious","local_behavior|identity_or_persistence|closure|lifecycle_or_spawn|local_include"
"kungfu/class/mingjiao/yintianzheng.c","npc","NPC|F_MASTER|F_GUARDER|F_COAGENT","create|attempt_apprentice|accept_ask|unconcious","local_behavior|identity_or_persistence|closure|lifecycle_or_spawn|local_include"
"kungfu/class/mingjiao/zhangwuji.c","npc","NPC|F_MASTER|F_COAGENT|F_QUESTER","create|attempt_apprentice|accept_ask|unconcious","local_behavior|identity_or_persistence|closure|lifecycle_or_spawn|local_include"
"kungfu/class/misc/beihai.c","npc","NPC","create|fight_ob|accept_fight|accept_kill|accept_hit|hit_ob|unconcious|die|random_move","local_behavior|random|closure|lifecycle_or_spawn"
"kungfu/class/misc/chongxu.c","unclassified_review","""/inherit/char/punisher""","create","closure|lifecycle_or_spawn"
"kungfu/class/misc/donghai.c","npc","NPC","create|fight_ob|accept_fight|accept_kill|accept_hit|hit_ob|unconcious|die|random_move","local_behavior|random|closure|lifecycle_or_spawn"
"kungfu/class/misc/duansh.c","unclassified_review","""/inherit/char/punisher""","create","closure|lifecycle_or_spawn"
"kungfu/class/misc/fangsheng.c","unclassified_review","""/inherit/char/punisher""","create","closure|lifecycle_or_spawn"
"kungfu/class/misc/furen.c","unclassified_review","""/inherit/char/punisher""","create","closure|lifecycle_or_spawn"
"kungfu/class/misc/guoxiang.c","unclassified_review","""/inherit/char/punisher""","create","closure|lifecycle_or_spawn"
"kungfu/class/misc/hongri.c","unclassified_review","""/inherit/char/punisher""","create","closure|lifecycle_or_spawn"
"kungfu/class/misc/houwang.c","npc","NPC","create|accept_object|accept_fight|fight_ob|accept_kill|accept_hit|hit_ob|unconcious","local_behavior|random|closure|lifecycle_or_spawn"
"kungfu/class/misc/huyidao.c","unclassified_review","""/inherit/char/punisher""","create","closure|lifecycle_or_spawn"
"kungfu/class/misc/laodao.c","unclassified_review","""/inherit/char/punisher""","create","closure|lifecycle_or_spawn"
"kungfu/class/misc/laonu.c","unclassified_review","""/inherit/char/punisher""","create","closure|lifecycle_or_spawn"
"kungfu/class/misc/laoseng.c","unclassified_review","""/inherit/char/punisher""","create","closure|lifecycle_or_spawn"
"kungfu/class/misc/liqiushui.c","unclassified_review","""/inherit/char/punisher""","create","closure|lifecycle_or_spawn"
"kungfu/class/misc/murenqing.c","unclassified_review","""/inherit/char/punisher""","create","closure|lifecycle_or_spawn"
"kungfu/class/misc/nanhai.c","npc","NPC","create|fight_ob|accept_fight|accept_kill|accept_hit|hit_ob|unconcious|die|random_move","local_behavior|random|closure|lifecycle_or_spawn"
"kungfu/class/misc/niutou.c","npc","NPC","create|fight_ob|accept_fight|accept_kill|accept_hit|hit_ob|unconcious|die|random_move","local_behavior|random|closure|lifecycle_or_spawn"
"kungfu/class/misc/popo.c","unclassified_review","""/inherit/char/punisher""","create","closure|lifecycle_or_spawn"
"kungfu/class/misc/shangguan.c","npc","NPC|F_MASTER|F_GUARDER|F_COAGENT","create","identity_or_persistence|lifecycle_or_spawn"
"kungfu/class/misc/shanzheng.c","npc","NPC","create|move|accept_ask|give_intercession|cancel_follow|do_back|unconcious|die","local_behavior|random|closure|lifecycle_or_spawn"
"kungfu/class/misc/taogu.c","unclassified_review","""/inherit/char/punisher""","create","closure|lifecycle_or_spawn"
"kungfu/class/misc/tonglao.c","unclassified_review","""/inherit/char/punisher""","create","closure|lifecycle_or_spawn"
"kungfu/class/misc/wangjiantong.c","unclassified_review","""/inherit/char/punisher""","create","closure|lifecycle_or_spawn"
"kungfu/class/misc/xiaoxian.c","unclassified_review","""/inherit/char/punisher""","create","closure|lifecycle_or_spawn"
"kungfu/class/misc/xuxiake.c","npc","NPC","create|ask_map","local_behavior|closure|lifecycle_or_spawn"
"kungfu/class/misc/yuwanting.c","unclassified_review","""/inherit/char/punisher""","create","closure|lifecycle_or_spawn"
"kungfu/class/misc/zhang.c","npc","NPC","create|init|do_halt|fight_ob|accept_fight|accept_kill|accept_hit|start_catch|catch_ob|attack|unconcious|die|scan","local_behavior|lifecycle_or_spawn"
"kungfu/class/misc/zhong.c","unclassified_review","""/inherit/char/punisher""","create","closure|lifecycle_or_spawn"
"kungfu/class/murong/longcheng.c","npc","NPC","create|attempt_apprentice|ask_me","local_behavior|closure|lifecycle_or_spawn"
"kungfu/class/murong/murongbo.c","npc","NPC|F_MASTER|F_QUESTER|F_COAGENT","create|attempt_apprentice|try_learn_sk|try_learn_chz|accept_ask|unconcious","local_behavior|identity_or_persistence|closure|lifecycle_or_spawn|local_include"
"kungfu/class/murong/murongfu.c","npc","NPC|F_MASTER|F_GUARDER|F_COAGENT","create|attempt_apprentice|accept_ask|unconcious","local_behavior|identity_or_persistence|closure|lifecycle_or_spawn|local_include"
"kungfu/class/none/libai.c","npc|merchant","NPC|F_DEALER|F_QUESTER","create|init","local_behavior|identity_or_persistence|closure|lifecycle_or_spawn"
"kungfu/class/ouyang/ouyangfeng.c","npc","NPC|F_MASTER|F_COAGENT|F_QUESTER","create|recognize_apprentice|attempt_apprentice|ask_skill1|ask_skill2|ask_skill3|ask_music_book|ask_zhang|reset|unconcious","local_behavior|identity_or_persistence|random|closure|lifecycle_or_spawn|local_include"
"kungfu/class/ouyang/ouyangke.c","npc","F_MASTER|F_UNIQUE|NPC","create|init|greeting|attempt_apprentice|accept_fight|accept_object|do_back|ask_shenshe|recognize_apprentice|reset","local_behavior|identity_or_persistence|random|closure|lifecycle_or_spawn|local_include"
"kungfu/class/quanzhen/chen.c","npc","NPC|F_MASTER","create|attempt_apprentice","local_behavior|identity_or_persistence|closure|lifecycle_or_spawn|local_include"
"kungfu/class/quanzhen/cheng.c","npc","NPC|F_MASTER","create|attempt_apprentice","local_behavior|identity_or_persistence|closure|lifecycle_or_spawn|local_include"
"kungfu/class/quanzhen/cui.c","npc","NPC|F_MASTER","create|attempt_apprentice","local_behavior|identity_or_persistence|closure|lifecycle_or_spawn|local_include"
"kungfu/class/quanzhen/fang.c","npc","NPC|F_MASTER","create|attempt_apprentice","local_behavior|identity_or_persistence|closure|lifecycle_or_spawn|local_include"
"kungfu/class/quanzhen/hao.c","npc","NPC|F_MASTER","create|attempt_apprentice|ask_skill1","local_behavior|identity_or_persistence|closure|lifecycle_or_spawn|local_include"
"kungfu/class/quanzhen/ji.c","npc","NPC|F_MASTER","create|attempt_apprentice","local_behavior|identity_or_persistence|closure|lifecycle_or_spawn"
"kungfu/class/quanzhen/li.c","npc","NPC|F_MASTER","create|attempt_apprentice","local_behavior|identity_or_persistence|closure|lifecycle_or_spawn|local_include"
"kungfu/class/quanzhen/liu.c","npc","NPC|F_MASTER","create|attempt_apprentice|ask_skill1","local_behavior|identity_or_persistence|closure|lifecycle_or_spawn|local_include"
"kungfu/class/quanzhen/ma.c","npc","NPC|F_MASTER|F_COAGENT|F_QUESTER","create|attempt_apprentice|ask_skill1|unconcious","local_behavior|identity_or_persistence|closure|lifecycle_or_spawn|local_include"
"kungfu/class/quanzhen/pi.c","npc","NPC|F_MASTER","create|attempt_apprentice","local_behavior|identity_or_persistence|closure|lifecycle_or_spawn"
"kungfu/class/quanzhen/qi.c","npc","NPC|F_MASTER","create|attempt_apprentice","local_behavior|identity_or_persistence|closure|lifecycle_or_spawn|local_include"
"kungfu/class/quanzhen/qiu.c","npc","NPC|F_MASTER|F_GUARDER","create|init|greeting|check_body|attempt_apprentice|ask_skill1","local_behavior|identity_or_persistence|closure|lifecycle_or_spawn|local_include"
"kungfu/class/quanzhen/shen.c","npc","NPC|F_MASTER","create|attempt_apprentice","local_behavior|identity_or_persistence|closure|lifecycle_or_spawn|local_include"
"kungfu/class/quanzhen/sun.c","npc","NPC|F_MASTER","create|attempt_apprentice|ask_skill1","local_behavior|identity_or_persistence|closure|lifecycle_or_spawn|local_include"
"kungfu/class/quanzhen/tan.c","npc","NPC|F_MASTER","create|attempt_apprentice|ask_skill1","local_behavior|identity_or_persistence|closure|lifecycle_or_spawn|local_include"
"kungfu/class/quanzhen/wang.c","npc","NPC|F_MASTER","create|attempt_apprentice|ask_skill1|ask_skill2|ask_skill3|ask_skill4|ask_skill5|unconcious","local_behavior|identity_or_persistence|closure|lifecycle_or_spawn|local_include"
"kungfu/class/quanzhen/wangchuyi.c","npc","NPC|F_MASTER|F_COAGENT","create|attempt_apprentice|ask_skill1|ask_skill2","local_behavior|identity_or_persistence|closure|lifecycle_or_spawn|local_include"
"kungfu/class/quanzhen/wangzhi.c","npc","NPC|F_MASTER","create|attempt_apprentice","local_behavior|identity_or_persistence|closure|lifecycle_or_spawn|local_include"
"kungfu/class/quanzhen/yin.c","npc","NPC|F_MASTER","create|attempt_apprentice|ask_skill1|ask_skill2|ask_skill3","local_behavior|identity_or_persistence|closure|lifecycle_or_spawn|local_include"
"kungfu/class/quanzhen/zhang.c","npc","NPC|F_MASTER","create|attempt_apprentice","local_behavior|identity_or_persistence|closure|lifecycle_or_spawn|local_include"
"kungfu/class/quanzhen/zhao.c","npc","NPC|F_MASTER","create|attempt_apprentice","local_behavior|identity_or_persistence|closure|lifecycle_or_spawn|local_include"
"kungfu/class/quanzhen/zhou.c","npc","NPC|F_MASTER","create|attempt_apprentice|recognize_apprentice|ask_skill1|ask_skill2|accept_fight|win|lost","local_behavior|identity_or_persistence|random|closure|lifecycle_or_spawn|local_include"
"kungfu/class/riyue/dongfang/changpao.c","armor","CLOTH","create","source_relative"
"kungfu/class/riyue/dongfang/dongfang.c","npc","NPC|F_MASTER","create|recognize_apprentice|ask_kuihua|teach_kuihua|ask_skill1|ask_skill2|ask_skill3|ask_skill4|ask_skill5|unconcious","local_behavior|identity_or_persistence|random|closure|lifecycle_or_spawn|local_include|source_relative"
"kungfu/class/riyue/dongfang/zhen.c","weapon","PIN","create","source_relative"
"kungfu/class/riyue/fan.c","npc","NPC|F_MASTER","create|attempt_apprentice|recognize_apprentice|ask_fu|ask_skill1","local_behavior|identity_or_persistence|closure|lifecycle_or_spawn|local_include"
"kungfu/class/riyue/feng.c","npc","NPC|F_MASTER","create|attempt_apprentice|recognize_apprentice|ask_gun|ask_skill1|ask_back|up1|up2","local_behavior|identity_or_persistence|closure|lifecycle_or_spawn|local_include|source_relative"
"kungfu/class/riyue/huang.c","npc","NPC|F_MASTER","create|attempt_apprentice","local_behavior|identity_or_persistence|closure|lifecycle_or_spawn"
"kungfu/class/riyue/jia.c","npc","NPC|F_MASTER","create|attempt_apprentice|ask_skill1","local_behavior|identity_or_persistence|closure|lifecycle_or_spawn|local_include"
"kungfu/class/riyue/qin.c","npc","NPC|F_MASTER","create|attempt_apprentice|ask_skill1","local_behavior|identity_or_persistence|closure|lifecycle_or_spawn|local_include"
"kungfu/class/riyue/qu.c","npc","NPC|F_GUARDER|F_COAGENT","create|init|attempt_apprentice","local_behavior|closure|lifecycle_or_spawn|local_include"
"kungfu/class/riyue/ren.c","npc","NPC|F_MASTER|F_COAGENT","create|attempt_apprentice|try_to_learn_xixingdafa|ask_skill1|ask_skill2|ask_skill3|ask_skill4|ask_skill5","local_behavior|identity_or_persistence|closure|lifecycle_or_spawn|local_include"
"kungfu/class/riyue/sang.c","npc","NPC|F_MASTER","create|attempt_apprentice|ask_me|ask_skill1|ask_skill2|ask_skill3","local_behavior|identity_or_persistence|closure|lifecycle_or_spawn|local_include"
"kungfu/class/riyue/shangguan.c","npc","NPC|F_MASTER","create|attempt_apprentice|ask_skill1|ask_skill2|ask_skill3","local_behavior|identity_or_persistence|closure|lifecycle_or_spawn|local_include"
"kungfu/class/riyue/tong.c","npc","NPC|F_MASTER","create|attempt_apprentice","local_behavior|identity_or_persistence|closure|lifecycle_or_spawn|local_include"
"kungfu/class/riyue/wang.c","npc","NPC|F_MASTER|F_GUARDER","create|attempt_apprentice","local_behavior|identity_or_persistence|closure|lifecycle_or_spawn|local_include"
"kungfu/class/riyue/xiang.c","npc","NPC|F_MASTER|F_QUESTER","create|attempt_apprentice|ask_bian|ask_skill1|ask_skill2|unconcious","local_behavior|identity_or_persistence|closure|lifecycle_or_spawn|local_include"
"kungfu/class/riyue/ying.c","npc","NPC|F_MASTER","create|attempt_apprentice|init|greeting","local_behavior|identity_or_persistence|random|closure|lifecycle_or_spawn|local_include"
"kungfu/class/riyue/yun.c","npc","NPC|F_MASTER","create|attempt_apprentice|recognize_apprentice","local_behavior|identity_or_persistence|closure|lifecycle_or_spawn|local_include"
"kungfu/class/riyue/zhao.c","npc","NPC|F_MASTER","create|attempt_apprentice|recognize_apprentice","local_behavior|identity_or_persistence|closure|lifecycle_or_spawn|local_include"
"kungfu/class/shang/ming.c","npc","NPC|F_MASTER|F_COAGENT|F_QUESTER","create|attempt_apprentice|ask_skill1|ask_skill2|ask_skill3|ask_skill4|ask_skill5|ask_skill6|ask_skill7|ask_dao|give_letter|unconcious","local_behavior|identity_or_persistence|closure|lifecycle_or_spawn|local_include"
"kungfu/class/shang/tai.c","npc","NPC|F_MASTER","create|attempt_apprentice|try_to_learn_waibagua|ask_skill1|ask_skill2|ask_skill3|ask_skill4","local_behavior|identity_or_persistence|closure|lifecycle_or_spawn|local_include"
"kungfu/class/shang/zhen.c","npc","NPC|F_GUARDER","create|attempt_apprentice","local_behavior|closure|lifecycle_or_spawn|local_include"
"kungfu/class/shaolin/cheng-guan.c","npc","NPC|F_MASTER","create","identity_or_persistence|lifecycle_or_spawn|local_include"
"kungfu/class/shaolin/cheng-he.c","npc","NPC|F_MASTER","create","identity_or_persistence|lifecycle_or_spawn|local_include"
"kungfu/class/shaolin/cheng-ji.c","npc","NPC|F_MASTER","create","identity_or_persistence|lifecycle_or_spawn|local_include"
"kungfu/class/shaolin/cheng-jian.c","npc","NPC|F_MASTER","create","identity_or_persistence|lifecycle_or_spawn|local_include"
"kungfu/class/shaolin/cheng-jing.c","npc","NPC|F_MASTER","create","identity_or_persistence|lifecycle_or_spawn|local_include"
"kungfu/class/shaolin/cheng-ling.c","npc","NPC|F_MASTER","create","identity_or_persistence|lifecycle_or_spawn|local_include"
"kungfu/class/shaolin/cheng-mie.c","npc","NPC|F_MASTER","create","identity_or_persistence|lifecycle_or_spawn|local_include"
"kungfu/class/shaolin/cheng-ming.c","npc","NPC|F_MASTER","create","identity_or_persistence|lifecycle_or_spawn|local_include"
"kungfu/class/shaolin/cheng-shang.c","npc","NPC|F_MASTER","create","identity_or_persistence|lifecycle_or_spawn|local_include"
"kungfu/class/shaolin/cheng-shi.c","npc","NPC|F_MASTER","create","identity_or_persistence|lifecycle_or_spawn|local_include"
"kungfu/class/shaolin/cheng-si.c","npc","NPC|F_MASTER","create","identity_or_persistence|lifecycle_or_spawn|local_include"
"kungfu/class/shaolin/cheng-xin.c","npc","NPC|F_MASTER","create","identity_or_persistence|lifecycle_or_spawn|local_include"
"kungfu/class/shaolin/cheng-xin2.c","npc","NPC|F_MASTER","create","identity_or_persistence|lifecycle_or_spawn|local_include"
"kungfu/class/shaolin/cheng-xing.c","npc","NPC|F_MASTER","create","identity_or_persistence|lifecycle_or_spawn|local_include"
"kungfu/class/shaolin/cheng-yi.c","npc","NPC|F_MASTER","create","identity_or_persistence|lifecycle_or_spawn|local_include"
"kungfu/class/shaolin/cheng-yu.c","npc","NPC|F_MASTER","create","identity_or_persistence|lifecycle_or_spawn|local_include"
"kungfu/class/shaolin/cheng-zhi.c","npc","NPC|F_MASTER","create","identity_or_persistence|lifecycle_or_spawn|local_include"
"kungfu/class/shaolin/cheng-zhi2.c","npc","NPC|F_MASTER","create","identity_or_persistence|lifecycle_or_spawn|local_include"
"kungfu/class/shaolin/da-mo.c","npc","NPC|F_MASTER","create|attempt_apprentice|ask_qingxin|ask_luan|ask_shang|ask_zhe|accept_ask","local_behavior|identity_or_persistence|closure|lifecycle_or_spawn|local_include"
"kungfu/class/shaolin/dao-chen.c","npc","NPC|F_MASTER","create|ask_me","local_behavior|identity_or_persistence|closure|lifecycle_or_spawn|local_include"
"kungfu/class/shaolin/dao-cheng.c","npc","NPC|F_MASTER","create","identity_or_persistence|lifecycle_or_spawn|local_include"
"kungfu/class/shaolin/dao-guo.c","npc","NPC|F_MASTER","create|init|repairing_1|repairing_2|repairing_3|repairing_4|do_back|ask_me","local_behavior|identity_or_persistence|random|closure|lifecycle_or_spawn|local_include"
"kungfu/class/shaolin/dao-jue.c","npc","NPC|F_MASTER","create","identity_or_persistence|lifecycle_or_spawn|local_include"
"kungfu/class/shaolin/dao-pin.c","npc","NPC|F_MASTER","create","identity_or_persistence|lifecycle_or_spawn|local_include"
"kungfu/class/shaolin/dao-xiang.c","npc","NPC|F_MASTER","create|ask_me_1|ask_me_2","local_behavior|identity_or_persistence|closure|lifecycle_or_spawn|local_include"
"kungfu/class/shaolin/dao-xiang2.c","npc","NPC|F_MASTER","create|ask_me_1","local_behavior|identity_or_persistence|closure|lifecycle_or_spawn|local_include"
"kungfu/class/shaolin/dao-yi.c","npc","NPC","create","lifecycle_or_spawn|local_include"
"kungfu/class/shaolin/dao-zheng.c","npc","NPC|F_MASTER","create","identity_or_persistence|lifecycle_or_spawn|local_include"
"kungfu/class/shaolin/du-e.c","npc","NPC|F_MASTER","create|ask_me|accept_object","local_behavior|identity_or_persistence|closure|lifecycle_or_spawn|local_include"
"kungfu/class/shaolin/du-jie.c","npc","NPC|F_MASTER","create|ask_me|accept_object","local_behavior|identity_or_persistence|closure|lifecycle_or_spawn|local_include"
"kungfu/class/shaolin/du-nan.c","npc","NPC|F_MASTER","create|ask_me|accept_object","local_behavior|identity_or_persistence|closure|lifecycle_or_spawn|local_include"
"kungfu/class/shaolin/du-yuan.c","npc","NPC|F_MASTER","create|ask_me","local_behavior|identity_or_persistence|closure|lifecycle_or_spawn"
"kungfu/class/shaolin/hui-he.c","npc","NPC|F_MASTER","create|ask_me","local_behavior|identity_or_persistence|closure|lifecycle_or_spawn|local_include"
"kungfu/class/shaolin/hui-jie.c","npc","NPC|F_MASTER","create","identity_or_persistence|lifecycle_or_spawn|local_include"
"kungfu/class/shaolin/hui-kong.c","npc","NPC|F_MASTER","create","identity_or_persistence|lifecycle_or_spawn|local_include"
"kungfu/class/shaolin/hui-ming.c","npc","NPC|F_MASTER","create","identity_or_persistence|lifecycle_or_spawn|local_include"
"kungfu/class/shaolin/hui-ru.c","npc","NPC|F_MASTER","create","identity_or_persistence|lifecycle_or_spawn|local_include"
"kungfu/class/shaolin/hui-se.c","npc","NPC|F_MASTER","create","identity_or_persistence|lifecycle_or_spawn|local_include"
"kungfu/class/shaolin/hui-xiu.c","npc","NPC|F_MASTER","create","identity_or_persistence|lifecycle_or_spawn|local_include"
"kungfu/class/shaolin/hui-xu.c","npc","NPC|F_MASTER","create","identity_or_persistence|lifecycle_or_spawn|local_include"
"kungfu/class/shaolin/hui-zhen.c","npc","NPC|F_MASTER","create|init","local_behavior|identity_or_persistence|lifecycle_or_spawn|local_include"
"kungfu/class/shaolin/jue-yuan.c","npc","NPC","create|attempt_apprentice|init|accept_object|recognize_apprentice","local_behavior|closure|lifecycle_or_spawn"
"kungfu/class/shaolin/kong-jian.c","npc","NPC|F_GUARDER","create|attempt_apprentice|recognize_apprentice","local_behavior|closure|lifecycle_or_spawn"
"kungfu/class/shaolin/qing-fa.c","npc","NPC|F_MASTER","create|init|ask_for_join|do_kneel|attempt_apprentice","local_behavior|identity_or_persistence|random|closure|lifecycle_or_spawn|local_include"
"kungfu/class/shaolin/qing-guan.c","npc","NPC","create","lifecycle_or_spawn"
"kungfu/class/shaolin/qing-le.c","npc","NPC","create|ask_me_1|ask_me_2","local_behavior|closure|lifecycle_or_spawn"
"kungfu/class/shaolin/qing-shan.c","npc","NPC","create","lifecycle_or_spawn|local_include"
"kungfu/class/shaolin/qing-wei.c","npc","NPC|F_MASTER","create|attempt_apprentice","local_behavior|identity_or_persistence|lifecycle_or_spawn|local_include"
"kungfu/class/shaolin/qing-wen.c","npc","NPC","create","lifecycle_or_spawn|local_include"
"kungfu/class/shaolin/qing-wu.c","npc","NPC|F_MASTER","create|attempt_apprentice","local_behavior|identity_or_persistence|lifecycle_or_spawn|local_include"
"kungfu/class/shaolin/qing-xiao.c","npc","NPC","create","lifecycle_or_spawn|local_include"
"kungfu/class/shaolin/qing-yuan.c","npc","NPC","create|init|speaking","local_behavior|random|lifecycle_or_spawn"
"kungfu/class/shaolin/tuoboseng.c","npc","NPC","create|accept_object","local_behavior|closure|lifecycle_or_spawn"
"kungfu/class/shaolin/wuming.c","npc","NPC|F_MASTER|F_COAGENT","create|attempt_apprentice|recognize_apprentice|ask_skill1|accept_ask","local_behavior|identity_or_persistence|closure|lifecycle_or_spawn"
"kungfu/class/shaolin/xingzhe.c","npc","NPC","create","closure|lifecycle_or_spawn"
"kungfu/class/shaolin/xu-ming.c","npc","NPC","create","lifecycle_or_spawn"
"kungfu/class/shaolin/xu-tong.c","npc","NPC","create","lifecycle_or_spawn"
"kungfu/class/shaolin/xuan-bei.c","npc","NPC|F_MASTER","create","identity_or_persistence|lifecycle_or_spawn|local_include"
"kungfu/class/shaolin/xuan-ci.c","npc","NPC|F_MASTER|F_QUESTER","create|ask_me|accept_ask","local_behavior|identity_or_persistence|closure|lifecycle_or_spawn|local_include"
"kungfu/class/shaolin/xuan-ji.c","npc","NPC|F_MASTER","create","identity_or_persistence|closure|lifecycle_or_spawn|local_include"
"kungfu/class/shaolin/xuan-ku.c","npc","NPC|F_MASTER","create","identity_or_persistence|closure|lifecycle_or_spawn|local_include"
"kungfu/class/shaolin/xuan-nan.c","npc","NPC|F_MASTER","create","identity_or_persistence|closure|lifecycle_or_spawn|local_include"
"kungfu/class/shaolin/xuan-tong.c","npc","NPC|F_MASTER","create","identity_or_persistence|lifecycle_or_spawn|local_include"
"kungfu/class/shenlong/hong.c","npc","NPC|F_UNIQUE|F_MASTER|F_COAGENT|F_QUESTER","create|do_flatter|die|init|greeting|ask_fei|ask_xian|ask_cui|attempt_apprentice|unconcious","local_behavior|identity_or_persistence|closure|lifecycle_or_spawn|local_include"
"kungfu/class/shenlong/lu.c","npc","NPC|F_UNIQUE|F_MASTER","create|init|greeting|attempt_apprentice|ask_me","local_behavior|identity_or_persistence|random|closure|lifecycle_or_spawn"
"kungfu/class/shenlong/pang.c","npc","NPC|F_UNIQUE","create|attempt_apprentice|init|do_join|unconcious|ask_back","local_behavior|identity_or_persistence|closure|lifecycle_or_spawn"
"kungfu/class/shenlong/shou.c","npc","NPC|F_UNIQUE|F_MASTER","create|attempt_apprentice","local_behavior|identity_or_persistence|lifecycle_or_spawn"
"kungfu/class/shenlong/su.c","npc","NPC|F_UNIQUE|F_MASTER","create|init|greeting|attempt_apprentice","local_behavior|identity_or_persistence|closure|lifecycle_or_spawn|local_include"
"kungfu/class/shenlong/wugen.c","npc","NPC|F_GUARDER","create|init|greeting|attempt_apprentice","local_behavior|lifecycle_or_spawn"
"kungfu/class/shenlong/xu.c","npc","NPC","create|ask_gao|accept_object|attempt_apprentice","local_behavior|closure|lifecycle_or_spawn"
"kungfu/class/shenlong/yin.c","npc","NPC|F_UNIQUE|F_MASTER","create|init|greeting|attempt_apprentice","local_behavior|identity_or_persistence|lifecycle_or_spawn"
"kungfu/class/shenlong/zhang.c","npc","NPC|F_UNIQUE|F_MASTER|F_GUARDER","create|init|greeting|attempt_apprentice","local_behavior|identity_or_persistence|lifecycle_or_spawn"
"kungfu/class/songshan/di.c","npc","NPC|F_MASTER|F_GUARDER","create|attempt_apprentice|accept_ask|unconcious","local_behavior|identity_or_persistence|closure|lifecycle_or_spawn|local_include"
"kungfu/class/songshan/fei.c","npc","NPC|F_MASTER|F_GUARDER|F_COAGENT","create|attempt_apprentice|accept_ask|unconcious","local_behavior|identity_or_persistence|closure|lifecycle_or_spawn|local_include"
"kungfu/class/songshan/yao.c","npc","NPC|F_MASTER|F_GUARDER","create|attempt_apprentice|accept_ask|unconcious","local_behavior|identity_or_persistence|closure|lifecycle_or_spawn|local_include"
"kungfu/class/songshan/yue.c","npc","NPC|F_MASTER|F_GUARDER","create|attempt_apprentice|accept_ask|unconcious","local_behavior|identity_or_persistence|closure|lifecycle_or_spawn|local_include"
"kungfu/class/songshan/zuo.c","npc","NPC|F_MASTER|F_QUESTER|F_COAGENT","create|attempt_apprentice|accept_ask","local_behavior|identity_or_persistence|closure|lifecycle_or_spawn|local_include"
"kungfu/class/tangmen/obj/biao.c","item","ITEM","create","source_relative"
"kungfu/class/tangmen/obj/hua.c","item","ITEM","create","source_relative"
"kungfu/class/tangmen/obj/huihun.c","weapon","THROWING","create","source_relative"
"kungfu/class/tangmen/obj/jie.c","item","ITEM","create","source_relative"
"kungfu/class/tangmen/obj/san.c","item","ITEM","create","source_relative"
"kungfu/class/tangmen/tangrou.c","npc","NPC|F_MASTER","create|attempt_apprentice","local_behavior|identity_or_persistence|closure|lifecycle_or_spawn|local_include"
"kungfu/class/taohua/chen.c","npc","NPC","create|attempt_apprentice|accept_fight|accept_hit|kill_ob","local_behavior|closure|lifecycle_or_spawn"
"kungfu/class/taohua/feng.c","npc","NPC|F_MASTER","create|attempt_apprentice|ask_skill1|ask_learn|ask_provoke|ask_me|unconcious","local_behavior|identity_or_persistence|closure|lifecycle_or_spawn|local_include"
"kungfu/class/taohua/huang.c","npc","NPC|F_MASTER|F_GUARDER|F_QUESTER","create|attempt_apprentice|recognize_apprentice|try_to_learn_count|try_to_learn_bibo|try_to_learn_tanzhi|ask_skill1|ask_skill2|ask_skill3|ask_skill4|ask_skill5|ask_skill6|ask_skill7|ask_skill8|ask_skill9|ask_skill10|ask_leave|ask_book1|ask_book2|ask_book3|ask_book4|ask_yuxiao|ask_zhi|ask_shou|ask_zhang|accept_object|unconcious","local_behavior|identity_or_persistence|random|closure|lifecycle_or_spawn|local_include"
"kungfu/class/taohua/lu.c","npc","NPC|F_MASTER","create|attempt_apprentice|ask_skill1|ask_skill2","local_behavior|identity_or_persistence|closure|lifecycle_or_spawn|local_include"
"kungfu/class/taohua/mei.c","npc","NPC","create|attempt_apprentice|accept_fight|accept_hit|kill_ob|ask_skill|accept_object","local_behavior|closure|lifecycle_or_spawn"
"kungfu/class/taohua/qu.c","npc","NPC|F_MASTER","create|attempt_apprentice|ask_skill1|ask_book1|ask_book2|accept_fight","local_behavior|identity_or_persistence|closure|lifecycle_or_spawn|local_include"
"kungfu/class/taohua/rong.c","npc","NPC|F_MASTER","create|attempt_apprentice","local_behavior|identity_or_persistence|closure|lifecycle_or_spawn|local_include"
"kungfu/class/tianlongsi/bencan.c","npc","NPC|F_MASTER","create","identity_or_persistence|lifecycle_or_spawn|local_include"
"kungfu/class/tianlongsi/benguan.c","npc","NPC|F_MASTER","create","identity_or_persistence|lifecycle_or_spawn|local_include"
"kungfu/class/tianlongsi/benxiang.c","npc","NPC|F_MASTER","create","identity_or_persistence|lifecycle_or_spawn|local_include"
"kungfu/class/tianlongsi/benyin.c","npc","NPC|F_MASTER","create","identity_or_persistence|lifecycle_or_spawn|local_include"
"kungfu/class/tianlongsi/jiumozhi.c","npc","NPC|F_MASTER|F_QUESTER","create|ask_me|ask_skill|accept_object","local_behavior|identity_or_persistence|random|closure|lifecycle_or_spawn"
"kungfu/class/tianlongsi/kurong.c","npc","NPC|F_MASTER","create|remove_killer|recognize_apprentice|ask_me|accept_fight|accept_hit|accept_kill|start_fight|die|close_exit|open_exit","local_behavior|identity_or_persistence|random|closure|lifecycle_or_spawn"
"kungfu/class/tiezhang/fen.c","npc","NPC|F_MASTER|F_GUARDER","create|attempt_apprentice|init|hiting_ob|accept_ask","local_behavior|identity_or_persistence|closure|lifecycle_or_spawn|local_include"
"kungfu/class/tiezhang/qiuqianren.c","npc","NPC|F_MASTER|F_COAGENT|F_QUESTER","create|attempt_apprentice|accept_ask|unconcious","local_behavior|identity_or_persistence|closure|lifecycle_or_spawn|local_include"
"kungfu/class/tiezhang/qiuqianzhang.c","npc","NPC|F_MASTER","create|attempt_apprentice|accept_fight|accept_ask|unconcious","local_behavior|identity_or_persistence|closure|lifecycle_or_spawn|local_include"
"kungfu/class/ultra/dugu.c","npc","NPC|F_MASTER|F_NOCLONE","create|init|check_weapon|ask_opinion|calc_level|do_congration|accept_hit|accept_fight|accept_kill|unconcious|die|accept_object","local_behavior|identity_or_persistence|closure|lifecycle_or_spawn|local_include"
"kungfu/class/ultra/huang.c","npc","NPC|F_MASTER|F_NOCLONE","create|init|ask_opinion|calc_level|do_congration|accept_hit|accept_fight|accept_kill|unconcious|ask_skill|die|accept_object","local_behavior|identity_or_persistence|closure|lifecycle_or_spawn|local_include"
"kungfu/class/ultra/huoshan.c","npc","NPC|F_MASTER|F_NOCLONE","create|init|ask_opinion|calc_level|do_congration|accept_hit|accept_fight|accept_kill|unconcious|die","local_behavior|identity_or_persistence|closure|lifecycle_or_spawn|local_include"
"kungfu/class/ultra/kuihua.c","npc","NPC|F_MASTER|F_NOCLONE","create|init|ask_opinion|calc_level|do_congration|accept_hit|accept_fight|accept_kill|unconcious|die","local_behavior|identity_or_persistence|closure|lifecycle_or_spawn|local_include"
"kungfu/class/wudang/bagua.c","npc","NPC","create|unconcious","local_behavior|lifecycle_or_spawn"
"kungfu/class/wudang/daotong.c","npc","NPC","create","lifecycle_or_spawn"
"kungfu/class/wudang/famu.c","npc","NPC","create","lifecycle_or_spawn"
"kungfu/class/wudang/guxu.c","npc","NPC|F_MASTER","create|attempt_apprentice|ask_me","local_behavior|identity_or_persistence|closure|lifecycle_or_spawn|local_include"
"kungfu/class/wudang/mingyue.c","npc","NPC","create","lifecycle_or_spawn"
"kungfu/class/wudang/mo.c","npc","NPC|F_MASTER","create|attempt_apprentice|ask_skill1|ask_skill2","local_behavior|identity_or_persistence|closure|lifecycle_or_spawn|local_include"
"kungfu/class/wudang/qingfeng.c","npc","NPC","create","lifecycle_or_spawn"
"kungfu/class/wudang/qingxu.c","npc","NPC","create|ask_me","local_behavior|closure|lifecycle_or_spawn"
"kungfu/class/wudang/shan.c","npc","NPC|F_MASTER|F_GUARDER","create|init|greeting|attempt_apprentice|ask_me","local_behavior|identity_or_persistence|closure|lifecycle_or_spawn|local_include"
"kungfu/class/wudang/shouyuan.c","npc","NPC","create","lifecycle_or_spawn"
"kungfu/class/wudang/song.c","npc","NPC|F_MASTER|F_GUARDER|F_COAGENT","create|attempt_apprentice|ask_skill|ask_book1|ask_book2","local_behavior|identity_or_persistence|closure|lifecycle_or_spawn|local_include"
"kungfu/class/wudang/wuxing.c","npc","NPC","create|unconcious","local_behavior|lifecycle_or_spawn"
"kungfu/class/wudang/xi.c","npc","NPC|F_MASTER|F_GUARDER","create|attempt_apprentice|ask_me","local_behavior|identity_or_persistence|closure|lifecycle_or_spawn|local_include"
"kungfu/class/wudang/xiaosong.c","npc","NPC","create|ask_for_zhou","local_behavior|closure|lifecycle_or_spawn"
"kungfu/class/wudang/yan.c","npc","NPC|F_MASTER","create|init|greeting|attempt_apprentice|unconcious","local_behavior|identity_or_persistence|closure|lifecycle_or_spawn|local_include"
"kungfu/class/wudang/yin.c","npc","NPC|F_MASTER","create|attempt_apprentice|ask_me","local_behavior|identity_or_persistence|closure|lifecycle_or_spawn|local_include"
"kungfu/class/wudang/yu.c","npc","NPC|F_MASTER|F_COAGENT","create|attempt_apprentice|ask_me","local_behavior|identity_or_persistence|closure|lifecycle_or_spawn|local_include"
"kungfu/class/wudang/zhang.c","npc","NPC|F_MASTER|F_QUESTER","create|attempt_apprentice|ask_skill1|ask_skill2|ask_skill3|ask_skill4|ask_skill5|ask_skill6|ask_skill7|ask_skill8|ask_skill9|ask_skill10|ask_skill11|ask_jian|accept_object|ask_jiuyang|try_to_learn_jy|recognize_apprentice|unconcious","local_behavior|identity_or_persistence|closure|lifecycle_or_spawn|local_include"
"kungfu/class/wudang/zhike.c","npc","NPC","create","lifecycle_or_spawn"
"kungfu/class/wudang/zhixiang.c","npc","NPC","create","lifecycle_or_spawn"
"kungfu/class/wudu/cenqisi.c","npc","NPC|F_MASTER","create|attempt_apprentice","local_behavior|identity_or_persistence|lifecycle_or_spawn|local_include"
"kungfu/class/wudu/daoshi.c","npc|merchant","NPC|F_MASTER|F_DEALER","create|init|greeting|attempt_apprentice|ask_me","local_behavior|identity_or_persistence|random|closure|lifecycle_or_spawn|local_include"
"kungfu/class/wudu/hehongyao.c","npc","NPC|F_MASTER|F_GUARDER","create|attempt_apprentice","local_behavior|identity_or_persistence|closure|lifecycle_or_spawn|local_include"
"kungfu/class/wudu/hetieshou.c","npc","NPC|F_MASTER|F_QUESTER|F_COAGENT","create|init|attempt_apprentice|ask_gou|ask_suo|ask_she|ask_skill1|ask_skill2|ask_skill3|ask_skill4|ask_skill5|accept_object|ask_jing|do_show|ask_skill6|unconcious","local_behavior|identity_or_persistence|closure|lifecycle_or_spawn|local_include"
"kungfu/class/wudu/jiaotou.c","npc","NPC|F_MASTER|F_GUARDER","create|attempt_apprentice","local_behavior|identity_or_persistence|lifecycle_or_spawn|local_include"
"kungfu/class/wudu/panxiuda.c","npc","NPC|F_MASTER","create|attempt_apprentice","local_behavior|identity_or_persistence|lifecycle_or_spawn|local_include"
"kungfu/class/wudu/qiyunao.c","npc","NPC|F_MASTER|F_COAGENT","create|attempt_apprentice|accept_object|ask_skill1|ask_skill2|ask_skill3|ask_me","local_behavior|identity_or_persistence|closure|lifecycle_or_spawn|local_include"
"kungfu/class/xiakedao/lisi.c","npc","NPC","create|start_punish|killed_enemy|receive_damage|receive_wound|hit_ob|unconcious|die|scan","local_behavior|random|closure|lifecycle_or_spawn"
"kungfu/class/xiakedao/long.c","npc","NPC","create|init|greeting|ask_zhou|ask_back","local_behavior|random|closure|lifecycle_or_spawn"
"kungfu/class/xiakedao/mu.c","npc","NPC","create|init|greeting|ask_zhou|ask_back","local_behavior|random|closure|lifecycle_or_spawn"
"kungfu/class/xiakedao/shi.c","npc","NPC","create|init|greeting|attempt_apprentice|unconcious","local_behavior|random|closure|lifecycle_or_spawn"
"kungfu/class/xiakedao/zhangsan.c","npc","NPC","create|start_punish|killed_enemy|receive_damage|receive_wound|hit_ob|unconcious|die|scan","local_behavior|random|closure|lifecycle_or_spawn"
"kungfu/class/xiakedao/zhangsan2.c","npc","NPC","create|unconcious|give_ling|reset","local_behavior|closure|lifecycle_or_spawn"
"kungfu/class/xiaoyao/fanbail.c","npc","NPC|F_MASTER","create|attempt_apprentice","local_behavior|identity_or_persistence|closure|lifecycle_or_spawn|local_include"
"kungfu/class/xiaoyao/fengas.c","npc","NPC|F_MASTER","create|attempt_apprentice|ask_item1|ask_item2","local_behavior|identity_or_persistence|random|closure|lifecycle_or_spawn|local_include"
"kungfu/class/xiaoyao/goudu.c","npc","NPC|F_MASTER|F_GUARDER","create|attempt_apprentice|ask_me","local_behavior|identity_or_persistence|random|closure|lifecycle_or_spawn|local_include"
"kungfu/class/xiaoyao/kanggl.c","npc","NPC|F_MASTER|F_COAGENT","create|attempt_apprentice","local_behavior|identity_or_persistence|closure|lifecycle_or_spawn|local_include"
"kungfu/class/xiaoyao/shiqingl.c","npc","NPC|F_MASTER","create|attempt_apprentice","local_behavior|identity_or_persistence|closure|lifecycle_or_spawn|local_include"
"kungfu/class/xiaoyao/suxingh.c","npc","NPC|F_MASTER|F_GUARDER|F_QUESTER","create|attempt_apprentice|permit_pass|ask_skill1|ask_skill2|ask_skill3|unconcious","local_behavior|identity_or_persistence|closure|lifecycle_or_spawn|local_include"
"kungfu/class/xiaoyao/wulingj.c","npc","NPC|F_MASTER","create|attempt_apprentice","local_behavior|identity_or_persistence|closure|lifecycle_or_spawn|local_include"
"kungfu/class/xiaoyao/wuyazi.c","npc","NPC|F_MASTER|F_COAGENT","create|attempt_apprentice|ask_skill1|ask_skill2|ask_skill3|ask_skill4|ask_skill5|ask_skill6|ask_skill7|ask_skill8|ask_zhihuan","local_behavior|identity_or_persistence|random|closure|lifecycle_or_spawn|local_include"
"kungfu/class/xiaoyao/xuemuh.c","npc","NPC|F_MASTER|F_COAGENT","create|attempt_apprentice","local_behavior|identity_or_persistence|closure|lifecycle_or_spawn|local_include"
"kungfu/class/xingxiu/azi.c","npc","NPC","create|attempt_apprentice|accept_kill","local_behavior|closure|lifecycle_or_spawn|local_include"
"kungfu/class/xingxiu/chuchen.c","npc","NPC|F_GUARDER","create|attempt_apprentice","local_behavior|lifecycle_or_spawn"
"kungfu/class/xingxiu/ding.c","npc","NPC|F_MASTER|F_COAGENT|F_QUESTER","create|init|attempt_apprentice|do_flatter|ask_me|ask_du1|ask_du2|ask_xiangliao|reset|unconcious|accept_ask|clear_xiangliao_flag","local_behavior|identity_or_persistence|random|closure|lifecycle_or_spawn|local_include"
"kungfu/class/xingxiu/dizi.c","npc","NPC|F_GUARDER","create","closure|lifecycle_or_spawn"
"kungfu/class/xingxiu/shihou.c","npc","NPC","create|attempt_apprentice","local_behavior|lifecycle_or_spawn|local_include"
"kungfu/class/xingxiu/tianlang.c","npc","NPC","create|attempt_apprentice","local_behavior|lifecycle_or_spawn|local_include"
"kungfu/class/xingxiu/zhaixing.c","npc","NPC|F_MASTER|F_GUARDER","create|attempt_apprentice|ask_me|ask_book|accept_ask|unconcious","local_behavior|identity_or_persistence|closure|lifecycle_or_spawn|local_include"
"kungfu/class/xuanming/bai.c","npc","NPC|F_MASTER|F_COAGENT|F_QUESTER","create|attempt_apprentice|accept_ask|unconcious","local_behavior|identity_or_persistence|closure|lifecycle_or_spawn|local_include"
"kungfu/class/xuanming/he.c","npc","NPC|F_MASTER|F_GUARDER","create|attempt_apprentice|accept_ask|unconcious","local_behavior|identity_or_persistence|closure|lifecycle_or_spawn|local_include"
"kungfu/class/xuanming/lu.c","npc","NPC|F_MASTER|F_GUARDER","create|attempt_apprentice|accept_ask|unconcious","local_behavior|identity_or_persistence|closure|lifecycle_or_spawn|local_include"
"kungfu/class/xuanming/wuwang.c","npc","NPC|F_GUARDER","create|attempt_apprentice|unconcious","local_behavior|closure|lifecycle_or_spawn"
"kungfu/class/xuedao/baoxiang.c","npc","NPC|F_MASTER|F_GUARDER","create|attempt_apprentice|ask_skill1","local_behavior|identity_or_persistence|closure|lifecycle_or_spawn|local_include"
"kungfu/class/xuedao/laozu.c","npc","NPC|F_MASTER|F_QUESTER|F_COAGENT","create|attempt_apprentice|ask_skill1|ask_skill2|ask_skill3|ask_skill4|ask_skill5|ask_skill6|ask_skill7|ask_skill8|ask_skill9|ask_midao|ask_dao|ask_book|accept_object|unconcious","local_behavior|identity_or_persistence|closure|lifecycle_or_spawn|local_include"
"kungfu/class/xuedao/shanyong.c","npc","NPC|F_MASTER|F_GUARDER","create|init|attempt_apprentice|ask_for_join|do_kneel","local_behavior|identity_or_persistence|closure|lifecycle_or_spawn|local_include"
"kungfu/class/xuedao/shengdi.c","npc","NPC|F_MASTER|F_GUARDER","create|attempt_apprentice|ask_skill1","local_behavior|identity_or_persistence|closure|lifecycle_or_spawn|local_include"
"kungfu/class/xueshan/daerba.c","npc","NPC|F_MASTER","create|attempt_apprentice|ask_skill1|ask_skill2","local_behavior|identity_or_persistence|closure|lifecycle_or_spawn|local_include"
"kungfu/class/xueshan/fawang.c","npc","NPC|F_MASTER|F_QUESTER|F_COAGENT","create|attempt_apprentice|ask_skill1|ask_skill2|ask_skill3|ask_skill4|ask_skill5|ask_skill6|ask_skill7|ask_skill8|ask_skill9|ask_skill10|ask_midao|ask_lun|unconcious","local_behavior|identity_or_persistence|closure|lifecycle_or_spawn|local_include"
"kungfu/class/xueshan/gelunbu.c","npc","NPC|F_MASTER|F_GUARDER","create|attempt_apprentice","local_behavior|identity_or_persistence|closure|lifecycle_or_spawn|local_include"
"kungfu/class/xueshan/huodu.c","npc","NPC|F_MASTER","create|attempt_apprentice|ask_skill1","local_behavior|identity_or_persistence|closure|lifecycle_or_spawn|local_include"
"kungfu/class/xueshan/jiamu.c","npc","NPC|F_MASTER","create|attempt_apprentice","local_behavior|identity_or_persistence|closure|lifecycle_or_spawn|local_include"
"kungfu/class/xueshan/lazhang.c","npc","NPC|F_MASTER","create|attempt_apprentice","local_behavior|identity_or_persistence|closure|lifecycle_or_spawn|local_include"
"kungfu/class/xueshan/samu.c","npc","NPC|F_MASTER","create|attempt_apprentice","local_behavior|identity_or_persistence|closure|lifecycle_or_spawn|local_include"
"kungfu/class/yunlong/chen.c","npc","NPC|F_MASTER|F_QUESTER","create|init|ask_tuihui|ask_me|unconcious","local_behavior|identity_or_persistence|closure|lifecycle_or_spawn|local_include"
"kungfu/class/yunlong/ma.c","npc","NPC|F_MASTER","create|init|greeting|reset","local_behavior|identity_or_persistence|random|closure|lifecycle_or_spawn|local_include"
"kungfu/class/yunlong/xuanzhen.c","npc","NPC|F_MASTER","create|init","local_behavior|identity_or_persistence|closure|lifecycle_or_spawn|local_include"
"kungfu/class/zhenyuan/daiyongming.c","npc","NPC|F_MASTER","create|attempt_apprentice","local_behavior|identity_or_persistence|lifecycle_or_spawn|local_include"
"kungfu/class/zhenyuan/tongzhaohe.c","npc","NPC|F_MASTER|F_GUARDER","create|attempt_apprentice","local_behavior|identity_or_persistence|lifecycle_or_spawn|local_include"
"kungfu/class/zhenyuan/wangjianjie.c","npc","NPC|F_MASTER|F_QUESTER|F_GUARDER","create|attempt_apprentice|ask_skill1|ask_skill2|ask_skill3|unconcious","local_behavior|identity_or_persistence|closure|lifecycle_or_spawn|local_include"
"kungfu/class/zhenyuan/wangjianying.c","npc","NPC|F_MASTER","create|attempt_apprentice|ask_skill1|ask_skill2","local_behavior|identity_or_persistence|closure|lifecycle_or_spawn|local_include"
"kungfu/class/zhenyuan/wangweiyang.c","npc","NPC|F_MASTER|F_COAGENT","create|accept_fight|attempt_apprentice|ask_skill1|ask_skill2|ask_skill3|ask_skill4|ask_skill5|ask_skill6|ask_skill7|ask_dao|accept_object","local_behavior|identity_or_persistence|closure|lifecycle_or_spawn|local_include"
"world/area/1/town.c","unclassified_review","AREA","create","create_only_review"
"world/area/1/wild.c","unclassified_review","AREA","create","create_only_review"
"world/area/world.c","unclassified_review","AREA","create","create_only_review"
"world/builds/area_build_example.c","unclassified_review","","isAreaBuilding|getAreaSize|getCheckPointsPosition|getCheckPoints|toOccupy|getWall|getSample|getStyleCount|getStyle|getTitleLength|getTitlePosition|getExitPosition|getBuilding|postCondition","local_behavior|random"
"world/builds/room_build_example.c","unclassified_review","","isRoomBuilding|getCheckPointsPosition|getCheckPoints|toOccupy|getWall|getSample|getStyleCount|getStyle|getTitleLength|getTitlePosition|getExitPosition|postCondition","local_behavior|random"
"world/builds/well_build_example.c","unclassified_review","","isRoomBuilding|getName|getCheckPointsPosition|getCheckPoints|toOccupy|getWall|getSample|getStyleCount|getStyle|getTitleLength|getTitlePosition|getExitPosition|postCondition","local_behavior|random"
